ISO-10303-21;
HEADER;
FILE_DESCRIPTION (( 'STEP AP214' ),
    '1' );
FILE_NAME ('CX1612DB48000D0FPJC1.STEP',
    '2024-10-30T05:12:56',
    ( '' ),
    ( '' ),
    'SwSTEP 2.0',
    'SolidWorks 2024',
    '' );
FILE_SCHEMA (( 'AUTOMOTIVE_DESIGN' ));
ENDSEC;

DATA;
#1 = DIRECTION ( 'NONE',  ( 0.000000000000000000, 0.000000000000000000, -1.000000000000000000 ) ) ;
#2 = CIRCLE ( 'NONE', #120, 0.05000000000000002359 ) ;
#3 = EDGE_LOOP ( 'NONE', ( #1217, #2432, #1891, #1169, #837, #1228, #838, #82 ) ) ;
#4 = EDGE_CURVE ( 'NONE', #2425, #2019, #916, .T. ) ;
#5 = ORIENTED_EDGE ( 'NONE', *, *, #1225, .F. ) ;
#6 = SURFACE_STYLE_USAGE ( .BOTH. , #1360 ) ;
#7 = PRESENTATION_STYLE_ASSIGNMENT (( #1014 ) ) ;
#8 = VERTEX_POINT ( 'NONE', #1870 ) ;
#9 = VECTOR ( 'NONE', #2136, 1000.000000000000000 ) ;
#10 = DIRECTION ( 'NONE',  ( 0.000000000000000000, 0.000000000000000000, 1.000000000000000000 ) ) ;
#11 = CARTESIAN_POINT ( 'NONE',  ( -0.6999999999999998446, 0.1199999999999999956, -0.5999999999999998668 ) ) ;
#12 = PRESENTATION_STYLE_ASSIGNMENT (( #2338 ) ) ;
#13 = PRESENTATION_STYLE_ASSIGNMENT (( #423 ) ) ;
#14 = VERTEX_POINT ( 'NONE', #1472 ) ;
#15 = ADVANCED_FACE ( 'NONE', ( #2278 ), #127, .T. ) ;
#16 =( NAMED_UNIT ( * ) SI_UNIT ( $, .STERADIAN. ) SOLID_ANGLE_UNIT ( ) );
#17 = ORIENTED_EDGE ( 'NONE', *, *, #1274, .T. ) ;
#18 = PLANE ( 'NONE',  #2508 ) ;
#19 = LINE ( 'NONE', #72, #989 ) ;
#20 = SURFACE_STYLE_USAGE ( .BOTH. , #1953 ) ;
#21 = ORIENTED_EDGE ( 'NONE', *, *, #2180, .F. ) ;
#22 = LINE ( 'NONE', #1571, #1627 ) ;
#23 =( LENGTH_UNIT ( ) NAMED_UNIT ( * ) SI_UNIT ( .MILLI., .METRE. ) );
#24 = VERTEX_POINT ( 'NONE', #187 ) ;
#25 = MECHANICAL_DESIGN_GEOMETRIC_PRESENTATION_REPRESENTATION (  '', ( #1220 ), #1804 ) ;
#26 = CARTESIAN_POINT ( 'NONE',  ( -0.6500000000000001332, 0.3300000000000000711, -0.4999999999999997780 ) ) ;
#27 = EDGE_CURVE ( 'NONE', #1701, #870, #909, .T. ) ;
#28 = PRESENTATION_STYLE_ASSIGNMENT (( #6 ) ) ;
#29 = CIRCLE ( 'NONE', #2307, 0.05000000000000002359 ) ;
#30 = DIRECTION ( 'NONE',  ( 1.000000000000000000, 0.000000000000000000, 1.084202172485504434E-16 ) ) ;
#31 = MECHANICAL_DESIGN_GEOMETRIC_PRESENTATION_REPRESENTATION (  '', ( #1447 ), #696 ) ;
#32 = SURFACE_STYLE_FILL_AREA ( #769 ) ;
#33 = ORIENTED_EDGE ( 'NONE', *, *, #1741, .T. ) ;
#34 = ADVANCED_FACE ( 'NONE', ( #1539 ), #2353, .T. ) ;
#35 = LINE ( 'NONE', #2174, #2276 ) ;
#36 =( LENGTH_UNIT ( ) NAMED_UNIT ( * ) SI_UNIT ( .MILLI., .METRE. ) );
#37 =( GEOMETRIC_REPRESENTATION_CONTEXT ( 3 ) GLOBAL_UNCERTAINTY_ASSIGNED_CONTEXT ( ( #1554 ) ) GLOBAL_UNIT_ASSIGNED_CONTEXT ( ( #71, #477, #1060 ) ) REPRESENTATION_CONTEXT ( 'NONE', 'WORKASPACE' ) );
#38 = UNCERTAINTY_MEASURE_WITH_UNIT (LENGTH_MEASURE( 1.000000000000000082E-05 ), #1801, 'distance_accuracy_value', 'NONE');
#39 = LINE ( 'NONE', #2369, #1337 ) ;
#40 = VERTEX_POINT ( 'NONE', #1166 ) ;
#41 = DIRECTION ( 'NONE',  ( 0.000000000000000000, 0.000000000000000000, -1.000000000000000000 ) ) ;
#42 = ORIENTED_EDGE ( 'NONE', *, *, #138, .F. ) ;
#43 = LINE ( 'NONE', #1533, #2058 ) ;
#44 = PRESENTATION_STYLE_ASSIGNMENT (( #209 ) ) ;
#45 =( GEOMETRIC_REPRESENTATION_CONTEXT ( 3 ) GLOBAL_UNCERTAINTY_ASSIGNED_CONTEXT ( ( #440 ) ) GLOBAL_UNIT_ASSIGNED_CONTEXT ( ( #36, #790, #953 ) ) REPRESENTATION_CONTEXT ( 'NONE', 'WORKASPACE' ) );
#46 = DIRECTION ( 'NONE',  ( 4.065758146820640148E-16, -0.000000000000000000, -1.000000000000000000 ) ) ;
#47 = ORIENTED_EDGE ( 'NONE', *, *, #1850, .T. ) ;
#48 = MECHANICAL_DESIGN_GEOMETRIC_PRESENTATION_REPRESENTATION (  '', ( #1128 ), #316 ) ;
#49 = LINE ( 'NONE', #1510, #1370 ) ;
#50 = EDGE_CURVE ( 'NONE', #2019, #1664, #1367, .T. ) ;
#51 = EDGE_CURVE ( 'NONE', #1124, #1581, #2358, .T. ) ;
#52 = CARTESIAN_POINT ( 'NONE',  ( -0.8000000000000000444, 0.2800000000000000266, 0.5999999999999999778 ) ) ;
#53 = DIRECTION ( 'NONE',  ( -0.000000000000000000, 0.000000000000000000, 1.000000000000000000 ) ) ;
#54 = SURFACE_SIDE_STYLE ('',( #244 ) ) ;
#55 = DIRECTION ( 'NONE',  ( 1.355252715606880049E-16, 0.000000000000000000, 1.000000000000000000 ) ) ;
#56 = AXIS2_PLACEMENT_3D ( 'NONE', #425, #1799, #584 ) ;
#57 = DIRECTION ( 'NONE',  ( 0.000000000000000000, 0.000000000000000000, 1.000000000000000000 ) ) ;
#58 = VERTEX_POINT ( 'NONE', #2510 ) ;
#59 = VECTOR ( 'NONE', #2392, 1000.000000000000000 ) ;
#60 =( NAMED_UNIT ( * ) PLANE_ANGLE_UNIT ( ) SI_UNIT ( $, .RADIAN. ) );
#61 = VECTOR ( 'NONE', #1427, 1000.000000000000000 ) ;
#62 = CARTESIAN_POINT ( 'NONE',  ( 0.6499999999999994671, 0.2800000000000000266, 0.5499999999999998224 ) ) ;
#63 = DIRECTION ( 'NONE',  ( -2.339680872163052390E-16, 0.000000000000000000, -1.000000000000000000 ) ) ;
#64 = CARTESIAN_POINT ( 'NONE',  ( -0.7500000000000002220, 0.1199999999999999956, 0.1499999999999998557 ) ) ;
#65 = EDGE_CURVE ( 'NONE', #627, #448, #2, .T. ) ;
#66 = ORIENTED_EDGE ( 'NONE', *, *, #742, .F. ) ;
#67 = DIRECTION ( 'NONE',  ( 0.000000000000000000, -1.000000000000000000, 0.000000000000000000 ) ) ;
#68 = DIRECTION ( 'NONE',  ( 1.000000000000000000, 0.000000000000000000, 0.000000000000000000 ) ) ;
#69 = SURFACE_STYLE_USAGE ( .BOTH. , #1978 ) ;
#70 = SURFACE_STYLE_USAGE ( .BOTH. , #54 ) ;
#71 =( LENGTH_UNIT ( ) NAMED_UNIT ( * ) SI_UNIT ( .MILLI., .METRE. ) );
#72 = CARTESIAN_POINT ( 'NONE',  ( -0.8000000000000000444, 0.000000000000000000, 0.5499999999999998224 ) ) ;
#73 = CARTESIAN_POINT ( 'NONE',  ( 0.6500000000000001332, 0.2800000000000000266, 0.4499999999999998446 ) ) ;
#74 = AXIS2_PLACEMENT_3D ( 'NONE', #2309, #545, #764 ) ;
#75 = ORIENTED_EDGE ( 'NONE', *, *, #2385, .T. ) ;
#76 = CARTESIAN_POINT ( 'NONE',  ( -0.7500000000000002220, -0.004000000000000000083, 0.1499999999999998557 ) ) ;
#77 = PRESENTATION_LAYER_ASSIGNMENT (  '', '', ( #819 ) ) ;
#78 = STYLED_ITEM ( 'NONE', ( #2296 ), #961 ) ;
#79 =( NAMED_UNIT ( * ) PLANE_ANGLE_UNIT ( ) SI_UNIT ( $, .RADIAN. ) );
#80 = ORIENTED_EDGE ( 'NONE', *, *, #138, .T. ) ;
#81 = SURFACE_STYLE_FILL_AREA ( #124 ) ;
#82 = ORIENTED_EDGE ( 'NONE', *, *, #2496, .F. ) ;
#83 =( GEOMETRIC_REPRESENTATION_CONTEXT ( 3 ) GLOBAL_UNCERTAINTY_ASSIGNED_CONTEXT ( ( #411 ) ) GLOBAL_UNIT_ASSIGNED_CONTEXT ( ( #1815, #2104, #356 ) ) REPRESENTATION_CONTEXT ( 'NONE', 'WORKASPACE' ) );
#84 = CARTESIAN_POINT ( 'NONE',  ( -0.8000000000000000444, -0.004000000000000000083, -0.5999999999999998668 ) ) ;
#85 = MECHANICAL_DESIGN_GEOMETRIC_PRESENTATION_REPRESENTATION (  '', ( #2102 ), #548 ) ;
#86 = EDGE_CURVE ( 'NONE', #204, #1609, #1408, .T. ) ;
#87 = EDGE_CURVE ( 'NONE', #1717, #2160, #552, .T. ) ;
#88 = VECTOR ( 'NONE', #1331, 1000.000000000000000 ) ;
#89 =( NAMED_UNIT ( * ) SI_UNIT ( $, .STERADIAN. ) SOLID_ANGLE_UNIT ( ) );
#90 = ORIENTED_EDGE ( 'NONE', *, *, #1314, .T. ) ;
#91 = DIRECTION ( 'NONE',  ( -7.589415207398527883E-15, 0.000000000000000000, 1.000000000000000000 ) ) ;
#92 = CARTESIAN_POINT ( 'NONE',  ( -0.7133974596215559849, -0.004000000000000000083, -0.5500000000000000444 ) ) ;
#93 =( NAMED_UNIT ( * ) PLANE_ANGLE_UNIT ( ) SI_UNIT ( $, .RADIAN. ) );
#94 = COLOUR_RGB ( '',0.6470588235294117974, 0.5176470588235293491, 0.000000000000000000 ) ;
#95 = CARTESIAN_POINT ( 'NONE',  ( 0.7000000000000000666, 0.2800000000000000266, 0.4499999999999991229 ) ) ;
#96 = DIRECTION ( 'NONE',  ( 0.000000000000000000, -1.000000000000000000, 0.000000000000000000 ) ) ;
#97 = EDGE_CURVE ( 'NONE', #262, #1903, #1378, .T. ) ;
#98 = EDGE_LOOP ( 'NONE', ( #1055, #2387, #1045, #734, #732, #374, #844, #1651, #1803 ) ) ;
#99 = ORIENTED_EDGE ( 'NONE', *, *, #393, .F. ) ;
#100 = PRESENTATION_STYLE_ASSIGNMENT (( #1593 ) ) ;
#101 = CARTESIAN_POINT ( 'NONE',  ( 0.7500000000000000000, 0.1199999999999999956, -0.5133974596215555852 ) ) ;
#102 = ORIENTED_EDGE ( 'NONE', *, *, #609, .T. ) ;
#103 = CARTESIAN_POINT ( 'NONE',  ( 0.7999999999999999334, -0.004000000000000000083, -0.4999999999999995559 ) ) ;
#104 = DIRECTION ( 'NONE',  ( 0.000000000000000000, 0.000000000000000000, 1.000000000000000000 ) ) ;
#105 = SURFACE_STYLE_USAGE ( .BOTH. , #673 ) ;
#106 =( LENGTH_UNIT ( ) NAMED_UNIT ( * ) SI_UNIT ( .MILLI., .METRE. ) );
#107 = VERTEX_POINT ( 'NONE', #985 ) ;
#108 = EDGE_CURVE ( 'NONE', #177, #216, #1774, .T. ) ;
#109 = LINE ( 'NONE', #1054, #1212 ) ;
#110 = ORIENTED_EDGE ( 'NONE', *, *, #855, .T. ) ;
#111 = AXIS2_PLACEMENT_3D ( 'NONE', #2409, #652, #1829 ) ;
#112 = CARTESIAN_POINT ( 'NONE',  ( 0.7500000000000000000, 0.1199999999999999956, -0.1499999999999997446 ) ) ;
#113 = EDGE_CURVE ( 'NONE', #1680, #1717, #35, .T. ) ;
#114 = AXIS2_PLACEMENT_3D ( 'NONE', #939, #2287, #1892 ) ;
#115 = SURFACE_SIDE_STYLE ('',( #509 ) ) ;
#116 = ORIENTED_EDGE ( 'NONE', *, *, #1972, .F. ) ;
#117 = SURFACE_STYLE_FILL_AREA ( #344 ) ;
#118 = STYLED_ITEM ( 'NONE', ( #373 ), #498 ) ;
#119 =( LENGTH_UNIT ( ) NAMED_UNIT ( * ) SI_UNIT ( .MILLI., .METRE. ) );
#120 = AXIS2_PLACEMENT_3D ( 'NONE', #1552, #2317, #1356 ) ;
#121 = FACE_OUTER_BOUND ( 'NONE', #2177, .T. ) ;
#122 = VERTEX_POINT ( 'NONE', #231 ) ;
#123 = AXIS2_PLACEMENT_3D ( 'NONE', #1022, #2407, #53 ) ;
#124 = FILL_AREA_STYLE ('',( #1671 ) ) ;
#125 = EDGE_CURVE ( 'NONE', #1807, #2512, #996, .T. ) ;
#126 = ADVANCED_FACE ( 'NONE', ( #370 ), #1152, .T. ) ;
#127 = PLANE ( 'NONE',  #1856 ) ;
#128 = VECTOR ( 'NONE', #194, 1000.000000000000000 ) ;
#129 = CARTESIAN_POINT ( 'NONE',  ( 0.2500000000000000000, 0.000000000000000000, -0.5499999999999998224 ) ) ;
#130 = ORIENTED_EDGE ( 'NONE', *, *, #2384, .F. ) ;
#131 = LINE ( 'NONE', #1294, #1658 ) ;
#132 = EDGE_CURVE ( 'NONE', #972, #1954, #2214, .T. ) ;
#133 =( NAMED_UNIT ( * ) PLANE_ANGLE_UNIT ( ) SI_UNIT ( $, .RADIAN. ) );
#134 = DIRECTION ( 'NONE',  ( 0.000000000000000000, 0.000000000000000000, 1.000000000000000000 ) ) ;
#135 = ORIENTED_EDGE ( 'NONE', *, *, #2106, .F. ) ;
#136 = COLOUR_RGB ( '',0.6470588235294117974, 0.5176470588235293491, 0.000000000000000000 ) ;
#137 = VECTOR ( 'NONE', #657, 1000.000000000000000 ) ;
#138 = EDGE_CURVE ( 'NONE', #1234, #1577, #815, .T. ) ;
#139 = CARTESIAN_POINT ( 'NONE',  ( -0.2500000000000002776, 0.1199999999999999956, 0.1499999999999998557 ) ) ;
#140 = SURFACE_SIDE_STYLE ('',( #1708 ) ) ;
#141 = EDGE_LOOP ( 'NONE', ( #570, #1592, #967, #1626 ) ) ;
#142 = SURFACE_STYLE_USAGE ( .BOTH. , #1847 ) ;
#143 = VERTEX_POINT ( 'NONE', #1832 ) ;
#144 = FACE_OUTER_BOUND ( 'NONE', #518, .T. ) ;
#145 = LINE ( 'NONE', #346, #1354 ) ;
#146 = FILL_AREA_STYLE ('',( #2453 ) ) ;
#147 = EDGE_LOOP ( 'NONE', ( #2305, #840, #2339, #2156 ) ) ;
#148 = PRESENTATION_LAYER_ASSIGNMENT (  '', '', ( #1224 ) ) ;
#149 = AXIS2_PLACEMENT_3D ( 'NONE', #1817, #2245, #2090 ) ;
#150 = AXIS2_PLACEMENT_3D ( 'NONE', #923, #1888, #1715 ) ;
#151 = FILL_AREA_STYLE_COLOUR ( '', #1805 ) ;
#152 = STYLED_ITEM ( 'NONE', ( #1706 ), #1320 ) ;
#153 = ORIENTED_EDGE ( 'NONE', *, *, #1640, .F. ) ;
#154 = VECTOR ( 'NONE', #245, 1000.000000000000000 ) ;
#155 =( NAMED_UNIT ( * ) PLANE_ANGLE_UNIT ( ) SI_UNIT ( $, .RADIAN. ) );
#156 = EDGE_CURVE ( 'NONE', #1709, #506, #1787, .T. ) ;
#157 = STYLED_ITEM ( 'NONE', ( #1543 ), #530 ) ;
#158 =( NAMED_UNIT ( * ) SI_UNIT ( $, .STERADIAN. ) SOLID_ANGLE_UNIT ( ) );
#159 = ORIENTED_EDGE ( 'NONE', *, *, #329, .F. ) ;
#160 = COLOUR_RGB ( '',0.6470588235294117974, 0.5176470588235293491, 0.000000000000000000 ) ;
#161 = FILL_AREA_STYLE ('',( #1137 ) ) ;
#162 = CIRCLE ( 'NONE', #2233, 0.05000000000000002359 ) ;
#163 = DIRECTION ( 'NONE',  ( -1.000000000000000000, 0.000000000000000000, -0.000000000000000000 ) ) ;
#164 = DIRECTION ( 'NONE',  ( 0.000000000000000000, -1.000000000000000000, 0.000000000000000000 ) ) ;
#165 = ORIENTED_EDGE ( 'NONE', *, *, #1691, .F. ) ;
#166 = SURFACE_STYLE_USAGE ( .BOTH. , #1897 ) ;
#167 = EDGE_LOOP ( 'NONE', ( #1407, #47, #1796, #2454, #2125, #1746, #1635, #2448, #390, #2056, #618, #2393 ) ) ;
#168 = EDGE_CURVE ( 'NONE', #177, #879, #841, .T. ) ;
#169 =( GEOMETRIC_REPRESENTATION_CONTEXT ( 3 ) GLOBAL_UNCERTAINTY_ASSIGNED_CONTEXT ( ( #832 ) ) GLOBAL_UNIT_ASSIGNED_CONTEXT ( ( #2495, #1718, #183 ) ) REPRESENTATION_CONTEXT ( 'NONE', 'WORKASPACE' ) );
#170 = PLANE ( 'NONE',  #150 ) ;
#171 = CARTESIAN_POINT ( 'NONE',  ( 0.6500000000000001332, 0.2800000000000000266, -0.4499999999999999556 ) ) ;
#172 = VERTEX_POINT ( 'NONE', #2237 ) ;
#173 = MECHANICAL_DESIGN_GEOMETRIC_PRESENTATION_REPRESENTATION (  '', ( #1457 ), #801 ) ;
#174 =( GEOMETRIC_REPRESENTATION_CONTEXT ( 3 ) GLOBAL_UNCERTAINTY_ASSIGNED_CONTEXT ( ( #1317 ) ) GLOBAL_UNIT_ASSIGNED_CONTEXT ( ( #630, #79, #261 ) ) REPRESENTATION_CONTEXT ( 'NONE', 'WORKASPACE' ) );
#175 =( NAMED_UNIT ( * ) SI_UNIT ( $, .STERADIAN. ) SOLID_ANGLE_UNIT ( ) );
#176 = AXIS2_PLACEMENT_3D ( 'NONE', #376, #1030, #1624 ) ;
#177 = VERTEX_POINT ( 'NONE', #1631 ) ;
#178 =( NAMED_UNIT ( * ) SI_UNIT ( $, .STERADIAN. ) SOLID_ANGLE_UNIT ( ) );
#179 = ORIENTED_EDGE ( 'NONE', *, *, #1527, .F. ) ;
#180 = SURFACE_STYLE_USAGE ( .BOTH. , #976 ) ;
#181 = DIRECTION ( 'NONE',  ( -0.000000000000000000, 1.000000000000000000, -0.000000000000000000 ) ) ;
#182 = DIRECTION ( 'NONE',  ( 0.000000000000000000, -1.000000000000000000, 0.000000000000000000 ) ) ;
#183 =( NAMED_UNIT ( * ) SI_UNIT ( $, .STERADIAN. ) SOLID_ANGLE_UNIT ( ) );
#184 = AXIS2_PLACEMENT_3D ( 'NONE', #1279, #535, #1849 ) ;
#185 = PRESENTATION_LAYER_ASSIGNMENT (  '', '', ( #1222 ) ) ;
#186 = FACE_OUTER_BOUND ( 'NONE', #167, .T. ) ;
#187 = CARTESIAN_POINT ( 'NONE',  ( -0.8000000000000000444, 0.000000000000000000, 0.4999999999999996669 ) ) ;
#188 = AXIS2_PLACEMENT_3D ( 'NONE', #1419, #2036, #1629 ) ;
#189 = EDGE_LOOP ( 'NONE', ( #555, #1108, #90, #1444, #1721, #1507, #2334, #230 ) ) ;
#190 = VECTOR ( 'NONE', #1325, 1000.000000000000000 ) ;
#191 = CARTESIAN_POINT ( 'NONE',  ( 0.7500000000000000000, -0.004000000000000000083, 0.1499999999999999667 ) ) ;
#192 = ORIENTED_EDGE ( 'NONE', *, *, #1952, .T. ) ;
#193 = PRESENTATION_STYLE_ASSIGNMENT (( #1802 ) ) ;
#194 = DIRECTION ( 'NONE',  ( 0.000000000000000000, -1.000000000000000000, 0.000000000000000000 ) ) ;
#195 = PRESENTATION_STYLE_ASSIGNMENT (( #561 ) ) ;
#196 = VECTOR ( 'NONE', #649, 1000.000000000000000 ) ;
#197 = PRESENTATION_LAYER_ASSIGNMENT (  '', '', ( #514 ) ) ;
#198 = SURFACE_SIDE_STYLE ('',( #579 ) ) ;
#199 = SURFACE_STYLE_FILL_AREA ( #1937 ) ;
#200 =( NAMED_UNIT ( * ) PLANE_ANGLE_UNIT ( ) SI_UNIT ( $, .RADIAN. ) );
#201 = ADVANCED_FACE ( 'NONE', ( #621 ), #784, .T. ) ;
#202 = EDGE_LOOP ( 'NONE', ( #2494, #1204, #1998, #2489 ) ) ;
#203 = DIRECTION ( 'NONE',  ( 0.000000000000000000, -0.000000000000000000, -1.000000000000000000 ) ) ;
#204 = VERTEX_POINT ( 'NONE', #265 ) ;
#205 =( NAMED_UNIT ( * ) PLANE_ANGLE_UNIT ( ) SI_UNIT ( $, .RADIAN. ) );
#206 = SURFACE_STYLE_USAGE ( .BOTH. , #1942 ) ;
#207 = ORIENTED_EDGE ( 'NONE', *, *, #1713, .T. ) ;
#208 = PRESENTATION_LAYER_ASSIGNMENT (  '', '', ( #2161 ) ) ;
#209 = SURFACE_STYLE_USAGE ( .BOTH. , #948 ) ;
#210 = EDGE_CURVE ( 'NONE', #1639, #387, #907, .T. ) ;
#211 = UNCERTAINTY_MEASURE_WITH_UNIT (LENGTH_MEASURE( 1.000000000000000082E-05 ), #852, 'distance_accuracy_value', 'NONE');
#212 = EDGE_LOOP ( 'NONE', ( #1861, #2165, #1990, #721 ) ) ;
#213 = STYLED_ITEM ( 'NONE', ( #700 ), #2212 ) ;
#214 = CARTESIAN_POINT ( 'NONE',  ( 0.7500000000000000000, -0.004000000000000000083, -0.1499999999999997446 ) ) ;
#215 = FACE_OUTER_BOUND ( 'NONE', #661, .T. ) ;
#216 = VERTEX_POINT ( 'NONE', #273 ) ;
#217 =( NAMED_UNIT ( * ) PLANE_ANGLE_UNIT ( ) SI_UNIT ( $, .RADIAN. ) );
#218 = PRESENTATION_STYLE_ASSIGNMENT (( #20 ) ) ;
#219 = ORIENTED_EDGE ( 'NONE', *, *, #156, .T. ) ;
#220 = DIRECTION ( 'NONE',  ( 1.000000000000000000, 0.000000000000000000, 0.000000000000000000 ) ) ;
#221 = EDGE_LOOP ( 'NONE', ( #694, #159, #1933, #2475 ) ) ;
#222 = LINE ( 'NONE', #1358, #1818 ) ;
#223 = VERTEX_POINT ( 'NONE', #92 ) ;
#224 = CIRCLE ( 'NONE', #111, 0.09999999999999999167 ) ;
#225 = CIRCLE ( 'NONE', #2429, 0.05000000000000002359 ) ;
#226 = EDGE_CURVE ( 'NONE', #2154, #2498, #1395, .T. ) ;
#227 = FILL_AREA_STYLE ('',( #1183 ) ) ;
#228 = PRODUCT_RELATED_PRODUCT_CATEGORY ( 'part', '', ( #2450 ) ) ;
#229 =( LENGTH_UNIT ( ) NAMED_UNIT ( * ) SI_UNIT ( .MILLI., .METRE. ) );
#230 = ORIENTED_EDGE ( 'NONE', *, *, #1240, .T. ) ;
#231 = CARTESIAN_POINT ( 'NONE',  ( 0.7500000000000001110, 0.2800000000000000266, -0.4499999999999992339 ) ) ;
#232 = CARTESIAN_POINT ( 'NONE',  ( 0.7500000000000000000, -0.004000000000000000083, -0.1499999999999997446 ) ) ;
#233 = PRESENTATION_LAYER_ASSIGNMENT (  '', '', ( #1075 ) ) ;
#234 = UNCERTAINTY_MEASURE_WITH_UNIT (LENGTH_MEASURE( 1.000000000000000082E-05 ), #2403, 'distance_accuracy_value', 'NONE');
#235 = ORIENTED_EDGE ( 'NONE', *, *, #210, .F. ) ;
#236 = EDGE_CURVE ( 'NONE', #310, #387, #2097, .T. ) ;
#237 = VERTEX_POINT ( 'NONE', #668 ) ;
#238 = ORIENTED_EDGE ( 'NONE', *, *, #2335, .F. ) ;
#239 = CIRCLE ( 'NONE', #357, 0.04750000000000001443 ) ;
#240 = DIRECTION ( 'NONE',  ( -1.000000000000000000, 0.000000000000000000, 0.000000000000000000 ) ) ;
#241 = DIRECTION ( 'NONE',  ( 0.000000000000000000, -0.000000000000000000, 1.000000000000000000 ) ) ;
#242 = FILL_AREA_STYLE ('',( #1199 ) ) ;
#243 = CARTESIAN_POINT ( 'NONE',  ( -0.7133974596215559849, 0.1199999999999999956, 0.5500000000000000444 ) ) ;
#244 = SURFACE_STYLE_FILL_AREA ( #1938 ) ;
#245 = DIRECTION ( 'NONE',  ( -0.000000000000000000, 1.000000000000000000, -0.000000000000000000 ) ) ;
#246 = DIRECTION ( 'NONE',  ( 0.000000000000000000, 0.000000000000000000, 1.000000000000000000 ) ) ;
#247 = SURFACE_STYLE_FILL_AREA ( #1015 ) ;
#248 = ORIENTED_EDGE ( 'NONE', *, *, #264, .F. ) ;
#249 = AXIS2_PLACEMENT_3D ( 'NONE', #2501, #1506, #2285 ) ;
#250 = CIRCLE ( 'NONE', #2458, 0.09999999999999999167 ) ;
#251 = LINE ( 'NONE', #1608, #1134 ) ;
#252 = ORIENTED_EDGE ( 'NONE', *, *, #1383, .F. ) ;
#253 = FILL_AREA_STYLE_COLOUR ( '', #1973 ) ;
#254 = PRESENTATION_STYLE_ASSIGNMENT (( #453 ) ) ;
#255 = UNCERTAINTY_MEASURE_WITH_UNIT (LENGTH_MEASURE( 1.000000000000000082E-05 ), #297, 'distance_accuracy_value', 'NONE');
#256 = LINE ( 'NONE', #1834, #1572 ) ;
#257 = FILL_AREA_STYLE_COLOUR ( '', #1772 ) ;
#258 = DIRECTION ( 'NONE',  ( 1.000000000000000000, 0.000000000000000000, -1.355252715606880049E-16 ) ) ;
#259 = EDGE_LOOP ( 'NONE', ( #429, #1357, #2434, #1521 ) ) ;
#260 = LINE ( 'NONE', #1230, #292 ) ;
#261 =( NAMED_UNIT ( * ) SI_UNIT ( $, .STERADIAN. ) SOLID_ANGLE_UNIT ( ) );
#262 = VERTEX_POINT ( 'NONE', #1446 ) ;
#263 =( LENGTH_UNIT ( ) NAMED_UNIT ( * ) SI_UNIT ( .MILLI., .METRE. ) );
#264 = EDGE_CURVE ( 'NONE', #328, #2498, #1409, .T. ) ;
#265 = CARTESIAN_POINT ( 'NONE',  ( -0.7500000000000001110, 0.1199999999999999956, 0.5999999999999999778 ) ) ;
#266 =( LENGTH_UNIT ( ) NAMED_UNIT ( * ) SI_UNIT ( .MILLI., .METRE. ) );
#267 = DIRECTION ( 'NONE',  ( 0.000000000000000000, -1.000000000000000000, 0.000000000000000000 ) ) ;
#268 = ORIENTED_EDGE ( 'NONE', *, *, #938, .F. ) ;
#269 = AXIS2_PLACEMENT_3D ( 'NONE', #1968, #91, #2380 ) ;
#270 = FILL_AREA_STYLE_COLOUR ( '', #982 ) ;
#271 = EDGE_CURVE ( 'NONE', #1903, #808, #1073, .T. ) ;
#272 = ORIENTED_EDGE ( 'NONE', *, *, #65, .F. ) ;
#273 = CARTESIAN_POINT ( 'NONE',  ( 0.7500000000000000000, 0.1199999999999999956, 0.5999999999999999778 ) ) ;
#274 = FACE_OUTER_BOUND ( 'NONE', #295, .T. ) ;
#275 = CIRCLE ( 'NONE', #404, 0.04750000000000001443 ) ;
#276 = ADVANCED_FACE ( 'NONE', ( #1994 ), #284, .T. ) ;
#277 = PRESENTATION_STYLE_ASSIGNMENT (( #105 ) ) ;
#278 = SURFACE_SIDE_STYLE ('',( #487 ) ) ;
#279 = ORIENTED_EDGE ( 'NONE', *, *, #1065, .F. ) ;
#280 = DIRECTION ( 'NONE',  ( -0.000000000000000000, 1.000000000000000000, 0.000000000000000000 ) ) ;
#281 = COLOUR_RGB ( '',0.6470588235294117974, 0.5176470588235293491, 0.000000000000000000 ) ;
#282 = EDGE_CURVE ( 'NONE', #1761, #1495, #2189, .T. ) ;
#283 = ORIENTED_EDGE ( 'NONE', *, *, #1498, .F. ) ;
#284 = PLANE ( 'NONE',  #1525 ) ;
#285 = FILL_AREA_STYLE_COLOUR ( '', #1982 ) ;
#286 = DIRECTION ( 'NONE',  ( -1.000000000000000000, 0.000000000000000000, 0.000000000000000000 ) ) ;
#287 = SURFACE_SIDE_STYLE ('',( #2239 ) ) ;
#288 = CARTESIAN_POINT ( 'NONE',  ( 0.8000000000000000444, 0.000000000000000000, 0.6000000000000000888 ) ) ;
#289 = EDGE_LOOP ( 'NONE', ( #593, #2280, #2033, #701, #981, #1959, #1250, #2413, #1873, #2292, #407, #1198 ) ) ;
#290 = COLOUR_RGB ( '',0.6470588235294117974, 0.5176470588235293491, 0.000000000000000000 ) ;
#291 = CARTESIAN_POINT ( 'NONE',  ( 0.7500000000000001110, 0.2800000000000000266, 0.4499999999999991229 ) ) ;
#292 = VECTOR ( 'NONE', #1004, 1000.000000000000000 ) ;
#293 =( LENGTH_UNIT ( ) NAMED_UNIT ( * ) SI_UNIT ( .MILLI., .METRE. ) );
#294 = LINE ( 'NONE', #858, #137 ) ;
#295 = EDGE_LOOP ( 'NONE', ( #1298, #1031, #2459, #1725 ) ) ;
#296 = ADVANCED_FACE ( 'NONE', ( #1074 ), #2300, .F. ) ;
#297 =( LENGTH_UNIT ( ) NAMED_UNIT ( * ) SI_UNIT ( .MILLI., .METRE. ) );
#298 = FACE_OUTER_BOUND ( 'NONE', #1770, .T. ) ;
#299 = CARTESIAN_POINT ( 'NONE',  ( 0.7999999999999999334, 0.1199999999999999956, -0.5999999999999997558 ) ) ;
#300 =( NAMED_UNIT ( * ) PLANE_ANGLE_UNIT ( ) SI_UNIT ( $, .RADIAN. ) );
#301 = ORIENTED_EDGE ( 'NONE', *, *, #50, .T. ) ;
#302 = PRESENTATION_STYLE_ASSIGNMENT (( #317 ) ) ;
#303 = PRESENTATION_LAYER_ASSIGNMENT (  '', '', ( #1403 ) ) ;
#304 = STYLED_ITEM ( 'NONE', ( #195 ), #449 ) ;
#305 = ADVANCED_FACE ( 'NONE', ( #1551 ), #788, .F. ) ;
#306 = DIRECTION ( 'NONE',  ( 0.000000000000000000, -1.000000000000000000, 0.000000000000000000 ) ) ;
#307 = LINE ( 'NONE', #1867, #1991 ) ;
#308 = ORIENTED_EDGE ( 'NONE', *, *, #2063, .T. ) ;
#309 = CARTESIAN_POINT ( 'NONE',  ( -0.6500000000000001332, 0.3300000000000000711, -0.4499999999999999556 ) ) ;
#310 = VERTEX_POINT ( 'NONE', #2337 ) ;
#311 = DIRECTION ( 'NONE',  ( 0.000000000000000000, -1.000000000000000000, 0.000000000000000000 ) ) ;
#312 = COLOUR_RGB ( '',0.6470588235294117974, 0.5176470588235293491, 0.000000000000000000 ) ;
#313 = DIRECTION ( 'NONE',  ( 0.000000000000000000, 0.000000000000000000, -1.000000000000000000 ) ) ;
#314 = FACE_OUTER_BOUND ( 'NONE', #212, .T. ) ;
#315 = VERTEX_POINT ( 'NONE', #969 ) ;
#316 =( GEOMETRIC_REPRESENTATION_CONTEXT ( 3 ) GLOBAL_UNCERTAINTY_ASSIGNED_CONTEXT ( ( #1809 ) ) GLOBAL_UNIT_ASSIGNED_CONTEXT ( ( #266, #93, #1632 ) ) REPRESENTATION_CONTEXT ( 'NONE', 'WORKASPACE' ) );
#317 = SURFACE_STYLE_USAGE ( .BOTH. , #2057 ) ;
#318 = LINE ( 'NONE', #2284, #703 ) ;
#319 = DIRECTION ( 'NONE',  ( 1.355252715606880049E-16, 0.000000000000000000, 1.000000000000000000 ) ) ;
#320 = VERTEX_POINT ( 'NONE', #929 ) ;
#321 = DIRECTION ( 'NONE',  ( 0.000000000000000000, 1.000000000000000000, 0.000000000000000000 ) ) ;
#322 =( NAMED_UNIT ( * ) SI_UNIT ( $, .STERADIAN. ) SOLID_ANGLE_UNIT ( ) );
#323 = DIRECTION ( 'NONE',  ( 0.000000000000000000, -1.000000000000000000, 0.000000000000000000 ) ) ;
#324 = DIRECTION ( 'NONE',  ( -0.000000000000000000, 1.000000000000000000, -0.000000000000000000 ) ) ;
#325 = FILL_AREA_STYLE ('',( #2252 ) ) ;
#326 = ORIENTED_EDGE ( 'NONE', *, *, #132, .T. ) ;
#327 = PLANE ( 'NONE',  #337 ) ;
#328 = VERTEX_POINT ( 'NONE', #1330 ) ;
#329 = EDGE_CURVE ( 'NONE', #1005, #1701, #2131, .T. ) ;
#330 =( NAMED_UNIT ( * ) PLANE_ANGLE_UNIT ( ) SI_UNIT ( $, .RADIAN. ) );
#331 = SURFACE_STYLE_USAGE ( .BOTH. , #2091 ) ;
#332 = DIRECTION ( 'NONE',  ( -1.000000000000000000, -0.000000000000000000, -0.000000000000000000 ) ) ;
#333 = DIRECTION ( 'NONE',  ( 0.000000000000000000, -1.000000000000000000, 0.000000000000000000 ) ) ;
#334 = ORIENTED_EDGE ( 'NONE', *, *, #2159, .F. ) ;
#335 = CARTESIAN_POINT ( 'NONE',  ( 0.8000000000000000444, 0.2800000000000000266, -0.5999999999999998668 ) ) ;
#336 = AXIS2_PLACEMENT_3D ( 'NONE', #358, #1132, #2360 ) ;
#337 = AXIS2_PLACEMENT_3D ( 'NONE', #1410, #1202, #2201 ) ;
#338 = CARTESIAN_POINT ( 'NONE',  ( 0.6999999999999997335, 0.000000000000000000, 0.5999999999999999778 ) ) ;
#339 = EDGE_CURVE ( 'NONE', #1911, #1050, #1139, .T. ) ;
#340 = CIRCLE ( 'NONE', #2088, 0.05000000000000002359 ) ;
#341 = LINE ( 'NONE', #1745, #1435 ) ;
#342 =( GEOMETRIC_REPRESENTATION_CONTEXT ( 3 ) GLOBAL_UNCERTAINTY_ASSIGNED_CONTEXT ( ( #2355 ) ) GLOBAL_UNIT_ASSIGNED_CONTEXT ( ( #727, #1402, #2194 ) ) REPRESENTATION_CONTEXT ( 'NONE', 'WORKASPACE' ) );
#343 = ORIENTED_EDGE ( 'NONE', *, *, #2146, .T. ) ;
#344 = FILL_AREA_STYLE ('',( #2085 ) ) ;
#345 = AXIS2_PLACEMENT_3D ( 'NONE', #95, #513, #2281 ) ;
#346 = CARTESIAN_POINT ( 'NONE',  ( 0.7999999999999999334, -0.004000000000000000083, 0.4999999999999997780 ) ) ;
#347 = VECTOR ( 'NONE', #2115, 1000.000000000000000 ) ;
#348 = DIRECTION ( 'NONE',  ( 1.000000000000000000, -0.000000000000000000, -0.000000000000000000 ) ) ;
#349 = ORIENTED_EDGE ( 'NONE', *, *, #767, .T. ) ;
#350 = COLOUR_RGB ( '',0.6470588235294117974, 0.5176470588235293491, 0.000000000000000000 ) ;
#351 = DIRECTION ( 'NONE',  ( 0.000000000000000000, -1.000000000000000000, 0.000000000000000000 ) ) ;
#352 = VERTEX_POINT ( 'NONE', #1355 ) ;
#353 = CARTESIAN_POINT ( 'NONE',  ( -0.8000000000000001554, 0.1199999999999999956, 0.5999999999999998668 ) ) ;
#354 = ADVANCED_FACE ( 'NONE', ( #186 ), #2145, .F. ) ;
#355 = ORIENTED_EDGE ( 'NONE', *, *, #2426, .F. ) ;
#356 =( NAMED_UNIT ( * ) SI_UNIT ( $, .STERADIAN. ) SOLID_ANGLE_UNIT ( ) );
#357 = AXIS2_PLACEMENT_3D ( 'NONE', #508, #324, #1488 ) ;
#358 = CARTESIAN_POINT ( 'NONE',  ( 0.7500000000000000000, 0.1199999999999999956, 0.1499999999999999667 ) ) ;
#359 = CARTESIAN_POINT ( 'NONE',  ( -1.626303258728253570E-17, -0.000000000000000000, -0.1499999999999996614 ) ) ;
#360 = LINE ( 'NONE', #1135, #612 ) ;
#361 = EDGE_LOOP ( 'NONE', ( #1174, #17, #444, #931 ) ) ;
#362 = EDGE_CURVE ( 'NONE', #122, #58, #2050, .T. ) ;
#363 = DIRECTION ( 'NONE',  ( 0.000000000000000000, 0.000000000000000000, 1.000000000000000000 ) ) ;
#364 = DIRECTION ( 'NONE',  ( 0.000000000000000000, -1.000000000000000000, 0.000000000000000000 ) ) ;
#365 = PRESENTATION_LAYER_ASSIGNMENT (  '', '', ( #1457 ) ) ;
#366 = AXIS2_PLACEMENT_3D ( 'NONE', #597, #1155, #1971 ) ;
#367 = VECTOR ( 'NONE', #482, 1000.000000000000000 ) ;
#368 = FILL_AREA_STYLE ('',( #1955 ) ) ;
#369 = COLOUR_RGB ( '',0.6470588235294117974, 0.5176470588235293491, 0.000000000000000000 ) ;
#370 = FACE_OUTER_BOUND ( 'NONE', #1478, .T. ) ;
#371 = ORIENTED_EDGE ( 'NONE', *, *, #1992, .F. ) ;
#372 = CARTESIAN_POINT ( 'NONE',  ( 0.2500000000000000000, 0.1199999999999999956, -0.5499999999999998224 ) ) ;
#373 = PRESENTATION_STYLE_ASSIGNMENT (( #1371 ) ) ;
#374 = ORIENTED_EDGE ( 'NONE', *, *, #1225, .T. ) ;
#375 =( LENGTH_UNIT ( ) NAMED_UNIT ( * ) SI_UNIT ( .MILLI., .METRE. ) );
#376 = CARTESIAN_POINT ( 'NONE',  ( 0.8000000000000000444, 0.2800000000000000266, 0.5999999999999999778 ) ) ;
#377 = EDGE_CURVE ( 'NONE', #352, #1428, #1423, .T. ) ;
#378 = VECTOR ( 'NONE', #2242, 1000.000000000000000 ) ;
#379 = CIRCLE ( 'NONE', #2137, 0.04999999999999996808 ) ;
#380 = DIRECTION ( 'NONE',  ( -0.000000000000000000, 1.000000000000000000, 0.000000000000000000 ) ) ;
#381 = CARTESIAN_POINT ( 'NONE',  ( -0.8000000000000001554, 0.1199999999999999956, 0.5999999999999998668 ) ) ;
#382 = FACE_OUTER_BOUND ( 'NONE', #1070, .T. ) ;
#383 = MECHANICAL_DESIGN_GEOMETRIC_PRESENTATION_REPRESENTATION (  '', ( #504 ), #2086 ) ;
#384 = PRESENTATION_STYLE_ASSIGNMENT (( #1302 ) ) ;
#385 = UNCERTAINTY_MEASURE_WITH_UNIT (LENGTH_MEASURE( 1.000000000000000082E-05 ), #2142, 'distance_accuracy_value', 'NONE');
#386 = ADVANCED_FACE ( 'NONE', ( #2406 ), #1210, .T. ) ;
#387 = VERTEX_POINT ( 'NONE', #2456 ) ;
#388 = VECTOR ( 'NONE', #2073, 1000.000000000000000 ) ;
#389 =( NAMED_UNIT ( * ) PLANE_ANGLE_UNIT ( ) SI_UNIT ( $, .RADIAN. ) );
#390 = ORIENTED_EDGE ( 'NONE', *, *, #2076, .T. ) ;
#391 = FILL_AREA_STYLE ('',( #1780 ) ) ;
#392 = CARTESIAN_POINT ( 'NONE',  ( 0.7999999999999999334, -0.004000000000000000083, 0.5999999999999999778 ) ) ;
#393 = EDGE_CURVE ( 'NONE', #2160, #2074, #1487, .T. ) ;
#394 = DIRECTION ( 'NONE',  ( 0.000000000000000000, -1.000000000000000000, 0.000000000000000000 ) ) ;
#395 = FACE_OUTER_BOUND ( 'NONE', #2311, .T. ) ;
#396 = SURFACE_SIDE_STYLE ('',( #2143 ) ) ;
#397 = FILL_AREA_STYLE_COLOUR ( '', #2314 ) ;
#398 = SURFACE_SIDE_STYLE ('',( #944 ) ) ;
#399 = DIRECTION ( 'NONE',  ( 0.000000000000000000, -1.000000000000000000, 0.000000000000000000 ) ) ;
#400 = EDGE_LOOP ( 'NONE', ( #2479, #413, #235, #2468 ) ) ;
#401 = CARTESIAN_POINT ( 'NONE',  ( 0.7999999999999999334, 0.1199999999999999956, 0.5999999999999999778 ) ) ;
#402 = DIRECTION ( 'NONE',  ( 0.000000000000000000, -1.000000000000000000, 0.000000000000000000 ) ) ;
#403 = ORIENTED_EDGE ( 'NONE', *, *, #4, .T. ) ;
#404 = AXIS2_PLACEMENT_3D ( 'NONE', #401, #807, #1171 ) ;
#405 = LINE ( 'NONE', #1739, #1967 ) ;
#406 =( NAMED_UNIT ( * ) SI_UNIT ( $, .STERADIAN. ) SOLID_ANGLE_UNIT ( ) );
#407 = ORIENTED_EDGE ( 'NONE', *, *, #1007, .F. ) ;
#408 = CARTESIAN_POINT ( 'NONE',  ( -0.8000000000000001554, 0.1199999999999999956, 0.5499999999999998224 ) ) ;
#409 = CARTESIAN_POINT ( 'NONE',  ( -0.7500000000000001110, 0.000000000000000000, 0.5999999999999999778 ) ) ;
#410 = AXIS2_PLACEMENT_3D ( 'NONE', #1085, #900, #1683 ) ;
#411 = UNCERTAINTY_MEASURE_WITH_UNIT (LENGTH_MEASURE( 1.000000000000000082E-05 ), #1815, 'distance_accuracy_value', 'NONE');
#412 =( NAMED_UNIT ( * ) SI_UNIT ( $, .STERADIAN. ) SOLID_ANGLE_UNIT ( ) );
#413 = ORIENTED_EDGE ( 'NONE', *, *, #236, .T. ) ;
#414 = AXIS2_PLACEMENT_3D ( 'NONE', #1693, #911, #134 ) ;
#415 = CARTESIAN_POINT ( 'NONE',  ( -0.8000000000000001554, 0.000000000000000000, 0.5999999999999998668 ) ) ;
#416 = EDGE_CURVE ( 'NONE', #2160, #1284, #899, .T. ) ;
#417 = ORIENTED_EDGE ( 'NONE', *, *, #2087, .T. ) ;
#418 = LINE ( 'NONE', #1579, #2000 ) ;
#419 = ORIENTED_EDGE ( 'NONE', *, *, #522, .F. ) ;
#420 = CARTESIAN_POINT ( 'NONE',  ( 0.7500000000000000000, 0.1199999999999999956, -0.5999999999999998668 ) ) ;
#421 = ORIENTED_EDGE ( 'NONE', *, *, #1274, .F. ) ;
#422 = CARTESIAN_POINT ( 'NONE',  ( -0.8000000000000000444, 0.000000000000000000, 0.5999999999999999778 ) ) ;
#423 = SURFACE_STYLE_USAGE ( .BOTH. , #1010 ) ;
#424 = STYLED_ITEM ( 'NONE', ( #674 ), #2440 ) ;
#425 = CARTESIAN_POINT ( 'NONE',  ( 0.7000000000000000666, 0.2800000000000000266, 0.4499999999999998446 ) ) ;
#426 = EDGE_CURVE ( 'NONE', #1428, #2067, #2483, .T. ) ;
#427 = CIRCLE ( 'NONE', #1471, 0.04750000000000001443 ) ;
#428 = SURFACE_STYLE_FILL_AREA ( #624 ) ;
#429 = ORIENTED_EDGE ( 'NONE', *, *, #1993, .F. ) ;
#430 = PRESENTATION_LAYER_ASSIGNMENT (  '', '', ( #1518 ) ) ;
#431 = CYLINDRICAL_SURFACE ( 'NONE', #1261, 0.05000000000000002359 ) ;
#432 = ORIENTED_EDGE ( 'NONE', *, *, #2207, .F. ) ;
#433 = DIRECTION ( 'NONE',  ( -1.355252715606879803E-16, 0.000000000000000000, 1.000000000000000000 ) ) ;
#434 = ORIENTED_EDGE ( 'NONE', *, *, #1065, .T. ) ;
#435 = CARTESIAN_POINT ( 'NONE',  ( 0.6500000000000001332, 0.3300000000000000711, 0.4499999999999998446 ) ) ;
#436 = AXIS2_PLACEMENT_3D ( 'NONE', #299, #2277, #523 ) ;
#437 =( NAMED_UNIT ( * ) SI_UNIT ( $, .STERADIAN. ) SOLID_ANGLE_UNIT ( ) );
#438 = CARTESIAN_POINT ( 'NONE',  ( -0.2500000000000002776, 0.000000000000000000, -0.1499999999999998002 ) ) ;
#439 = VECTOR ( 'NONE', #2383, 1000.000000000000000 ) ;
#440 = UNCERTAINTY_MEASURE_WITH_UNIT (LENGTH_MEASURE( 1.000000000000000082E-05 ), #36, 'distance_accuracy_value', 'NONE');
#441 =( NAMED_UNIT ( * ) SI_UNIT ( $, .STERADIAN. ) SOLID_ANGLE_UNIT ( ) );
#442 = CARTESIAN_POINT ( 'NONE',  ( -0.8000000000000000444, 0.2800000000000000266, -0.5999999999999998668 ) ) ;
#443 = SURFACE_SIDE_STYLE ('',( #247 ) ) ;
#444 = ORIENTED_EDGE ( 'NONE', *, *, #1508, .T. ) ;
#445 = LINE ( 'NONE', #616, #2210 ) ;
#446 = VECTOR ( 'NONE', #1744, 1000.000000000000000 ) ;
#447 = CARTESIAN_POINT ( 'NONE',  ( 0.2500000000000000000, -0.004000000000000000083, 0.5500000000000000444 ) ) ;
#448 = VERTEX_POINT ( 'NONE', #2442 ) ;
#449 = ADVANCED_FACE ( 'NONE', ( #1056 ), #1842, .T. ) ;
#450 = VECTOR ( 'NONE', #465, 1000.000000000000000 ) ;
#451 = DIRECTION ( 'NONE',  ( 0.000000000000000000, 0.000000000000000000, -1.000000000000000000 ) ) ;
#452 = DIRECTION ( 'NONE',  ( 0.000000000000000000, 0.000000000000000000, -1.000000000000000000 ) ) ;
#453 = SURFACE_STYLE_USAGE ( .BOTH. , #2027 ) ;
#454 = CARTESIAN_POINT ( 'NONE',  ( 0.000000000000000000, 0.000000000000000000, 0.000000000000000000 ) ) ;
#455 = DIRECTION ( 'NONE',  ( 0.000000000000000000, -1.000000000000000000, 0.000000000000000000 ) ) ;
#456 = FACE_OUTER_BOUND ( 'NONE', #259, .T. ) ;
#457 =( NAMED_UNIT ( * ) PLANE_ANGLE_UNIT ( ) SI_UNIT ( $, .RADIAN. ) );
#458 = ORIENTED_EDGE ( 'NONE', *, *, #2192, .F. ) ;
#459 = VECTOR ( 'NONE', #319, 1000.000000000000000 ) ;
#460 = DIRECTION ( 'NONE',  ( 0.000000000000000000, 0.000000000000000000, 1.000000000000000000 ) ) ;
#461 = EDGE_CURVE ( 'NONE', #448, #936, #1793, .T. ) ;
#462 =( NAMED_UNIT ( * ) PLANE_ANGLE_UNIT ( ) SI_UNIT ( $, .RADIAN. ) );
#463 = EDGE_LOOP ( 'NONE', ( #238, #1778, #631, #1034 ) ) ;
#464 = DIRECTION ( 'NONE',  ( 0.000000000000000000, -1.000000000000000000, 0.000000000000000000 ) ) ;
#465 = DIRECTION ( 'NONE',  ( -0.000000000000000000, -0.000000000000000000, 1.000000000000000000 ) ) ;
#466 = DIRECTION ( 'NONE',  ( -1.000000000000000000, 0.000000000000000000, 4.065758146820640148E-16 ) ) ;
#467 = CARTESIAN_POINT ( 'NONE',  ( -0.8000000000000000444, 0.1199999999999999956, -0.5999999999999998668 ) ) ;
#468 = ORIENTED_EDGE ( 'NONE', *, *, #416, .F. ) ;
#469 = CARTESIAN_POINT ( 'NONE',  ( -0.8000000000000001554, -0.004000000000000000083, 0.5524999999999997691 ) ) ;
#470 =( GEOMETRIC_REPRESENTATION_CONTEXT ( 3 ) GLOBAL_UNCERTAINTY_ASSIGNED_CONTEXT ( ( #2118 ) ) GLOBAL_UNIT_ASSIGNED_CONTEXT ( ( #1923, #200, #1729 ) ) REPRESENTATION_CONTEXT ( 'NONE', 'WORKASPACE' ) );
#471 = VECTOR ( 'NONE', #2064, 1000.000000000000000 ) ;
#472 = SURFACE_SIDE_STYLE ('',( #1044 ) ) ;
#473 = EDGE_CURVE ( 'NONE', #24, #1234, #862, .T. ) ;
#474 = EDGE_LOOP ( 'NONE', ( #726, #763, #1924, #1668 ) ) ;
#475 = PRESENTATION_LAYER_ASSIGNMENT (  '', '', ( #2098 ) ) ;
#476 = PRESENTATION_LAYER_ASSIGNMENT (  '', '', ( #157 ) ) ;
#477 =( NAMED_UNIT ( * ) PLANE_ANGLE_UNIT ( ) SI_UNIT ( $, .RADIAN. ) );
#478 = FILL_AREA_STYLE_COLOUR ( '', #1564 ) ;
#479 = CARTESIAN_POINT ( 'NONE',  ( -0.7500000000000002220, -0.004000000000000000083, 0.5133974596215556963 ) ) ;
#480 = VERTEX_POINT ( 'NONE', #1556 ) ;
#481 = FILL_AREA_STYLE ('',( #2232 ) ) ;
#482 = DIRECTION ( 'NONE',  ( -1.000000000000000000, 0.000000000000000000, 0.000000000000000000 ) ) ;
#483 = VERTEX_POINT ( 'NONE', #1180 ) ;
#484 = CIRCLE ( 'NONE', #1170, 0.05000000000000002359 ) ;
#485 = CARTESIAN_POINT ( 'NONE',  ( 0.7999999999999999334, 0.1199999999999999956, -0.4999999999999995559 ) ) ;
#486 = SURFACE_STYLE_FILL_AREA ( #2018 ) ;
#487 = SURFACE_STYLE_FILL_AREA ( #660 ) ;
#488 = CYLINDRICAL_SURFACE ( 'NONE', #718, 0.05000000000000002359 ) ;
#489 = ORIENTED_EDGE ( 'NONE', *, *, #2236, .F. ) ;
#490 = CARTESIAN_POINT ( 'NONE',  ( -0.8000000000000001554, -0.004000000000000000083, 0.5999999999999998668 ) ) ;
#491 = EDGE_CURVE ( 'NONE', #2378, #2084, #222, .T. ) ;
#492 =( GEOMETRIC_REPRESENTATION_CONTEXT ( 3 ) GLOBAL_UNCERTAINTY_ASSIGNED_CONTEXT ( ( #1292 ) ) GLOBAL_UNIT_ASSIGNED_CONTEXT ( ( #1536, #2326, #406 ) ) REPRESENTATION_CONTEXT ( 'NONE', 'WORKASPACE' ) );
#493 = AXIS2_PLACEMENT_3D ( 'NONE', #2048, #689, #1851 ) ;
#494 = CARTESIAN_POINT ( 'NONE',  ( -0.2500000000000002220, 0.000000000000000000, 0.5500000000000000444 ) ) ;
#495 = ORIENTED_EDGE ( 'NONE', *, *, #1508, .F. ) ;
#496 =( LENGTH_UNIT ( ) NAMED_UNIT ( * ) SI_UNIT ( .MILLI., .METRE. ) );
#497 = DIRECTION ( 'NONE',  ( 0.000000000000000000, 0.000000000000000000, -1.000000000000000000 ) ) ;
#498 = ADVANCED_FACE ( 'NONE', ( #1760, #599 ), #792, .F. ) ;
#499 = ORIENTED_EDGE ( 'NONE', *, *, #1881, .F. ) ;
#500 = CARTESIAN_POINT ( 'NONE',  ( 0.6499999999999994671, 0.2800000000000000266, -0.5499999999999999334 ) ) ;
#501 = COLOUR_RGB ( '',0.6470588235294117974, 0.5176470588235293491, 0.000000000000000000 ) ;
#502 = CARTESIAN_POINT ( 'NONE',  ( -0.8000000000000000444, -0.004000000000000000083, -0.4999999999999996669 ) ) ;
#503 = MECHANICAL_DESIGN_GEOMETRIC_PRESENTATION_REPRESENTATION (  '', ( #78 ), #1928 ) ;
#504 = STYLED_ITEM ( 'NONE', ( #1504 ), #1049 ) ;
#505 = LINE ( 'NONE', #1703, #1749 ) ;
#506 = VERTEX_POINT ( 'NONE', #214 ) ;
#507 = AXIS2_PLACEMENT_3D ( 'NONE', #392, #1530, #559 ) ;
#508 = CARTESIAN_POINT ( 'NONE',  ( 0.7999999999999999334, -0.004000000000000000083, -0.5999999999999997558 ) ) ;
#509 = SURFACE_STYLE_FILL_AREA ( #874 ) ;
#510 = VERTEX_POINT ( 'NONE', #754 ) ;
#511 = ORIENTED_EDGE ( 'NONE', *, *, #2474, .T. ) ;
#512 = ORIENTED_EDGE ( 'NONE', *, *, #362, .T. ) ;
#513 = DIRECTION ( 'NONE',  ( 0.000000000000000000, 0.000000000000000000, 1.000000000000000000 ) ) ;
#514 = STYLED_ITEM ( 'NONE', ( #2352 ), #354 ) ;
#515 = DIRECTION ( 'NONE',  ( -6.505213034913023449E-15, 0.000000000000000000, 1.000000000000000000 ) ) ;
#516 = VECTOR ( 'NONE', #607, 1000.000000000000000 ) ;
#517 = PLANE ( 'NONE',  #176 ) ;
#518 = EDGE_LOOP ( 'NONE', ( #829, #2099, #975, #283, #458, #2361, #1114, #2093, #2103, #343, #1315, #116 ) ) ;
#519 = CARTESIAN_POINT ( 'NONE',  ( 0.7500000000000000000, 0.1199999999999999956, 0.1499999999999999667 ) ) ;
#520 = EDGE_CURVE ( 'NONE', #547, #2068, #1748, .T. ) ;
#521 = DIRECTION ( 'NONE',  ( 0.000000000000000000, -1.000000000000000000, 0.000000000000000000 ) ) ;
#522 = EDGE_CURVE ( 'NONE', #24, #1124, #974, .T. ) ;
#523 = DIRECTION ( 'NONE',  ( 0.000000000000000000, 0.000000000000000000, -1.000000000000000000 ) ) ;
#524 = SURFACE_STYLE_FILL_AREA ( #325 ) ;
#525 = AXIS2_PLACEMENT_3D ( 'NONE', #2200, #650, #1058 ) ;
#526 = EDGE_LOOP ( 'NONE', ( #786, #1814, #326, #1386 ) ) ;
#527 = PRESENTATION_STYLE_ASSIGNMENT (( #1308 ) ) ;
#528 = CARTESIAN_POINT ( 'NONE',  ( 0.6500000000000001332, 0.3300000000000000711, -0.4499999999999999556 ) ) ;
#529 = EDGE_LOOP ( 'NONE', ( #615, #1490, #349, #21 ) ) ;
#530 = ADVANCED_FACE ( 'NONE', ( #2178 ), #1927, .T. ) ;
#531 = PRESENTATION_LAYER_ASSIGNMENT (  '', '', ( #1458 ) ) ;
#532 = DIRECTION ( 'NONE',  ( 1.000000000000000000, 0.000000000000000000, -1.084202172485504804E-16 ) ) ;
#533 = LINE ( 'NONE', #886, #1865 ) ;
#534 = ORIENTED_EDGE ( 'NONE', *, *, #1522, .F. ) ;
#535 = DIRECTION ( 'NONE',  ( 1.000000000000000000, -0.000000000000000000, 0.000000000000000000 ) ) ;
#536 = ORIENTED_EDGE ( 'NONE', *, *, #620, .T. ) ;
#537 = CIRCLE ( 'NONE', #1882, 0.09999999999999999167 ) ;
#538 = SURFACE_STYLE_FILL_AREA ( #1468 ) ;
#539 = EDGE_CURVE ( 'NONE', #2302, #510, #256, .T. ) ;
#540 = LINE ( 'NONE', #705, #1453 ) ;
#541 = VECTOR ( 'NONE', #1750, 1000.000000000000000 ) ;
#542 = SURFACE_SIDE_STYLE ('',( #750 ) ) ;
#543 = ORIENTED_EDGE ( 'NONE', *, *, #1020, .T. ) ;
#544 = EDGE_CURVE ( 'NONE', #1704, #14, #1846, .T. ) ;
#545 = DIRECTION ( 'NONE',  ( -0.000000000000000000, 1.000000000000000000, -0.000000000000000000 ) ) ;
#546 = CARTESIAN_POINT ( 'NONE',  ( 0.000000000000000000, 0.000000000000000000, 0.5500000000000000444 ) ) ;
#547 = VERTEX_POINT ( 'NONE', #1645 ) ;
#548 =( GEOMETRIC_REPRESENTATION_CONTEXT ( 3 ) GLOBAL_UNCERTAINTY_ASSIGNED_CONTEXT ( ( #1011 ) ) GLOBAL_UNIT_ASSIGNED_CONTEXT ( ( #1099, #300, #692 ) ) REPRESENTATION_CONTEXT ( 'NONE', 'WORKASPACE' ) );
#549 = PLANE ( 'NONE',  #857 ) ;
#550 = CYLINDRICAL_SURFACE ( 'NONE', #410, 0.1000000000000001582 ) ;
#551 = CARTESIAN_POINT ( 'NONE',  ( 0.7999999999999999334, -0.004000000000000000083, 0.5999999999999999778 ) ) ;
#552 = LINE ( 'NONE', #772, #516 ) ;
#553 = FACE_OUTER_BOUND ( 'NONE', #474, .T. ) ;
#554 = UNCERTAINTY_MEASURE_WITH_UNIT (LENGTH_MEASURE( 1.000000000000000082E-05 ), #106, 'distance_accuracy_value', 'NONE');
#555 = ORIENTED_EDGE ( 'NONE', *, *, #850, .T. ) ;
#556 = ORIENTED_EDGE ( 'NONE', *, *, #1637, .T. ) ;
#557 = ADVANCED_FACE ( 'NONE', ( #1028 ), #651, .T. ) ;
#558 = DIRECTION ( 'NONE',  ( 0.000000000000000000, -1.000000000000000000, 0.000000000000000000 ) ) ;
#559 = DIRECTION ( 'NONE',  ( 0.000000000000000000, 0.000000000000000000, 1.000000000000000000 ) ) ;
#560 = CARTESIAN_POINT ( 'NONE',  ( 0.7500000000000000000, 0.1199999999999999956, -0.1499999999999997446 ) ) ;
#561 = SURFACE_STYLE_USAGE ( .BOTH. , #1535 ) ;
#562 = EDGE_CURVE ( 'NONE', #216, #1777, #1983, .T. ) ;
#563 = DIRECTION ( 'NONE',  ( 0.000000000000000000, -1.000000000000000000, 0.000000000000000000 ) ) ;
#564 = PRESENTATION_LAYER_ASSIGNMENT (  '', '', ( #1009 ) ) ;
#565 = CIRCLE ( 'NONE', #249, 0.1000000000000001582 ) ;
#566 = FACE_OUTER_BOUND ( 'NONE', #690, .T. ) ;
#567 = STYLED_ITEM ( 'NONE', ( #1216 ), #2304 ) ;
#568 = FILL_AREA_STYLE_COLOUR ( '', #2486 ) ;
#569 = CARTESIAN_POINT ( 'NONE',  ( 0.7999999999999999334, -0.004000000000000000083, -0.4999999999999995559 ) ) ;
#570 = ORIENTED_EDGE ( 'NONE', *, *, #710, .F. ) ;
#571 = DIRECTION ( 'NONE',  ( -1.000000000000000000, 0.000000000000000000, 0.000000000000000000 ) ) ;
#572 = EDGE_CURVE ( 'NONE', #808, #1680, #2203, .T. ) ;
#573 = FACE_OUTER_BOUND ( 'NONE', #2376, .T. ) ;
#574 = CARTESIAN_POINT ( 'NONE',  ( -0.2500000000000002220, -0.004000000000000000083, 0.5500000000000000444 ) ) ;
#575 = SURFACE_SIDE_STYLE ('',( #2517 ) ) ;
#576 = SURFACE_STYLE_FILL_AREA ( #227 ) ;
#577 = SURFACE_STYLE_FILL_AREA ( #2377 ) ;
#578 =( GEOMETRIC_REPRESENTATION_CONTEXT ( 3 ) GLOBAL_UNCERTAINTY_ASSIGNED_CONTEXT ( ( #583 ) ) GLOBAL_UNIT_ASSIGNED_CONTEXT ( ( #1517, #155, #1735 ) ) REPRESENTATION_CONTEXT ( 'NONE', 'WORKASPACE' ) );
#579 = SURFACE_STYLE_FILL_AREA ( #368 ) ;
#580 = DIRECTION ( 'NONE',  ( 0.000000000000000000, -1.000000000000000000, 0.000000000000000000 ) ) ;
#581 = PRESENTATION_LAYER_ASSIGNMENT (  '', '', ( #1027 ) ) ;
#582 = CARTESIAN_POINT ( 'NONE',  ( -0.7500000000000000000, 0.2800000000000000266, -0.5999999999999998668 ) ) ;
#583 = UNCERTAINTY_MEASURE_WITH_UNIT (LENGTH_MEASURE( 1.000000000000000082E-05 ), #1517, 'distance_accuracy_value', 'NONE');
#584 = DIRECTION ( 'NONE',  ( 1.000000000000000000, 0.000000000000000000, 0.000000000000000000 ) ) ;
#585 = ORIENTED_EDGE ( 'NONE', *, *, #2398, .F. ) ;
#586 = ORIENTED_EDGE ( 'NONE', *, *, #749, .F. ) ;
#587 = VECTOR ( 'NONE', #1080, 1000.000000000000000 ) ;
#588 = FILL_AREA_STYLE ('',( #1529 ) ) ;
#589 =( NAMED_UNIT ( * ) SI_UNIT ( $, .STERADIAN. ) SOLID_ANGLE_UNIT ( ) );
#590 = COLOUR_RGB ( '',0.6470588235294117974, 0.5176470588235293491, 0.000000000000000000 ) ;
#591 =( GEOMETRIC_REPRESENTATION_CONTEXT ( 3 ) GLOBAL_UNCERTAINTY_ASSIGNED_CONTEXT ( ( #1757 ) ) GLOBAL_UNIT_ASSIGNED_CONTEXT ( ( #496, #860, #888 ) ) REPRESENTATION_CONTEXT ( 'NONE', 'WORKASPACE' ) );
#592 = SURFACE_SIDE_STYLE ('',( #32 ) ) ;
#593 = ORIENTED_EDGE ( 'NONE', *, *, #2106, .T. ) ;
#594 = AXIS2_PLACEMENT_3D ( 'NONE', #112, #1682, #532 ) ;
#595 =( NAMED_UNIT ( * ) SI_UNIT ( $, .STERADIAN. ) SOLID_ANGLE_UNIT ( ) );
#596 = EDGE_CURVE ( 'NONE', #216, #1318, #162, .T. ) ;
#597 = CARTESIAN_POINT ( 'NONE',  ( -0.8000000000000000444, 0.1199999999999999956, -0.5999999999999998668 ) ) ;
#598 = VERTEX_POINT ( 'NONE', #1214 ) ;
#599 = FACE_BOUND ( 'NONE', #3, .T. ) ;
#600 = MECHANICAL_DESIGN_GEOMETRIC_PRESENTATION_REPRESENTATION (  '', ( #1496 ), #1003 ) ;
#601 = CARTESIAN_POINT ( 'NONE',  ( -0.2500000000000002220, -0.004000000000000000083, 0.5500000000000000444 ) ) ;
#602 = CARTESIAN_POINT ( 'NONE',  ( 0.7999999999999999334, 0.1199999999999999956, 0.5999999999999999778 ) ) ;
#603 = CARTESIAN_POINT ( 'NONE',  ( -0.8000000000000000444, 0.2800000000000000266, -0.5999999999999998668 ) ) ;
#604 = EDGE_CURVE ( 'NONE', #977, #107, #1775, .T. ) ;
#605 = ORIENTED_EDGE ( 'NONE', *, *, #1874, .F. ) ;
#606 = DIRECTION ( 'NONE',  ( 0.000000000000000000, 0.000000000000000000, -1.000000000000000000 ) ) ;
#607 = DIRECTION ( 'NONE',  ( 1.000000000000000000, 0.000000000000000000, 2.168404344971009608E-16 ) ) ;
#608 = UNCERTAINTY_MEASURE_WITH_UNIT (LENGTH_MEASURE( 1.000000000000000082E-05 ), #687, 'distance_accuracy_value', 'NONE');
#609 = EDGE_CURVE ( 'NONE', #1577, #2378, #708, .T. ) ;
#610 = CYLINDRICAL_SURFACE ( 'NONE', #366, 0.04750000000000001443 ) ;
#611 = ORIENTED_EDGE ( 'NONE', *, *, #426, .F. ) ;
#612 = VECTOR ( 'NONE', #182, 1000.000000000000000 ) ;
#613 = SURFACE_STYLE_FILL_AREA ( #1576 ) ;
#614 = LINE ( 'NONE', #76, #1149 ) ;
#615 = ORIENTED_EDGE ( 'NONE', *, *, #132, .F. ) ;
#616 = CARTESIAN_POINT ( 'NONE',  ( 0.6999999999999997335, -0.004000000000000000083, 0.5999999999999999778 ) ) ;
#617 = CARTESIAN_POINT ( 'NONE',  ( 0.7133974596215558739, 0.000000000000000000, -0.5499999999999999334 ) ) ;
#618 = ORIENTED_EDGE ( 'NONE', *, *, #539, .F. ) ;
#619 = LINE ( 'NONE', #1600, #1477 ) ;
#620 = EDGE_CURVE ( 'NONE', #40, #1050, #131, .T. ) ;
#621 = FACE_OUTER_BOUND ( 'NONE', #1142, .T. ) ;
#622 = MECHANICAL_DESIGN_GEOMETRIC_PRESENTATION_REPRESENTATION (  '', ( #2301 ), #470 ) ;
#623 = PRESENTATION_LAYER_ASSIGNMENT (  '', '', ( #940 ) ) ;
#624 = FILL_AREA_STYLE ('',( #1193 ) ) ;
#625 = LINE ( 'NONE', #934, #541 ) ;
#626 = FILL_AREA_STYLE_COLOUR ( '', #1377 ) ;
#627 = VERTEX_POINT ( 'NONE', #500 ) ;
#628 = LINE ( 'NONE', #2420, #2078 ) ;
#629 = CYLINDRICAL_SURFACE ( 'NONE', #1231, 0.1000000000000001582 ) ;
#630 =( LENGTH_UNIT ( ) NAMED_UNIT ( * ) SI_UNIT ( .MILLI., .METRE. ) );
#631 = ORIENTED_EDGE ( 'NONE', *, *, #656, .T. ) ;
#632 = PRESENTATION_STYLE_ASSIGNMENT (( #2394 ) ) ;
#633 = DIRECTION ( 'NONE',  ( 0.000000000000000000, 0.000000000000000000, -1.000000000000000000 ) ) ;
#634 = CARTESIAN_POINT ( 'NONE',  ( 0.7524999999999999467, 0.1199999999999999956, -0.5999999999999997558 ) ) ;
#635 = VECTOR ( 'NONE', #1921, 1000.000000000000000 ) ;
#636 =( NAMED_UNIT ( * ) SI_UNIT ( $, .STERADIAN. ) SOLID_ANGLE_UNIT ( ) );
#637 = UNCERTAINTY_MEASURE_WITH_UNIT (LENGTH_MEASURE( 1.000000000000000082E-05 ), #704, 'distance_accuracy_value', 'NONE');
#638 = DIRECTION ( 'NONE',  ( -1.000000000000000000, 0.000000000000000000, -2.339680872163052390E-16 ) ) ;
#639 = AXIS2_PLACEMENT_3D ( 'NONE', #2116, #580, #1956 ) ;
#640 = CARTESIAN_POINT ( 'NONE',  ( 0.7500000000000000000, -0.004000000000000000083, 0.5133974596215558073 ) ) ;
#641 = LINE ( 'NONE', #560, #61 ) ;
#642 = ORIENTED_EDGE ( 'NONE', *, *, #1122, .F. ) ;
#643 =( NAMED_UNIT ( * ) SI_UNIT ( $, .STERADIAN. ) SOLID_ANGLE_UNIT ( ) );
#644 = CARTESIAN_POINT ( 'NONE',  ( -0.7500000000000002220, -0.004000000000000000083, 0.5133974596215556963 ) ) ;
#645 = EDGE_CURVE ( 'NONE', #107, #58, #1266, .T. ) ;
#646 = VECTOR ( 'NONE', #1160, 1000.000000000000000 ) ;
#647 = ORIENTED_EDGE ( 'NONE', *, *, #1767, .F. ) ;
#648 = CIRCLE ( 'NONE', #2325, 0.04999999999999996808 ) ;
#649 = DIRECTION ( 'NONE',  ( 0.000000000000000000, -1.000000000000000000, 0.000000000000000000 ) ) ;
#650 = DIRECTION ( 'NONE',  ( 0.000000000000000000, -1.000000000000000000, 0.000000000000000000 ) ) ;
#651 = PLANE ( 'NONE',  #1322 ) ;
#652 = DIRECTION ( 'NONE',  ( 0.000000000000000000, 1.000000000000000000, -0.000000000000000000 ) ) ;
#653 = EDGE_LOOP ( 'NONE', ( #268, #434, #33, #5 ) ) ;
#654 = VECTOR ( 'NONE', #1679, 1000.000000000000000 ) ;
#655 = DIRECTION ( 'NONE',  ( 0.000000000000000000, 0.000000000000000000, 1.000000000000000000 ) ) ;
#656 = EDGE_CURVE ( 'NONE', #1574, #2119, #1862, .T. ) ;
#657 = DIRECTION ( 'NONE',  ( 0.000000000000000000, 0.000000000000000000, -1.000000000000000000 ) ) ;
#658 = ORIENTED_EDGE ( 'NONE', *, *, #783, .T. ) ;
#659 = DIRECTION ( 'NONE',  ( 0.000000000000000000, 1.000000000000000000, 0.000000000000000000 ) ) ;
#660 = FILL_AREA_STYLE ('',( #2264 ) ) ;
#661 = EDGE_LOOP ( 'NONE', ( #1831, #1310, #1455, #859, #1262, #905, #1100, #1648, #1209 ) ) ;
#662 = DIRECTION ( 'NONE',  ( 0.000000000000000000, 0.000000000000000000, 1.000000000000000000 ) ) ;
#663 = COLOUR_RGB ( '',0.6470588235294117974, 0.5176470588235293491, 0.000000000000000000 ) ;
#664 = LINE ( 'NONE', #1442, #1338 ) ;
#665 = COLOUR_RGB ( '',0.6470588235294117974, 0.5176470588235293491, 0.000000000000000000 ) ;
#666 = ORIENTED_EDGE ( 'NONE', *, *, #2159, .T. ) ;
#667 = CARTESIAN_POINT ( 'NONE',  ( -0.7500000000000002220, -0.004000000000000000083, -0.1499999999999998557 ) ) ;
#668 = CARTESIAN_POINT ( 'NONE',  ( 0.2500000000000001665, -0.004000000000000000083, 0.1499999999999998557 ) ) ;
#669 = CARTESIAN_POINT ( 'NONE',  ( 0.2500000000000000000, 0.000000000000000000, 0.5500000000000000444 ) ) ;
#670 = CYLINDRICAL_SURFACE ( 'NONE', #1792, 0.05000000000000002359 ) ;
#671 = EDGE_CURVE ( 'NONE', #510, #795, #1889, .T. ) ;
#672 = COLOUR_RGB ( '',0.6470588235294117974, 0.5176470588235293491, 0.000000000000000000 ) ;
#673 = SURFACE_SIDE_STYLE ('',( #486 ) ) ;
#674 = PRESENTATION_STYLE_ASSIGNMENT (( #2460 ) ) ;
#675 = ORIENTED_EDGE ( 'NONE', *, *, #1096, .T. ) ;
#676 = CYLINDRICAL_SURFACE ( 'NONE', #1389, 0.1000000000000001582 ) ;
#677 = ADVANCED_FACE ( 'NONE', ( #144 ), #1256, .F. ) ;
#678 = CARTESIAN_POINT ( 'NONE',  ( 0.7999999999999999334, 0.1199999999999999956, 0.5999999999999999778 ) ) ;
#679 = ORIENTED_EDGE ( 'NONE', *, *, #2032, .F. ) ;
#680 =( NAMED_UNIT ( * ) SI_UNIT ( $, .STERADIAN. ) SOLID_ANGLE_UNIT ( ) );
#681 = EDGE_CURVE ( 'NONE', #1618, #752, #1103, .T. ) ;
#682 = PRESENTATION_STYLE_ASSIGNMENT (( #1057 ) ) ;
#683 = CARTESIAN_POINT ( 'NONE',  ( -0.6500000000000001332, 0.2800000000000000266, -0.4499999999999999556 ) ) ;
#684 = PRESENTATION_LAYER_ASSIGNMENT (  '', '', ( #1332 ) ) ;
#685 = FILL_AREA_STYLE_COLOUR ( '', #1841 ) ;
#686 = VERTEX_POINT ( 'NONE', #1305 ) ;
#687 =( LENGTH_UNIT ( ) NAMED_UNIT ( * ) SI_UNIT ( .MILLI., .METRE. ) );
#688 = PRESENTATION_LAYER_ASSIGNMENT (  '', '', ( #567 ) ) ;
#689 = DIRECTION ( 'NONE',  ( 0.000000000000000000, -1.000000000000000000, 0.000000000000000000 ) ) ;
#690 = EDGE_LOOP ( 'NONE', ( #1900, #2243, #642, #1303 ) ) ;
#691 = FILL_AREA_STYLE_COLOUR ( '', #672 ) ;
#692 =( NAMED_UNIT ( * ) SI_UNIT ( $, .STERADIAN. ) SOLID_ANGLE_UNIT ( ) );
#693 =( NAMED_UNIT ( * ) PLANE_ANGLE_UNIT ( ) SI_UNIT ( $, .RADIAN. ) );
#694 = ORIENTED_EDGE ( 'NONE', *, *, #27, .F. ) ;
#695 = DIRECTION ( 'NONE',  ( 0.000000000000000000, 0.000000000000000000, -1.000000000000000000 ) ) ;
#696 =( GEOMETRIC_REPRESENTATION_CONTEXT ( 3 ) GLOBAL_UNCERTAINTY_ASSIGNED_CONTEXT ( ( #1587 ) ) GLOBAL_UNIT_ASSIGNED_CONTEXT ( ( #1479, #330, #1102 ) ) REPRESENTATION_CONTEXT ( 'NONE', 'WORKASPACE' ) );
#697 = ADVANCED_FACE ( 'NONE', ( #2266 ), #676, .T. ) ;
#698 = VECTOR ( 'NONE', #2046, 1000.000000000000000 ) ;
#699 = LINE ( 'NONE', #2257, #388 ) ;
#700 = PRESENTATION_STYLE_ASSIGNMENT (( #1902 ) ) ;
#701 = ORIENTED_EDGE ( 'NONE', *, *, #1151, .F. ) ;
#702 = SURFACE_STYLE_FILL_AREA ( #161 ) ;
#703 = VECTOR ( 'NONE', #332, 1000.000000000000000 ) ;
#704 =( LENGTH_UNIT ( ) NAMED_UNIT ( * ) SI_UNIT ( .MILLI., .METRE. ) );
#705 = CARTESIAN_POINT ( 'NONE',  ( -0.7500000000000001110, -0.004000000000000000083, -0.5133974596215556963 ) ) ;
#706 = DIRECTION ( 'NONE',  ( 0.000000000000000000, 0.000000000000000000, -1.000000000000000000 ) ) ;
#707 = VERTEX_POINT ( 'NONE', #2170 ) ;
#708 = LINE ( 'NONE', #1503, #908 ) ;
#709 = PRESENTATION_LAYER_ASSIGNMENT (  '', '', ( #2272 ) ) ;
#710 = EDGE_CURVE ( 'NONE', #1680, #2068, #418, .T. ) ;
#711 = COLOUR_RGB ( '',0.6470588235294117974, 0.5176470588235293491, 0.000000000000000000 ) ;
#712 = AXIS2_PLACEMENT_3D ( 'NONE', #1969, #761, #1 ) ;
#713 = DIRECTION ( 'NONE',  ( 0.000000000000000000, 1.000000000000000000, 0.000000000000000000 ) ) ;
#714 = ORIENTED_EDGE ( 'NONE', *, *, #1854, .F. ) ;
#715 = CARTESIAN_POINT ( 'NONE',  ( -0.6999999999999998446, -0.004000000000000000083, -0.5999999999999998668 ) ) ;
#716 = EDGE_LOOP ( 'NONE', ( #1697, #770, #2127, #1369 ) ) ;
#717 = CARTESIAN_POINT ( 'NONE',  ( -1.286824479689678050E-16, -0.000000000000000000, -0.5499999999999997113 ) ) ;
#718 = AXIS2_PLACEMENT_3D ( 'NONE', #1872, #606, #240 ) ;
#719 = ORIENTED_EDGE ( 'NONE', *, *, #1430, .T. ) ;
#720 = DIRECTION ( 'NONE',  ( 0.000000000000000000, -1.000000000000000000, 0.000000000000000000 ) ) ;
#721 = ORIENTED_EDGE ( 'NONE', *, *, #282, .T. ) ;
#722 = ADVANCED_FACE ( 'NONE', ( #573 ), #1336, .T. ) ;
#723 = SURFACE_SIDE_STYLE ('',( #2072 ) ) ;
#724 = MECHANICAL_DESIGN_GEOMETRIC_PRESENTATION_REPRESENTATION (  '', ( #213 ), #1797 ) ;
#725 = CARTESIAN_POINT ( 'NONE',  ( 0.7500000000000000000, 0.000000000000000000, 0.1499999999999999667 ) ) ;
#726 = ORIENTED_EDGE ( 'NONE', *, *, #1430, .F. ) ;
#727 =( LENGTH_UNIT ( ) NAMED_UNIT ( * ) SI_UNIT ( .MILLI., .METRE. ) );
#728 = PRESENTATION_LAYER_ASSIGNMENT (  '', '', ( #2124 ) ) ;
#729 = CARTESIAN_POINT ( 'NONE',  ( -0.6500000000000001332, 0.2800000000000000266, -0.4999999999999997780 ) ) ;
#730 =( NAMED_UNIT ( * ) PLANE_ANGLE_UNIT ( ) SI_UNIT ( $, .RADIAN. ) );
#731 = UNCERTAINTY_MEASURE_WITH_UNIT (LENGTH_MEASURE( 1.000000000000000082E-05 ), #1603, 'distance_accuracy_value', 'NONE');
#732 = ORIENTED_EDGE ( 'NONE', *, *, #1271, .T. ) ;
#733 = DIRECTION ( 'NONE',  ( 0.000000000000000000, 0.000000000000000000, 1.000000000000000000 ) ) ;
#734 = ORIENTED_EDGE ( 'NONE', *, *, #1522, .T. ) ;
#735 = CARTESIAN_POINT ( 'NONE',  ( -0.6999999999999998446, -0.004000000000000000083, -0.5999999999999998668 ) ) ;
#736 = COLOUR_RGB ( '',0.6470588235294117974, 0.5176470588235293491, 0.000000000000000000 ) ;
#737 = PRESENTATION_STYLE_ASSIGNMENT (( #2261 ) ) ;
#738 = COLOUR_RGB ( '',0.7921568627450980005, 0.8196078431372548767, 0.9333333333333333481 ) ;
#739 = CARTESIAN_POINT ( 'NONE',  ( -0.8000000000000000444, 0.000000000000000000, -0.5999999999999998668 ) ) ;
#740 = CARTESIAN_POINT ( 'NONE',  ( -0.8000000000000000444, 0.2800000000000000266, -0.5999999999999998668 ) ) ;
#741 =( NAMED_UNIT ( * ) PLANE_ANGLE_UNIT ( ) SI_UNIT ( $, .RADIAN. ) );
#742 = EDGE_CURVE ( 'NONE', #972, #262, #1063, .T. ) ;
#743 = ORIENTED_EDGE ( 'NONE', *, *, #2087, .F. ) ;
#744 = DIRECTION ( 'NONE',  ( 0.000000000000000000, -1.000000000000000000, 0.000000000000000000 ) ) ;
#745 =( GEOMETRIC_REPRESENTATION_CONTEXT ( 3 ) GLOBAL_UNCERTAINTY_ASSIGNED_CONTEXT ( ( #731 ) ) GLOBAL_UNIT_ASSIGNED_CONTEXT ( ( #1603, #389, #16 ) ) REPRESENTATION_CONTEXT ( 'NONE', 'WORKASPACE' ) );
#746 = PRESENTATION_STYLE_ASSIGNMENT (( #1811 ) ) ;
#747 = DIRECTION ( 'NONE',  ( 0.000000000000000000, 1.000000000000000000, -0.000000000000000000 ) ) ;
#748 = VECTOR ( 'NONE', #452, 1000.000000000000000 ) ;
#749 = EDGE_CURVE ( 'NONE', #315, #879, #933, .T. ) ;
#750 = SURFACE_STYLE_FILL_AREA ( #2279 ) ;
#751 = UNCERTAINTY_MEASURE_WITH_UNIT (LENGTH_MEASURE( 1.000000000000000082E-05 ), #1710, 'distance_accuracy_value', 'NONE');
#752 = VERTEX_POINT ( 'NONE', #2345 ) ;
#753 = AXIS2_PLACEMENT_3D ( 'NONE', #2175, #1167, #971 ) ;
#754 = CARTESIAN_POINT ( 'NONE',  ( -0.7525000000000001688, -0.004000000000000000083, 0.5999999999999998668 ) ) ;
#755 = AXIS2_PLACEMENT_3D ( 'NONE', #1657, #2408, #1425 ) ;
#756 = CARTESIAN_POINT ( 'NONE',  ( -0.8000000000000000444, 0.1199999999999999956, -0.5524999999999997691 ) ) ;
#757 = FILL_AREA_STYLE ('',( #1997 ) ) ;
#758 = FILL_AREA_STYLE_COLOUR ( '', #2169 ) ;
#759 =( GEOMETRIC_REPRESENTATION_CONTEXT ( 3 ) GLOBAL_UNCERTAINTY_ASSIGNED_CONTEXT ( ( #1789 ) ) GLOBAL_UNIT_ASSIGNED_CONTEXT ( ( #1595, #217, #978 ) ) REPRESENTATION_CONTEXT ( 'NONE', 'WORKASPACE' ) );
#760 =( GEOMETRIC_REPRESENTATION_CONTEXT ( 3 ) GLOBAL_UNCERTAINTY_ASSIGNED_CONTEXT ( ( #1501 ) ) GLOBAL_UNIT_ASSIGNED_CONTEXT ( ( #229, #1391, #1549 ) ) REPRESENTATION_CONTEXT ( 'NONE', 'WORKASPACE' ) );
#761 = DIRECTION ( 'NONE',  ( 0.000000000000000000, -1.000000000000000000, 0.000000000000000000 ) ) ;
#762 = DIRECTION ( 'NONE',  ( 1.000000000000000000, 0.000000000000000000, 0.000000000000000000 ) ) ;
#763 = ORIENTED_EDGE ( 'NONE', *, *, #572, .T. ) ;
#764 = DIRECTION ( 'NONE',  ( 0.000000000000000000, 0.000000000000000000, 1.000000000000000000 ) ) ;
#765 = CARTESIAN_POINT ( 'NONE',  ( -0.7000000000000000666, 0.2800000000000000266, -0.4499999999999992339 ) ) ;
#766 = ORIENTED_EDGE ( 'NONE', *, *, #1163, .F. ) ;
#767 = EDGE_CURVE ( 'NONE', #262, #2302, #932, .T. ) ;
#768 = PRODUCT_DEFINITION ( 'UNKNOWN', '', #893, #1346 ) ;
#769 = FILL_AREA_STYLE ('',( #2158 ) ) ;
#770 = ORIENTED_EDGE ( 'NONE', *, *, #827, .T. ) ;
#771 = SURFACE_SIDE_STYLE ('',( #1754 ) ) ;
#772 = CARTESIAN_POINT ( 'NONE',  ( -3.252606517456510221E-17, -0.000000000000000000, 0.1499999999999998002 ) ) ;
#773 = PRESENTATION_LAYER_ASSIGNMENT (  '', '', ( #2471 ) ) ;
#774 = DIRECTION ( 'NONE',  ( 1.000000000000000000, 0.000000000000000000, 0.000000000000000000 ) ) ;
#775 = UNCERTAINTY_MEASURE_WITH_UNIT (LENGTH_MEASURE( 1.000000000000000082E-05 ), #375, 'distance_accuracy_value', 'NONE');
#776 = ORIENTED_EDGE ( 'NONE', *, *, #1690, .F. ) ;
#777 = VECTOR ( 'NONE', #2140, 1000.000000000000000 ) ;
#778 = CARTESIAN_POINT ( 'NONE',  ( 0.7999999999999999334, 0.1199999999999999956, -0.5524999999999997691 ) ) ;
#779 = DIRECTION ( 'NONE',  ( 0.000000000000000000, 0.000000000000000000, -1.000000000000000000 ) ) ;
#780 =( GEOMETRIC_REPRESENTATION_CONTEXT ( 3 ) GLOBAL_UNCERTAINTY_ASSIGNED_CONTEXT ( ( #385 ) ) GLOBAL_UNIT_ASSIGNED_CONTEXT ( ( #2142, #798, #589 ) ) REPRESENTATION_CONTEXT ( 'NONE', 'WORKASPACE' ) );
#781 = AXIS2_PLACEMENT_3D ( 'NONE', #490, #2435, #1649 ) ;
#782 = ADVANCED_FACE ( 'NONE', ( #215 ), #18, .F. ) ;
#783 = EDGE_CURVE ( 'NONE', #1698, #752, #628, .T. ) ;
#784 = TOROIDAL_SURFACE ( 'NONE', #2436, 0.04999999999999996114, 0.05000000000000000278 ) ;
#785 = SURFACE_STYLE_USAGE ( .BOTH. , #592 ) ;
#786 = ORIENTED_EDGE ( 'NONE', *, *, #887, .F. ) ;
#787 = PRESENTATION_LAYER_ASSIGNMENT (  '', '', ( #2102 ) ) ;
#788 = PLANE ( 'NONE',  #1405 ) ;
#789 = DIRECTION ( 'NONE',  ( 4.065758146820640148E-16, 0.000000000000000000, -1.000000000000000000 ) ) ;
#790 =( NAMED_UNIT ( * ) PLANE_ANGLE_UNIT ( ) SI_UNIT ( $, .RADIAN. ) );
#791 = ORIENTED_EDGE ( 'NONE', *, *, #51, .T. ) ;
#792 = PLANE ( 'NONE',  #2354 ) ;
#793 = ORIENTED_EDGE ( 'NONE', *, *, #1637, .F. ) ;
#794 = AXIS2_PLACEMENT_3D ( 'NONE', #1844, #311, #497 ) ;
#795 = VERTEX_POINT ( 'NONE', #469 ) ;
#796 = VECTOR ( 'NONE', #1046, 1000.000000000000000 ) ;
#797 = ADVANCED_FACE ( 'NONE', ( #1243 ), #431, .T. ) ;
#798 =( NAMED_UNIT ( * ) PLANE_ANGLE_UNIT ( ) SI_UNIT ( $, .RADIAN. ) );
#799 = PRESENTATION_STYLE_ASSIGNMENT (( #785 ) ) ;
#800 = ORIENTED_EDGE ( 'NONE', *, *, #1498, .T. ) ;
#801 =( GEOMETRIC_REPRESENTATION_CONTEXT ( 3 ) GLOBAL_UNCERTAINTY_ASSIGNED_CONTEXT ( ( #1116 ) ) GLOBAL_UNIT_ASSIGNED_CONTEXT ( ( #804, #2397, #412 ) ) REPRESENTATION_CONTEXT ( 'NONE', 'WORKASPACE' ) );
#802 =( NAMED_UNIT ( * ) PLANE_ANGLE_UNIT ( ) SI_UNIT ( $, .RADIAN. ) );
#803 = UNCERTAINTY_MEASURE_WITH_UNIT (LENGTH_MEASURE( 1.000000000000000082E-05 ), #986, 'distance_accuracy_value', 'NONE');
#804 =( LENGTH_UNIT ( ) NAMED_UNIT ( * ) SI_UNIT ( .MILLI., .METRE. ) );
#805 = DIRECTION ( 'NONE',  ( 1.355252715606879803E-16, 0.000000000000000000, -1.000000000000000000 ) ) ;
#806 = VERTEX_POINT ( 'NONE', #1826 ) ;
#807 = DIRECTION ( 'NONE',  ( -0.000000000000000000, 1.000000000000000000, -0.000000000000000000 ) ) ;
#808 = VERTEX_POINT ( 'NONE', #2020 ) ;
#809 = DIRECTION ( 'NONE',  ( 0.000000000000000000, 1.000000000000000000, 0.000000000000000000 ) ) ;
#810 = CARTESIAN_POINT ( 'NONE',  ( -0.7500000000000000000, 0.1199999999999999956, -0.5999999999999998668 ) ) ;
#811 = DIRECTION ( 'NONE',  ( 0.000000000000000000, -1.000000000000000000, 0.000000000000000000 ) ) ;
#812 = ORIENTED_EDGE ( 'NONE', *, *, #2123, .F. ) ;
#813 = SURFACE_STYLE_FILL_AREA ( #242 ) ;
#814 = DIRECTION ( 'NONE',  ( 0.000000000000000000, -1.000000000000000000, 0.000000000000000000 ) ) ;
#815 = LINE ( 'NONE', #1008, #748 ) ;
#816 =( GEOMETRIC_REPRESENTATION_CONTEXT ( 3 ) GLOBAL_UNCERTAINTY_ASSIGNED_CONTEXT ( ( #1397 ) ) GLOBAL_UNIT_ASSIGNED_CONTEXT ( ( #1195, #1417, #643 ) ) REPRESENTATION_CONTEXT ( 'NONE', 'WORKASPACE' ) );
#817 = CYLINDRICAL_SURFACE ( 'NONE', #2111, 0.04750000000000001443 ) ;
#818 = DIRECTION ( 'NONE',  ( 0.000000000000000000, 0.000000000000000000, 1.000000000000000000 ) ) ;
#819 = STYLED_ITEM ( 'NONE', ( #918 ), #2503 ) ;
#820 = DIRECTION ( 'NONE',  ( 0.000000000000000000, -1.000000000000000000, 0.000000000000000000 ) ) ;
#821 = AXIS2_PLACEMENT_3D ( 'NONE', #1388, #63, #979 ) ;
#822 =( GEOMETRIC_REPRESENTATION_CONTEXT ( 3 ) GLOBAL_UNCERTAINTY_ASSIGNED_CONTEXT ( ( #2202 ) ) GLOBAL_UNIT_ASSIGNED_CONTEXT ( ( #119, #133, #2209 ) ) REPRESENTATION_CONTEXT ( 'NONE', 'WORKASPACE' ) );
#823 = EDGE_CURVE ( 'NONE', #806, #2441, #427, .T. ) ;
#824 = DIRECTION ( 'NONE',  ( 0.000000000000000000, 1.000000000000000000, 0.000000000000000000 ) ) ;
#825 = ORIENTED_EDGE ( 'NONE', *, *, #1270, .F. ) ;
#826 = FACE_OUTER_BOUND ( 'NONE', #221, .T. ) ;
#827 = EDGE_CURVE ( 'NONE', #387, #1376, #260, .T. ) ;
#828 = CARTESIAN_POINT ( 'NONE',  ( 0.7999999999999999334, -0.004000000000000000083, 0.4999999999999997780 ) ) ;
#829 = ORIENTED_EDGE ( 'NONE', *, *, #2173, .F. ) ;
#830 = CARTESIAN_POINT ( 'NONE',  ( 0.6500000000000001332, 0.2800000000000000266, -0.4499999999999999556 ) ) ;
#831 =( LENGTH_UNIT ( ) NAMED_UNIT ( * ) SI_UNIT ( .MILLI., .METRE. ) );
#832 = UNCERTAINTY_MEASURE_WITH_UNIT (LENGTH_MEASURE( 1.000000000000000082E-05 ), #2495, 'distance_accuracy_value', 'NONE');
#833 = STYLED_ITEM ( 'NONE', ( #12 ), #34 ) ;
#834 = ADVANCED_FACE ( 'NONE', ( #826 ), #1206, .T. ) ;
#835 = DIRECTION ( 'NONE',  ( 0.000000000000000000, 0.000000000000000000, 1.000000000000000000 ) ) ;
#836 = VECTOR ( 'NONE', #220, 1000.000000000000000 ) ;
#837 = ORIENTED_EDGE ( 'NONE', *, *, #1096, .F. ) ;
#838 = ORIENTED_EDGE ( 'NONE', *, *, #2283, .F. ) ;
#839 = COLOUR_RGB ( '',0.6470588235294117974, 0.5176470588235293491, 0.000000000000000000 ) ;
#840 = ORIENTED_EDGE ( 'NONE', *, *, #1767, .T. ) ;
#841 = LINE ( 'NONE', #1237, #196 ) ;
#842 = DIRECTION ( 'NONE',  ( 0.000000000000000000, 0.000000000000000000, 1.000000000000000000 ) ) ;
#843 = EDGE_LOOP ( 'NONE', ( #2286, #543, #1474, #1347 ) ) ;
#844 = ORIENTED_EDGE ( 'NONE', *, *, #1007, .T. ) ;
#845 = MECHANICAL_DESIGN_GEOMETRIC_PRESENTATION_REPRESENTATION (  '', ( #1912 ), #174 ) ;
#846 = DIRECTION ( 'NONE',  ( -0.000000000000000000, -0.000000000000000000, 1.000000000000000000 ) ) ;
#847 = PRESENTATION_STYLE_ASSIGNMENT (( #1650 ) ) ;
#848 = DIRECTION ( 'NONE',  ( 0.000000000000000000, -1.000000000000000000, 0.000000000000000000 ) ) ;
#849 = ORIENTED_EDGE ( 'NONE', *, *, #1196, .F. ) ;
#850 = EDGE_CURVE ( 'NONE', #2183, #1639, #379, .T. ) ;
#851 = SURFACE_SIDE_STYLE ('',( #81 ) ) ;
#852 =( LENGTH_UNIT ( ) NAMED_UNIT ( * ) SI_UNIT ( .MILLI., .METRE. ) );
#853 = ORIENTED_EDGE ( 'NONE', *, *, #671, .T. ) ;
#854 = CARTESIAN_POINT ( 'NONE',  ( 0.2500000000000001665, 0.1199999999999999956, -0.1499999999999996891 ) ) ;
#855 = EDGE_CURVE ( 'NONE', #2253, #1528, #614, .T. ) ;
#856 = CARTESIAN_POINT ( 'NONE',  ( 0.000000000000000000, 0.000000000000000000, 0.000000000000000000 ) ) ;
#857 = AXIS2_PLACEMENT_3D ( 'NONE', #1534, #885, #2481 ) ;
#858 = CARTESIAN_POINT ( 'NONE',  ( 0.8000000000000000444, 0.000000000000000000, 0.5999999999999999778 ) ) ;
#859 = ORIENTED_EDGE ( 'NONE', *, *, #426, .T. ) ;
#860 =( NAMED_UNIT ( * ) PLANE_ANGLE_UNIT ( ) SI_UNIT ( $, .RADIAN. ) );
#861 = STYLED_ITEM ( 'NONE', ( #682 ), #276 ) ;
#862 = CIRCLE ( 'NONE', #1578, 0.1000000000000001582 ) ;
#863 = SURFACE_STYLE_USAGE ( .BOTH. , #287 ) ;
#864 = DIRECTION ( 'NONE',  ( -0.000000000000000000, 1.000000000000000000, -0.000000000000000000 ) ) ;
#865 = ORIENTED_EDGE ( 'NONE', *, *, #2193, .F. ) ;
#866 = MECHANICAL_DESIGN_GEOMETRIC_PRESENTATION_REPRESENTATION (  '', ( #1531 ), #1411 ) ;
#867 = FILL_AREA_STYLE_COLOUR ( '', #738 ) ;
#868 = DIRECTION ( 'NONE',  ( 1.000000000000000000, -0.000000000000000000, 0.000000000000000000 ) ) ;
#869 = SURFACE_SIDE_STYLE ('',( #1465 ) ) ;
#870 = VERTEX_POINT ( 'NONE', #1385 ) ;
#871 = VECTOR ( 'NONE', #2121, 1000.000000000000000 ) ;
#872 = LINE ( 'NONE', #1238, #450 ) ;
#873 = PRESENTATION_LAYER_ASSIGNMENT (  '', '', ( #1128 ) ) ;
#874 = FILL_AREA_STYLE ('',( #2029 ) ) ;
#875 = CARTESIAN_POINT ( 'NONE',  ( 0.7524999999999999467, -0.004000000000000000083, -0.5999999999999997558 ) ) ;
#876 =( NAMED_UNIT ( * ) SI_UNIT ( $, .STERADIAN. ) SOLID_ANGLE_UNIT ( ) );
#877 = DIRECTION ( 'NONE',  ( 0.000000000000000000, -1.000000000000000000, 0.000000000000000000 ) ) ;
#878 = DIRECTION ( 'NONE',  ( 0.000000000000000000, -1.000000000000000000, 0.000000000000000000 ) ) ;
#879 = VERTEX_POINT ( 'NONE', #2388 ) ;
#880 = DIRECTION ( 'NONE',  ( 1.000000000000000000, 0.000000000000000000, 0.000000000000000000 ) ) ;
#881 = AXIS2_PLACEMENT_3D ( 'NONE', #101, #1638, #2424 ) ;
#882 = AXIS2_PLACEMENT_3D ( 'NONE', #2478, #1309, #2092 ) ;
#883 = LINE ( 'NONE', #1484, #1138 ) ;
#884 = ORIENTED_EDGE ( 'NONE', *, *, #2076, .F. ) ;
#885 = DIRECTION ( 'NONE',  ( 0.000000000000000000, -1.000000000000000000, 0.000000000000000000 ) ) ;
#886 = CARTESIAN_POINT ( 'NONE',  ( 0.7524999999999999467, 0.1199999999999999956, -0.5999999999999997558 ) ) ;
#887 = EDGE_CURVE ( 'NONE', #2084, #1219, #2218, .T. ) ;
#888 =( NAMED_UNIT ( * ) SI_UNIT ( $, .STERADIAN. ) SOLID_ANGLE_UNIT ( ) );
#889 = DIRECTION ( 'NONE',  ( 0.000000000000000000, -0.000000000000000000, -1.000000000000000000 ) ) ;
#890 = ORIENTED_EDGE ( 'NONE', *, *, #2335, .T. ) ;
#891 = PRESENTATION_STYLE_ASSIGNMENT (( #1875 ) ) ;
#892 = EDGE_CURVE ( 'NONE', #14, #2067, #2197, .T. ) ;
#893 = PRODUCT_DEFINITION_FORMATION_WITH_SPECIFIED_SOURCE ( 'ANY', '', #2450, .NOT_KNOWN. ) ;
#894 = COLOUR_RGB ( '',0.1098039215686274495, 0.1098039215686274495, 0.1098039215686274495 ) ;
#895 = CARTESIAN_POINT ( 'NONE',  ( -0.2500000000000002776, -0.004000000000000000083, 0.1499999999999998557 ) ) ;
#896 = ORIENTED_EDGE ( 'NONE', *, *, #87, .T. ) ;
#897 = PRODUCT_DEFINITION_SHAPE ( 'NONE', 'NONE',  #768 ) ;
#898 = CARTESIAN_POINT ( 'NONE',  ( 0.8000000000000000444, 0.1199999999999999956, 0.5500000000000000444 ) ) ;
#899 = LINE ( 'NONE', #1669, #2273 ) ;
#900 = DIRECTION ( 'NONE',  ( 0.000000000000000000, -1.000000000000000000, 0.000000000000000000 ) ) ;
#901 = CARTESIAN_POINT ( 'NONE',  ( -0.6500000000000001332, 0.2800000000000000266, 0.4499999999999998446 ) ) ;
#902 = EDGE_LOOP ( 'NONE', ( #248, #1130, #1852, #1186 ) ) ;
#903 = EDGE_CURVE ( 'NONE', #2119, #1589, #619, .T. ) ;
#904 = UNCERTAINTY_MEASURE_WITH_UNIT (LENGTH_MEASURE( 1.000000000000000082E-05 ), #1532, 'distance_accuracy_value', 'NONE');
#905 = ORIENTED_EDGE ( 'NONE', *, *, #1006, .T. ) ;
#906 = DIRECTION ( 'NONE',  ( 0.000000000000000000, 0.000000000000000000, -1.000000000000000000 ) ) ;
#907 = CIRCLE ( 'NONE', #1118, 0.05000000000000002359 ) ;
#908 = VECTOR ( 'NONE', #880, 1000.000000000000000 ) ;
#909 = CIRCLE ( 'NONE', #1974, 0.05000000000000002359 ) ;
#910 = FILL_AREA_STYLE ('',( #2293 ) ) ;
#911 = DIRECTION ( 'NONE',  ( -0.000000000000000000, 1.000000000000000000, -0.000000000000000000 ) ) ;
#912 = ORIENTED_EDGE ( 'NONE', *, *, #855, .F. ) ;
#913 = DIRECTION ( 'NONE',  ( 0.000000000000000000, 0.000000000000000000, -1.000000000000000000 ) ) ;
#914 = CARTESIAN_POINT ( 'NONE',  ( -0.7133974596215559849, -0.004000000000000000083, 0.5500000000000000444 ) ) ;
#915 = VECTOR ( 'NONE', #814, 1000.000000000000000 ) ;
#916 = LINE ( 'NONE', #717, #1654 ) ;
#917 = EDGE_LOOP ( 'NONE', ( #679, #1401, #75, #2370 ) ) ;
#918 = PRESENTATION_STYLE_ASSIGNMENT (( #166 ) ) ;
#919 = ORIENTED_EDGE ( 'NONE', *, *, #1993, .T. ) ;
#920 = DIRECTION ( 'NONE',  ( 0.000000000000000000, 0.000000000000000000, -1.000000000000000000 ) ) ;
#921 = PRESENTATION_STYLE_ASSIGNMENT (( #331 ) ) ;
#922 = VECTOR ( 'NONE', #1097, 1000.000000000000000 ) ;
#923 = CARTESIAN_POINT ( 'NONE',  ( 0.2500000000000001665, 0.1199999999999999956, 0.1499999999999998557 ) ) ;
#924 = DIRECTION ( 'NONE',  ( 0.000000000000000000, 1.000000000000000000, -0.000000000000000000 ) ) ;
#925 = EDGE_LOOP ( 'NONE', ( #1117, #1939, #1566, #219, #207, #2419, #2359, #1278, #2291 ) ) ;
#926 =( LENGTH_UNIT ( ) NAMED_UNIT ( * ) SI_UNIT ( .MILLI., .METRE. ) );
#927 = PRESENTATION_LAYER_ASSIGNMENT (  '', '', ( #2028 ) ) ;
#928 = ADVANCED_FACE ( 'NONE', ( #1394 ), #2185, .T. ) ;
#929 = CARTESIAN_POINT ( 'NONE',  ( 0.6999999999999997335, -0.004000000000000000083, 0.5999999999999999778 ) ) ;
#930 = UNCERTAINTY_MEASURE_WITH_UNIT (LENGTH_MEASURE( 1.000000000000000082E-05 ), #1728, 'distance_accuracy_value', 'NONE');
#931 = ORIENTED_EDGE ( 'NONE', *, *, #903, .F. ) ;
#932 = LINE ( 'NONE', #2107, #1722 ) ;
#933 = CIRCLE ( 'NONE', #74, 0.04750000000000001443 ) ;
#934 = CARTESIAN_POINT ( 'NONE',  ( -0.7000000000000000666, 0.3300000000000000711, 0.4499999999999991229 ) ) ;
#935 = FACE_OUTER_BOUND ( 'NONE', #2502, .T. ) ;
#936 = VERTEX_POINT ( 'NONE', #1798 ) ;
#937 = AXIS2_PLACEMENT_3D ( 'NONE', #467, #267, #1227 ) ;
#938 = EDGE_CURVE ( 'NONE', #1284, #1136, #2013, .T. ) ;
#939 = CARTESIAN_POINT ( 'NONE',  ( 0.7999999999999999334, 0.000000000000000000, -0.5999999999999997558 ) ) ;
#940 = STYLED_ITEM ( 'NONE', ( #921 ), #960 ) ;
#941 = PLANE ( 'NONE',  #821 ) ;
#942 = CIRCLE ( 'NONE', #2391, 0.04750000000000001443 ) ;
#943 =( LENGTH_UNIT ( ) NAMED_UNIT ( * ) SI_UNIT ( .MILLI., .METRE. ) );
#944 = SURFACE_STYLE_FILL_AREA ( #2132 ) ;
#945 = VERTEX_POINT ( 'NONE', #1827 ) ;
#946 = VECTOR ( 'NONE', #2015, 1000.000000000000000 ) ;
#947 = LINE ( 'NONE', #2108, #190 ) ;
#948 = SURFACE_SIDE_STYLE ('',( #576 ) ) ;
#949 =( NAMED_UNIT ( * ) PLANE_ANGLE_UNIT ( ) SI_UNIT ( $, .RADIAN. ) );
#950 = FILL_AREA_STYLE_COLOUR ( '', #281 ) ;
#951 = DIRECTION ( 'NONE',  ( 0.000000000000000000, 1.000000000000000000, 0.000000000000000000 ) ) ;
#952 =( NAMED_UNIT ( * ) PLANE_ANGLE_UNIT ( ) SI_UNIT ( $, .RADIAN. ) );
#953 =( NAMED_UNIT ( * ) SI_UNIT ( $, .STERADIAN. ) SOLID_ANGLE_UNIT ( ) );
#954 = CYLINDRICAL_SURFACE ( 'NONE', #2081, 0.1000000000000001582 ) ;
#955 = UNCERTAINTY_MEASURE_WITH_UNIT (LENGTH_MEASURE( 1.000000000000000082E-05 ), #831, 'distance_accuracy_value', 'NONE');
#956 = ORIENTED_EDGE ( 'NONE', *, *, #125, .T. ) ;
#957 = LINE ( 'NONE', #1747, #2323 ) ;
#958 = LINE ( 'NONE', #1734, #871 ) ;
#959 = AXIS2_PLACEMENT_3D ( 'NONE', #73, #1000, #57 ) ;
#960 = ADVANCED_FACE ( 'NONE', ( #1678 ), #2466, .T. ) ;
#961 = ADVANCED_FACE ( 'NONE', ( #1341 ), #941, .T. ) ;
#962 = ORIENTED_EDGE ( 'NONE', *, *, #461, .F. ) ;
#963 = DIRECTION ( 'NONE',  ( 0.000000000000000000, -1.000000000000000000, 0.000000000000000000 ) ) ;
#964 = SURFACE_SIDE_STYLE ('',( #1736 ) ) ;
#965 =( LENGTH_UNIT ( ) NAMED_UNIT ( * ) SI_UNIT ( .MILLI., .METRE. ) );
#966 = DIRECTION ( 'NONE',  ( 1.000000000000000000, 0.000000000000000000, 0.000000000000000000 ) ) ;
#967 = ORIENTED_EDGE ( 'NONE', *, *, #1304, .T. ) ;
#968 = VECTOR ( 'NONE', #563, 1000.000000000000000 ) ;
#969 = CARTESIAN_POINT ( 'NONE',  ( 0.7999999999999999334, -0.004000000000000000083, 0.5524999999999998801 ) ) ;
#970 = DIRECTION ( 'NONE',  ( -0.000000000000000000, 1.000000000000000000, -0.000000000000000000 ) ) ;
#971 = DIRECTION ( 'NONE',  ( 0.000000000000000000, -0.000000000000000000, -1.000000000000000000 ) ) ;
#972 = VERTEX_POINT ( 'NONE', #1404 ) ;
#973 = ADVANCED_FACE ( 'NONE', ( #395 ), #2195, .T. ) ;
#974 = LINE ( 'NONE', #999, #1853 ) ;
#975 = ORIENTED_EDGE ( 'NONE', *, *, #522, .T. ) ;
#976 = SURFACE_SIDE_STYLE ('',( #1545 ) ) ;
#977 = VERTEX_POINT ( 'NONE', #291 ) ;
#978 =( NAMED_UNIT ( * ) SI_UNIT ( $, .STERADIAN. ) SOLID_ANGLE_UNIT ( ) );
#979 = DIRECTION ( 'NONE',  ( -1.000000000000000000, 0.000000000000000000, 2.339680872163052390E-16 ) ) ;
#980 = CARTESIAN_POINT ( 'NONE',  ( -0.7500000000000001110, 0.1199999999999999956, -0.5133974596215556963 ) ) ;
#981 = ORIENTED_EDGE ( 'NONE', *, *, #1800, .T. ) ;
#982 = COLOUR_RGB ( '',0.6470588235294117974, 0.5176470588235293491, 0.000000000000000000 ) ;
#983 =( GEOMETRIC_REPRESENTATION_CONTEXT ( 3 ) GLOBAL_UNCERTAINTY_ASSIGNED_CONTEXT ( ( #1524 ) ) GLOBAL_UNIT_ASSIGNED_CONTEXT ( ( #965, #1663, #2031 ) ) REPRESENTATION_CONTEXT ( 'NONE', 'WORKASPACE' ) );
#984 =( LENGTH_UNIT ( ) NAMED_UNIT ( * ) SI_UNIT ( .MILLI., .METRE. ) );
#985 = CARTESIAN_POINT ( 'NONE',  ( 0.7000000000000000666, 0.3300000000000000711, 0.4499999999999991229 ) ) ;
#986 =( LENGTH_UNIT ( ) NAMED_UNIT ( * ) SI_UNIT ( .MILLI., .METRE. ) );
#987 = CIRCLE ( 'NONE', #2181, 0.1000000000000001582 ) ;
#988 = VERTEX_POINT ( 'NONE', #502 ) ;
#989 = VECTOR ( 'NONE', #181, 1000.000000000000000 ) ;
#990 = DIRECTION ( 'NONE',  ( 1.000000000000000000, -0.000000000000000000, 2.168404344971009854E-16 ) ) ;
#991 = EDGE_CURVE ( 'NONE', #320, #547, #1845, .T. ) ;
#992 = PRESENTATION_LAYER_ASSIGNMENT (  '', '', ( #2089 ) ) ;
#993 = ORIENTED_EDGE ( 'NONE', *, *, #1598, .T. ) ;
#994 = CARTESIAN_POINT ( 'NONE',  ( -0.7500000000000002220, 0.1199999999999999956, -0.1499999999999998557 ) ) ;
#995 =( NAMED_UNIT ( * ) SI_UNIT ( $, .STERADIAN. ) SOLID_ANGLE_UNIT ( ) );
#996 = LINE ( 'NONE', #740, #88 ) ;
#997 = FILL_AREA_STYLE ('',( #1970 ) ) ;
#998 = DIRECTION ( 'NONE',  ( 0.000000000000000000, 0.000000000000000000, 1.000000000000000000 ) ) ;
#999 = CARTESIAN_POINT ( 'NONE',  ( -0.8000000000000001554, 0.1199999999999999956, 0.4999999999999996669 ) ) ;
#1000 = DIRECTION ( 'NONE',  ( 0.000000000000000000, 1.000000000000000000, 0.000000000000000000 ) ) ;
#1001 = ORIENTED_EDGE ( 'NONE', *, *, #1690, .T. ) ;
#1002 = MANIFOLD_SOLID_BREP ( 'Fillet1', #1660 ) ;
#1003 =( GEOMETRIC_REPRESENTATION_CONTEXT ( 3 ) GLOBAL_UNCERTAINTY_ASSIGNED_CONTEXT ( ( #955 ) ) GLOBAL_UNIT_ASSIGNED_CONTEXT ( ( #831, #2416, #1259 ) ) REPRESENTATION_CONTEXT ( 'NONE', 'WORKASPACE' ) );
#1004 = DIRECTION ( 'NONE',  ( 1.000000000000000000, 0.000000000000000000, 0.000000000000000000 ) ) ;
#1005 = VERTEX_POINT ( 'NONE', #1032 ) ;
#1006 = EDGE_CURVE ( 'NONE', #686, #988, #2344, .T. ) ;
#1007 = EDGE_CURVE ( 'NONE', #2062, #315, #145, .T. ) ;
#1008 = CARTESIAN_POINT ( 'NONE',  ( -0.7500000000000002220, -0.000000000000000000, 0.000000000000000000 ) ) ;
#1009 = STYLED_ITEM ( 'NONE', ( #2157 ), #1422 ) ;
#1010 = SURFACE_SIDE_STYLE ('',( #1948 ) ) ;
#1011 = UNCERTAINTY_MEASURE_WITH_UNIT (LENGTH_MEASURE( 1.000000000000000082E-05 ), #1099, 'distance_accuracy_value', 'NONE');
#1012 = AXIS2_PLACEMENT_3D ( 'NONE', #2400, #258, #1146 ) ;
#1013 = CARTESIAN_POINT ( 'NONE',  ( -1.286824479689678543E-16, 0.000000000000000000, 0.5499999999999999334 ) ) ;
#1014 = SURFACE_STYLE_USAGE ( .BOTH. , #964 ) ;
#1015 = FILL_AREA_STYLE ('',( #2322 ) ) ;
#1016 = ORIENTED_EDGE ( 'NONE', *, *, #1934, .T. ) ;
#1017 = CARTESIAN_POINT ( 'NONE',  ( -0.6500000000000001332, 0.3300000000000000711, 0.4499999999999998446 ) ) ;
#1018 = CARTESIAN_POINT ( 'NONE',  ( -0.7500000000000002220, -0.000000000000000000, 0.1499999999999998557 ) ) ;
#1019 = LINE ( 'NONE', #1431, #59 ) ;
#1020 = EDGE_CURVE ( 'NONE', #1687, #310, #1323, .T. ) ;
#1021 = ORIENTED_EDGE ( 'NONE', *, *, #271, .T. ) ;
#1022 = CARTESIAN_POINT ( 'NONE',  ( -0.7500000000000002220, 0.1199999999999999956, 0.5133974596215556963 ) ) ;
#1023 = PRESENTATION_LAYER_ASSIGNMENT (  '', '', ( #2423 ) ) ;
#1024 = CARTESIAN_POINT ( 'NONE',  ( 0.000000000000000000, 0.000000000000000000, -0.5500000000000000444 ) ) ;
#1025 =( GEOMETRIC_REPRESENTATION_CONTEXT ( 3 ) GLOBAL_UNCERTAINTY_ASSIGNED_CONTEXT ( ( #751 ) ) GLOBAL_UNIT_ASSIGNED_CONTEXT ( ( #1710, #730, #178 ) ) REPRESENTATION_CONTEXT ( 'NONE', 'WORKASPACE' ) );
#1026 = VECTOR ( 'NONE', #1041, 1000.000000000000000 ) ;
#1027 = STYLED_ITEM ( 'NONE', ( #847 ), #1002 ) ;
#1028 = FACE_OUTER_BOUND ( 'NONE', #361, .T. ) ;
#1029 = SURFACE_SIDE_STYLE ('',( #2516 ) ) ;
#1030 = DIRECTION ( 'NONE',  ( -1.000000000000000000, 0.000000000000000000, 0.000000000000000000 ) ) ;
#1031 = ORIENTED_EDGE ( 'NONE', *, *, #1705, .F. ) ;
#1032 = CARTESIAN_POINT ( 'NONE',  ( -0.7525000000000000577, 0.1199999999999999956, -0.5999999999999998668 ) ) ;
#1033 = CARTESIAN_POINT ( 'NONE',  ( 0.2500000000000001665, -0.004000000000000000083, -0.1499999999999996891 ) ) ;
#1034 = ORIENTED_EDGE ( 'NONE', *, *, #1713, .F. ) ;
#1035 = DIRECTION ( 'NONE',  ( 0.000000000000000000, 0.000000000000000000, -1.000000000000000000 ) ) ;
#1036 = DIRECTION ( 'NONE',  ( 0.000000000000000000, 0.000000000000000000, -1.000000000000000000 ) ) ;
#1037 = MECHANICAL_DESIGN_GEOMETRIC_PRESENTATION_REPRESENTATION (  '', ( #118 ), #745 ) ;
#1038 = CARTESIAN_POINT ( 'NONE',  ( 0.8000000000000000444, 0.1199999999999999956, 0.6000000000000000888 ) ) ;
#1039 = LINE ( 'NONE', #1475, #2389 ) ;
#1040 = ORIENTED_EDGE ( 'NONE', *, *, #1670, .T. ) ;
#1041 = DIRECTION ( 'NONE',  ( 0.000000000000000000, -1.000000000000000000, 0.000000000000000000 ) ) ;
#1042 = EDGE_CURVE ( 'NONE', #2498, #1709, #2513, .T. ) ;
#1043 = CIRCLE ( 'NONE', #2491, 0.05000000000000002359 ) ;
#1044 = SURFACE_STYLE_FILL_AREA ( #1619 ) ;
#1045 = ORIENTED_EDGE ( 'NONE', *, *, #2022, .T. ) ;
#1046 = DIRECTION ( 'NONE',  ( 0.000000000000000000, -1.000000000000000000, 0.000000000000000000 ) ) ;
#1047 = COLOUR_RGB ( '',0.1098039215686274495, 0.1098039215686274495, 0.1098039215686274495 ) ;
#1048 =( NAMED_UNIT ( * ) PLANE_ANGLE_UNIT ( ) SI_UNIT ( $, .RADIAN. ) );
#1049 = ADVANCED_FACE ( 'NONE', ( #1714 ), #2267, .F. ) ;
#1050 = VERTEX_POINT ( 'NONE', #2059 ) ;
#1051 = MECHANICAL_DESIGN_GEOMETRIC_PRESENTATION_REPRESENTATION (  '', ( #2124 ), #2250 ) ;
#1052 = DIRECTION ( 'NONE',  ( -1.000000000000000000, 0.000000000000000000, 0.000000000000000000 ) ) ;
#1053 = SURFACE_SIDE_STYLE ('',( #1268 ) ) ;
#1054 = CARTESIAN_POINT ( 'NONE',  ( -0.7133974596215559849, 0.1199999999999999956, -0.5500000000000000444 ) ) ;
#1055 = ORIENTED_EDGE ( 'NONE', *, *, #991, .T. ) ;
#1056 = FACE_OUTER_BOUND ( 'NONE', #917, .T. ) ;
#1057 = SURFACE_STYLE_USAGE ( .BOTH. , #1843 ) ;
#1058 = DIRECTION ( 'NONE',  ( 0.000000000000000000, 0.000000000000000000, 1.000000000000000000 ) ) ;
#1059 = CARTESIAN_POINT ( 'NONE',  ( -0.2500000000000002220, 0.1199999999999999956, 0.5500000000000000444 ) ) ;
#1060 =( NAMED_UNIT ( * ) SI_UNIT ( $, .STERADIAN. ) SOLID_ANGLE_UNIT ( ) );
#1061 = MECHANICAL_DESIGN_GEOMETRIC_PRESENTATION_REPRESENTATION (  '', ( #424 ), #2506 ) ;
#1062 = CARTESIAN_POINT ( 'NONE',  ( -0.7525000000000000577, -0.004000000000000000083, -0.5999999999999998668 ) ) ;
#1063 = CIRCLE ( 'NONE', #1393, 0.1000000000000001582 ) ;
#1064 = ORIENTED_EDGE ( 'NONE', *, *, #1236, .F. ) ;
#1065 = EDGE_CURVE ( 'NONE', #1284, #143, #987, .T. ) ;
#1066 = MECHANICAL_DESIGN_GEOMETRIC_PRESENTATION_REPRESENTATION (  '', ( #1518 ), #2262 ) ;
#1067 = SURFACE_STYLE_USAGE ( .BOTH. , #2451 ) ;
#1068 = CARTESIAN_POINT ( 'NONE',  ( -0.6999999999999998446, 0.1199999999999999956, -0.5999999999999998668 ) ) ;
#1069 = DIRECTION ( 'NONE',  ( 0.000000000000000000, 0.000000000000000000, -1.000000000000000000 ) ) ;
#1070 = EDGE_LOOP ( 'NONE', ( #1381, #675, #2043, #499 ) ) ;
#1071 = CARTESIAN_POINT ( 'NONE',  ( 0.6500000000000001332, 0.2800000000000000266, -0.4999999999999997780 ) ) ;
#1072 = ORIENTED_EDGE ( 'NONE', *, *, #1464, .F. ) ;
#1073 = CIRCLE ( 'NONE', #2480, 0.1000000000000001582 ) ;
#1074 = FACE_OUTER_BOUND ( 'NONE', #1432, .T. ) ;
#1075 = STYLED_ITEM ( 'NONE', ( #632 ), #386 ) ;
#1076 = DIRECTION ( 'NONE',  ( 1.000000000000000000, 0.000000000000000000, -2.339680872163052390E-16 ) ) ;
#1077 = CARTESIAN_POINT ( 'NONE',  ( -0.7525000000000000577, 0.1199999999999999956, -0.5999999999999998668 ) ) ;
#1078 = CARTESIAN_POINT ( 'NONE',  ( 0.2500000000000001665, -0.000000000000000000, -0.1499999999999996891 ) ) ;
#1079 = EDGE_LOOP ( 'NONE', ( #743, #102, #1001, #912 ) ) ;
#1080 = DIRECTION ( 'NONE',  ( 0.000000000000000000, 0.000000000000000000, -1.000000000000000000 ) ) ;
#1081 = CARTESIAN_POINT ( 'NONE',  ( 0.6499999999999998002, 0.2800000000000000266, 0.4999999999999997780 ) ) ;
#1082 = LINE ( 'NONE', #895, #459 ) ;
#1083 = ORIENTED_EDGE ( 'NONE', *, *, #156, .F. ) ;
#1084 = TOROIDAL_SURFACE ( 'NONE', #1127, 0.04999999999999996114, 0.05000000000000000278 ) ;
#1085 = CARTESIAN_POINT ( 'NONE',  ( 0.7999999999999999334, 0.1199999999999999956, -0.5999999999999997558 ) ) ;
#1086 = COLOUR_RGB ( '',0.6470588235294117974, 0.5176470588235293491, 0.000000000000000000 ) ;
#1087 = ADVANCED_FACE ( 'NONE', ( #1623 ), #1276, .F. ) ;
#1088 = DIRECTION ( 'NONE',  ( 0.000000000000000000, -1.000000000000000000, 0.000000000000000000 ) ) ;
#1089 = DIRECTION ( 'NONE',  ( 0.000000000000000000, 0.000000000000000000, 1.000000000000000000 ) ) ;
#1090 = ORIENTED_EDGE ( 'NONE', *, *, #27, .T. ) ;
#1091 = COLOUR_RGB ( '',0.6470588235294117974, 0.5176470588235293491, 0.000000000000000000 ) ;
#1092 = DIRECTION ( 'NONE',  ( 0.000000000000000000, -1.000000000000000000, 0.000000000000000000 ) ) ;
#1093 = CARTESIAN_POINT ( 'NONE',  ( -0.7500000000000002220, 0.1199999999999999956, 0.1499999999999998557 ) ) ;
#1094 = DIRECTION ( 'NONE',  ( 0.000000000000000000, 0.000000000000000000, 1.000000000000000000 ) ) ;
#1095 = ORIENTED_EDGE ( 'NONE', *, *, #645, .F. ) ;
#1096 = EDGE_CURVE ( 'NONE', #1265, #1687, #224, .T. ) ;
#1097 = DIRECTION ( 'NONE',  ( 0.000000000000000000, 0.000000000000000000, -1.000000000000000000 ) ) ;
#1098 = DIRECTION ( 'NONE',  ( -0.000000000000000000, 1.000000000000000000, -0.000000000000000000 ) ) ;
#1099 =( LENGTH_UNIT ( ) NAMED_UNIT ( * ) SI_UNIT ( .MILLI., .METRE. ) );
#1100 = ORIENTED_EDGE ( 'NONE', *, *, #1972, .T. ) ;
#1101 = ORIENTED_EDGE ( 'NONE', *, *, #1598, .F. ) ;
#1102 =( NAMED_UNIT ( * ) SI_UNIT ( $, .STERADIAN. ) SOLID_ANGLE_UNIT ( ) );
#1103 = CIRCLE ( 'NONE', #1925, 0.05000000000000002359 ) ;
#1104 = PRESENTATION_LAYER_ASSIGNMENT (  '', '', ( #424 ) ) ;
#1105 = COLOUR_RGB ( '',0.6470588235294117974, 0.5176470588235293491, 0.000000000000000000 ) ;
#1106 = MECHANICAL_DESIGN_GEOMETRIC_PRESENTATION_REPRESENTATION (  '', ( #2471 ), #1307 ) ;
#1107 = FACE_OUTER_BOUND ( 'NONE', #902, .T. ) ;
#1108 = ORIENTED_EDGE ( 'NONE', *, *, #1125, .T. ) ;
#1109 = VECTOR ( 'NONE', #306, 1000.000000000000000 ) ;
#1110 = PRESENTATION_LAYER_ASSIGNMENT (  '', '', ( #1567 ) ) ;
#1111 = VECTOR ( 'NONE', #1943, 1000.000000000000000 ) ;
#1112 = DIRECTION ( 'NONE',  ( 0.000000000000000000, 0.000000000000000000, 1.000000000000000000 ) ) ;
#1113 = PRESENTATION_LAYER_ASSIGNMENT (  '', '', ( #1447 ) ) ;
#1114 = ORIENTED_EDGE ( 'NONE', *, *, #1251, .T. ) ;
#1115 = DIRECTION ( 'NONE',  ( 0.000000000000000000, 0.000000000000000000, -1.000000000000000000 ) ) ;
#1116 = UNCERTAINTY_MEASURE_WITH_UNIT (LENGTH_MEASURE( 1.000000000000000082E-05 ), #804, 'distance_accuracy_value', 'NONE');
#1117 = ORIENTED_EDGE ( 'NONE', *, *, #1918, .T. ) ;
#1118 = AXIS2_PLACEMENT_3D ( 'NONE', #2427, #68, #1035 ) ;
#1119 = VECTOR ( 'NONE', #1677, 1000.000000000000000 ) ;
#1120 = DIRECTION ( 'NONE',  ( 0.000000000000000000, -1.000000000000000000, 0.000000000000000000 ) ) ;
#1121 = ADVANCED_FACE ( 'NONE', ( #2061 ), #170, .T. ) ;
#1122 = EDGE_CURVE ( 'NONE', #1376, #172, #2223, .T. ) ;
#1123 = CARTESIAN_POINT ( 'NONE',  ( -0.7500000000000002220, -0.004000000000000000083, 0.1499999999999998557 ) ) ;
#1124 = VERTEX_POINT ( 'NONE', #1505 ) ;
#1125 = EDGE_CURVE ( 'NONE', #1639, #172, #1493, .T. ) ;
#1126 = DIRECTION ( 'NONE',  ( -0.000000000000000000, 1.000000000000000000, -0.000000000000000000 ) ) ;
#1127 = AXIS2_PLACEMENT_3D ( 'NONE', #901, #1759, #2320 ) ;
#1128 = STYLED_ITEM ( 'NONE', ( #254 ), #1840 ) ;
#1129 = ORIENTED_EDGE ( 'NONE', *, *, #892, .F. ) ;
#1130 = ORIENTED_EDGE ( 'NONE', *, *, #1289, .T. ) ;
#1131 = EDGE_CURVE ( 'NONE', #8, #1709, #2452, .T. ) ;
#1132 = DIRECTION ( 'NONE',  ( 2.168404344971009608E-16, 0.000000000000000000, -1.000000000000000000 ) ) ;
#1133 = MECHANICAL_DESIGN_GEOMETRIC_PRESENTATION_REPRESENTATION (  '', ( #1009 ), #759 ) ;
#1134 = VECTOR ( 'NONE', #1819, 1000.000000000000000 ) ;
#1135 = CARTESIAN_POINT ( 'NONE',  ( 0.7999999999999999334, 0.1199999999999999956, 0.5524999999999998801 ) ) ;
#1136 = VERTEX_POINT ( 'NONE', #1282 ) ;
#1137 = FILL_AREA_STYLE_COLOUR ( '', #1194 ) ;
#1138 = VECTOR ( 'NONE', #348, 1000.000000000000000 ) ;
#1139 = LINE ( 'NONE', #1936, #635 ) ;
#1140 = DIRECTION ( 'NONE',  ( 0.000000000000000000, 0.000000000000000000, -1.000000000000000000 ) ) ;
#1141 = UNCERTAINTY_MEASURE_WITH_UNIT (LENGTH_MEASURE( 1.000000000000000082E-05 ), #2004, 'distance_accuracy_value', 'NONE');
#1142 = EDGE_LOOP ( 'NONE', ( #2213, #432, #2410, #2110 ) ) ;
#1143 = SURFACE_STYLE_USAGE ( .BOTH. , #1349 ) ;
#1144 =( GEOMETRIC_REPRESENTATION_CONTEXT ( 3 ) GLOBAL_UNCERTAINTY_ASSIGNED_CONTEXT ( ( #608 ) ) GLOBAL_UNIT_ASSIGNED_CONTEXT ( ( #687, #2244, #2135 ) ) REPRESENTATION_CONTEXT ( 'NONE', 'WORKASPACE' ) );
#1145 = FILL_AREA_STYLE ('',( #2347 ) ) ;
#1146 = DIRECTION ( 'NONE',  ( -1.355252715606880049E-16, 0.000000000000000000, -1.000000000000000000 ) ) ;
#1147 = CARTESIAN_POINT ( 'NONE',  ( -0.7500000000000001110, 0.1199999999999999956, -0.5133974596215556963 ) ) ;
#1148 =( GEOMETRIC_REPRESENTATION_CONTEXT ( 3 ) GLOBAL_UNCERTAINTY_ASSIGNED_CONTEXT ( ( #1730 ) ) GLOBAL_UNIT_ASSIGNED_CONTEXT ( ( #2101, #741, #1699 ) ) REPRESENTATION_CONTEXT ( 'NONE', 'WORKASPACE' ) );
#1149 = VECTOR ( 'NONE', #1429, 1000.000000000000000 ) ;
#1150 = SURFACE_STYLE_FILL_AREA ( #1311 ) ;
#1151 = EDGE_CURVE ( 'NONE', #1495, #2154, #699, .T. ) ;
#1152 = PLANE ( 'NONE',  #123 ) ;
#1153 = CARTESIAN_POINT ( 'NONE',  ( -0.8000000000000001554, 0.1199999999999999956, 0.5999999999999998668 ) ) ;
#1154 = CARTESIAN_POINT ( 'NONE',  ( 0.7999999999999999334, 0.1199999999999999956, -0.5999999999999997558 ) ) ;
#1155 = DIRECTION ( 'NONE',  ( 0.000000000000000000, -1.000000000000000000, 0.000000000000000000 ) ) ;
#1156 = ORIENTED_EDGE ( 'NONE', *, *, #1280, .F. ) ;
#1157 = DIRECTION ( 'NONE',  ( 0.000000000000000000, -1.000000000000000000, 0.000000000000000000 ) ) ;
#1158 =( LENGTH_UNIT ( ) NAMED_UNIT ( * ) SI_UNIT ( .MILLI., .METRE. ) );
#1159 =( NAMED_UNIT ( * ) PLANE_ANGLE_UNIT ( ) SI_UNIT ( $, .RADIAN. ) );
#1160 = DIRECTION ( 'NONE',  ( -1.000000000000000000, 0.000000000000000000, 0.000000000000000000 ) ) ;
#1161 = FACE_OUTER_BOUND ( 'NONE', #202, .T. ) ;
#1162 = SURFACE_STYLE_USAGE ( .BOTH. , #396 ) ;
#1163 = EDGE_CURVE ( 'NONE', #707, #1290, #1297, .T. ) ;
#1164 = DIRECTION ( 'NONE',  ( -0.000000000000000000, 1.000000000000000000, -0.000000000000000000 ) ) ;
#1165 = FILL_AREA_STYLE ('',( #397 ) ) ;
#1166 = CARTESIAN_POINT ( 'NONE',  ( 0.8000000000000000444, 0.2800000000000000266, 0.5500000000000000444 ) ) ;
#1167 = DIRECTION ( 'NONE',  ( 0.000000000000000000, -1.000000000000000000, 0.000000000000000000 ) ) ;
#1168 = UNCERTAINTY_MEASURE_WITH_UNIT (LENGTH_MEASURE( 1.000000000000000082E-05 ), #984, 'distance_accuracy_value', 'NONE');
#1169 = ORIENTED_EDGE ( 'NONE', *, *, #1020, .F. ) ;
#1170 = AXIS2_PLACEMENT_3D ( 'NONE', #1727, #1098, #2327 ) ;
#1171 = DIRECTION ( 'NONE',  ( 0.000000000000000000, 0.000000000000000000, 1.000000000000000000 ) ) ;
#1172 = FACE_OUTER_BOUND ( 'NONE', #1450, .T. ) ;
#1173 = VECTOR ( 'NONE', #966, 1000.000000000000000 ) ;
#1174 = ORIENTED_EDGE ( 'NONE', *, *, #656, .F. ) ;
#1175 = PRESENTATION_LAYER_ASSIGNMENT (  '', '', ( #213 ) ) ;
#1176 = EDGE_CURVE ( 'NONE', #627, #1265, #318, .T. ) ;
#1177 = DIRECTION ( 'NONE',  ( -0.000000000000000000, 1.000000000000000000, -0.000000000000000000 ) ) ;
#1178 = CARTESIAN_POINT ( 'NONE',  ( 0.2500000000000001665, 0.000000000000000000, 0.1499999999999998557 ) ) ;
#1179 = ORIENTED_EDGE ( 'NONE', *, *, #938, .T. ) ;
#1180 = CARTESIAN_POINT ( 'NONE',  ( -0.8000000000000001554, 0.1199999999999999956, 0.5524999999999997691 ) ) ;
#1181 = ADVANCED_FACE ( 'NONE', ( #1107 ), #1984, .T. ) ;
#1182 = ORIENTED_EDGE ( 'NONE', *, *, #2130, .F. ) ;
#1183 = FILL_AREA_STYLE_COLOUR ( '', #665 ) ;
#1184 = MECHANICAL_DESIGN_GEOMETRIC_PRESENTATION_REPRESENTATION (  '', ( #819 ), #1025 ) ;
#1185 = PLANE ( 'NONE',  #1374 ) ;
#1186 = ORIENTED_EDGE ( 'NONE', *, *, #1042, .F. ) ;
#1187 = MECHANICAL_DESIGN_GEOMETRIC_PRESENTATION_REPRESENTATION (  '', ( #2423 ), #816 ) ;
#1188 = CARTESIAN_POINT ( 'NONE',  ( -0.2500000000000002776, -0.004000000000000000083, -0.1499999999999998002 ) ) ;
#1189 = CARTESIAN_POINT ( 'NONE',  ( 0.6999999999999997335, 0.1199999999999999956, 0.5999999999999999778 ) ) ;
#1190 = FACE_OUTER_BOUND ( 'NONE', #2003, .T. ) ;
#1191 = UNCERTAINTY_MEASURE_WITH_UNIT (LENGTH_MEASURE( 1.000000000000000082E-05 ), #1158, 'distance_accuracy_value', 'NONE');
#1192 = CIRCLE ( 'NONE', #114, 0.1000000000000001582 ) ;
#1193 = FILL_AREA_STYLE_COLOUR ( '', #1235 ) ;
#1194 = COLOUR_RGB ( '',0.6470588235294117974, 0.5176470588235293491, 0.000000000000000000 ) ;
#1195 =( LENGTH_UNIT ( ) NAMED_UNIT ( * ) SI_UNIT ( .MILLI., .METRE. ) );
#1196 = EDGE_CURVE ( 'NONE', #40, #1318, #947, .T. ) ;
#1197 = MECHANICAL_DESIGN_GEOMETRIC_PRESENTATION_REPRESENTATION (  '', ( #861 ), #591 ) ;
#1198 = ORIENTED_EDGE ( 'NONE', *, *, #1741, .F. ) ;
#1199 = FILL_AREA_STYLE_COLOUR ( '', #590 ) ;
#1200 = SURFACE_SIDE_STYLE ('',( #199 ) ) ;
#1201 = FILL_AREA_STYLE_COLOUR ( '', #839 ) ;
#1202 = DIRECTION ( 'NONE',  ( -2.339680872163052390E-16, 0.000000000000000000, 1.000000000000000000 ) ) ;
#1203 = CARTESIAN_POINT ( 'NONE',  ( -0.8000000000000000444, 0.1199999999999999956, -0.5999999999999998668 ) ) ;
#1204 = ORIENTED_EDGE ( 'NONE', *, *, #823, .F. ) ;
#1205 = VECTOR ( 'NONE', #990, 1000.000000000000000 ) ;
#1206 = PLANE ( 'NONE',  #2260 ) ;
#1207 = EDGE_CURVE ( 'NONE', #1868, #1005, #942, .T. ) ;
#1208 = CARTESIAN_POINT ( 'NONE',  ( 0.7500000000000000000, -0.004000000000000000083, 0.1499999999999999667 ) ) ;
#1209 = ORIENTED_EDGE ( 'NONE', *, *, #1992, .T. ) ;
#1210 = PLANE ( 'NONE',  #594 ) ;
#1211 = DIRECTION ( 'NONE',  ( 0.000000000000000000, -1.000000000000000000, 0.000000000000000000 ) ) ;
#1212 = VECTOR ( 'NONE', #848, 1000.000000000000000 ) ;
#1213 = APPLICATION_PROTOCOL_DEFINITION ( 'draft international standard', 'automotive_design', 1998, #2268 ) ;
#1214 = CARTESIAN_POINT ( 'NONE',  ( -0.7000000000000000666, 0.3300000000000000711, -0.4499999999999992339 ) ) ;
#1215 = CARTESIAN_POINT ( 'NONE',  ( -0.8000000000000000444, 0.2800000000000000266, -0.5499999999999998224 ) ) ;
#1216 = PRESENTATION_STYLE_ASSIGNMENT (( #206 ) ) ;
#1217 = ORIENTED_EDGE ( 'NONE', *, *, #2421, .F. ) ;
#1218 = CARTESIAN_POINT ( 'NONE',  ( -0.8000000000000000444, -0.004000000000000000083, -0.5999999999999998668 ) ) ;
#1219 = VERTEX_POINT ( 'NONE', #574 ) ;
#1220 = STYLED_ITEM ( 'NONE', ( #1930 ), #722 ) ;
#1221 = DIRECTION ( 'NONE',  ( 1.000000000000000000, 0.000000000000000000, 0.000000000000000000 ) ) ;
#1222 = STYLED_ITEM ( 'NONE', ( #384 ), #2464 ) ;
#1223 = EDGE_CURVE ( 'NONE', #1868, #806, #1547, .T. ) ;
#1224 = STYLED_ITEM ( 'NONE', ( #1452 ), #973 ) ;
#1225 = EDGE_CURVE ( 'NONE', #1136, #2062, #1614, .T. ) ;
#1226 = DIRECTION ( 'NONE',  ( 4.065758146820640148E-16, 0.000000000000000000, 1.000000000000000000 ) ) ;
#1227 = DIRECTION ( 'NONE',  ( 0.000000000000000000, 0.000000000000000000, -1.000000000000000000 ) ) ;
#1228 = ORIENTED_EDGE ( 'NONE', *, *, #1176, .F. ) ;
#1229 = AXIS2_PLACEMENT_3D ( 'NONE', #1081, #2047, #515 ) ;
#1230 = CARTESIAN_POINT ( 'NONE',  ( -0.6499999999999994671, 0.2800000000000000266, 0.5499999999999998224 ) ) ;
#1231 = AXIS2_PLACEMENT_3D ( 'NONE', #602, #394, #1782 ) ;
#1232 = VECTOR ( 'NONE', #1412, 1000.000000000000000 ) ;
#1233 = FACE_OUTER_BOUND ( 'NONE', #2230, .T. ) ;
#1234 = VERTEX_POINT ( 'NONE', #1519 ) ;
#1235 = COLOUR_RGB ( '',0.6470588235294117974, 0.5176470588235293491, 0.000000000000000000 ) ;
#1236 = EDGE_CURVE ( 'NONE', #1599, #1574, #1351, .T. ) ;
#1237 = CARTESIAN_POINT ( 'NONE',  ( 0.7524999999999999467, 0.1199999999999999956, 0.5999999999999999778 ) ) ;
#1238 = CARTESIAN_POINT ( 'NONE',  ( 0.7999999999999999334, 0.1199999999999999956, -0.4999999999999995559 ) ) ;
#1239 = CARTESIAN_POINT ( 'NONE',  ( 1.626303258728254186E-17, -0.000000000000000000, -0.1499999999999997724 ) ) ;
#1240 = EDGE_CURVE ( 'NONE', #598, #2183, #625, .T. ) ;
#1241 = LINE ( 'NONE', #1077, #1515 ) ;
#1242 = ORIENTED_EDGE ( 'NONE', *, *, #892, .T. ) ;
#1243 = FACE_OUTER_BOUND ( 'NONE', #716, .T. ) ;
#1244 = MECHANICAL_DESIGN_GEOMETRIC_PRESENTATION_REPRESENTATION (  '', ( #2161 ), #1790 ) ;
#1245 = CARTESIAN_POINT ( 'NONE',  ( 0.7500000000000000000, 0.1199999999999999956, 0.5133974596215558073 ) ) ;
#1246 = AXIS2_PLACEMENT_3D ( 'NONE', #2505, #521, #1509 ) ;
#1247 = ORIENTED_EDGE ( 'NONE', *, *, #2173, .T. ) ;
#1248 = CARTESIAN_POINT ( 'NONE',  ( 0.7999999999999999334, 0.000000000000000000, 0.5999999999999999778 ) ) ;
#1249 = SURFACE_STYLE_FILL_AREA ( #1995 ) ;
#1250 = ORIENTED_EDGE ( 'NONE', *, *, #620, .F. ) ;
#1251 = EDGE_CURVE ( 'NONE', #1609, #752, #19, .T. ) ;
#1252 = VECTOR ( 'NONE', #46, 1000.000000000000000 ) ;
#1253 = CYLINDRICAL_SURFACE ( 'NONE', #1926, 0.04750000000000001443 ) ;
#1254 = ORIENTED_EDGE ( 'NONE', *, *, #1670, .F. ) ;
#1255 =( GEOMETRIC_REPRESENTATION_CONTEXT ( 3 ) GLOBAL_UNCERTAINTY_ASSIGNED_CONTEXT ( ( #904 ) ) GLOBAL_UNIT_ASSIGNED_CONTEXT ( ( #1532, #1915, #1400 ) ) REPRESENTATION_CONTEXT ( 'NONE', 'WORKASPACE' ) );
#1256 = PLANE ( 'NONE',  #184 ) ;
#1257 = EDGE_CURVE ( 'NONE', #598, #1687, #225, .T. ) ;
#1258 = ORIENTED_EDGE ( 'NONE', *, *, #2226, .F. ) ;
#1259 =( NAMED_UNIT ( * ) SI_UNIT ( $, .STERADIAN. ) SOLID_ANGLE_UNIT ( ) );
#1260 = CARTESIAN_POINT ( 'NONE',  ( -0.7500000000000000000, 0.000000000000000000, -0.5999999999999998668 ) ) ;
#1261 = AXIS2_PLACEMENT_3D ( 'NONE', #1636, #1052, #460 ) ;
#1262 = ORIENTED_EDGE ( 'NONE', *, *, #1899, .T. ) ;
#1263 = LINE ( 'NONE', #2055, #378 ) ;
#1264 = AXIS2_PLACEMENT_3D ( 'NONE', #435, #1977, #241 ) ;
#1265 = VERTEX_POINT ( 'NONE', #2188 ) ;
#1266 = LINE ( 'NONE', #2490, #587 ) ;
#1267 = VECTOR ( 'NONE', #2333, 1000.000000000000000 ) ;
#1268 = SURFACE_STYLE_FILL_AREA ( #2422 ) ;
#1269 = ORIENTED_EDGE ( 'NONE', *, *, #596, .F. ) ;
#1270 = EDGE_CURVE ( 'NONE', #1698, #2512, #340, .T. ) ;
#1271 = EDGE_CURVE ( 'NONE', #2074, #1136, #2399, .T. ) ;
#1272 = ADVANCED_FACE ( 'NONE', ( #456 ), #549, .F. ) ;
#1273 = CARTESIAN_POINT ( 'NONE',  ( 0.7500000000000000000, 0.000000000000000000, -0.5999999999999998668 ) ) ;
#1274 = EDGE_CURVE ( 'NONE', #1574, #2425, #2094, .T. ) ;
#1275 = CARTESIAN_POINT ( 'NONE',  ( 0.7999999999999999334, -0.004000000000000000083, -0.5999999999999997558 ) ) ;
#1276 = CYLINDRICAL_SURFACE ( 'NONE', #2041, 0.04750000000000001443 ) ;
#1277 = DIRECTION ( 'NONE',  ( 0.000000000000000000, 0.000000000000000000, 1.000000000000000000 ) ) ;
#1278 = ORIENTED_EDGE ( 'NONE', *, *, #1464, .T. ) ;
#1279 = CARTESIAN_POINT ( 'NONE',  ( -0.8000000000000000444, 0.2800000000000000266, 0.5999999999999999778 ) ) ;
#1280 = EDGE_CURVE ( 'NONE', #1807, #1050, #29, .T. ) ;
#1281 = SURFACE_STYLE_USAGE ( .BOTH. , #723 ) ;
#1282 = CARTESIAN_POINT ( 'NONE',  ( 0.7500000000000000000, -0.004000000000000000083, 0.5133974596215558073 ) ) ;
#1283 = CARTESIAN_POINT ( 'NONE',  ( -0.7000000000000000666, 0.3300000000000000711, 0.4499999999999995115 ) ) ;
#1284 = VERTEX_POINT ( 'NONE', #2504 ) ;
#1285 =( NAMED_UNIT ( * ) SI_UNIT ( $, .STERADIAN. ) SOLID_ANGLE_UNIT ( ) );
#1286 = DIRECTION ( 'NONE',  ( -0.000000000000000000, 0.000000000000000000, 1.000000000000000000 ) ) ;
#1287 = DIRECTION ( 'NONE',  ( 0.000000000000000000, 1.000000000000000000, 0.000000000000000000 ) ) ;
#1288 = SURFACE_STYLE_USAGE ( .BOTH. , #1499 ) ;
#1289 = EDGE_CURVE ( 'NONE', #328, #8, #1192, .T. ) ;
#1290 = VERTEX_POINT ( 'NONE', #735 ) ;
#1291 = DIRECTION ( 'NONE',  ( 0.000000000000000000, -1.000000000000000000, 0.000000000000000000 ) ) ;
#1292 = UNCERTAINTY_MEASURE_WITH_UNIT (LENGTH_MEASURE( 1.000000000000000082E-05 ), #1536, 'distance_accuracy_value', 'NONE');
#1293 = ORIENTED_EDGE ( 'NONE', *, *, #1561, .F. ) ;
#1294 = CARTESIAN_POINT ( 'NONE',  ( 0.8000000000000000444, 0.2800000000000000266, 0.5999999999999999778 ) ) ;
#1295 = COLOUR_RGB ( '',0.1098039215686274495, 0.1098039215686274495, 0.1098039215686274495 ) ;
#1296 = DIRECTION ( 'NONE',  ( -0.000000000000000000, -0.000000000000000000, 1.000000000000000000 ) ) ;
#1297 = LINE ( 'NONE', #1068, #2139 ) ;
#1298 = ORIENTED_EDGE ( 'NONE', *, *, #86, .F. ) ;
#1299 = LINE ( 'NONE', #2288, #1173 ) ;
#1300 = ORIENTED_EDGE ( 'NONE', *, *, #2414, .T. ) ;
#1301 = ORIENTED_EDGE ( 'NONE', *, *, #2192, .T. ) ;
#1302 = SURFACE_STYLE_USAGE ( .BOTH. , #542 ) ;
#1303 = ORIENTED_EDGE ( 'NONE', *, *, #2421, .T. ) ;
#1304 = EDGE_CURVE ( 'NONE', #1717, #237, #2112, .T. ) ;
#1305 = CARTESIAN_POINT ( 'NONE',  ( -0.7500000000000001110, -0.004000000000000000083, -0.5133974596215556963 ) ) ;
#1306 = COLOUR_RGB ( '',0.1098039215686274495, 0.1098039215686274495, 0.1098039215686274495 ) ;
#1307 =( GEOMETRIC_REPRESENTATION_CONTEXT ( 3 ) GLOBAL_UNCERTAINTY_ASSIGNED_CONTEXT ( ( #211 ) ) GLOBAL_UNIT_ASSIGNED_CONTEXT ( ( #852, #693, #876 ) ) REPRESENTATION_CONTEXT ( 'NONE', 'WORKASPACE' ) );
#1308 = SURFACE_STYLE_USAGE ( .BOTH. , #1866 ) ;
#1309 = DIRECTION ( 'NONE',  ( -0.000000000000000000, 1.000000000000000000, -0.000000000000000000 ) ) ;
#1310 = ORIENTED_EDGE ( 'NONE', *, *, #2241, .T. ) ;
#1311 = FILL_AREA_STYLE ('',( #2128 ) ) ;
#1312 = AXIS2_PLACEMENT_3D ( 'NONE', #1681, #321, #363 ) ;
#1313 = CARTESIAN_POINT ( 'NONE',  ( -0.8000000000000000444, 0.1199999999999999956, -0.5524999999999997691 ) ) ;
#1314 = EDGE_CURVE ( 'NONE', #172, #107, #1773, .T. ) ;
#1315 = ORIENTED_EDGE ( 'NONE', *, *, #1223, .T. ) ;
#1316 = ORIENTED_EDGE ( 'NONE', *, *, #2496, .T. ) ;
#1317 = UNCERTAINTY_MEASURE_WITH_UNIT (LENGTH_MEASURE( 1.000000000000000082E-05 ), #630, 'distance_accuracy_value', 'NONE');
#1318 = VERTEX_POINT ( 'NONE', #898 ) ;
#1319 = MECHANICAL_DESIGN_GEOMETRIC_PRESENTATION_REPRESENTATION (  '', ( #1075 ), #1940 ) ;
#1320 = ADVANCED_FACE ( 'NONE', ( #1726 ), #2469, .T. ) ;
#1321 = AXIS2_PLACEMENT_3D ( 'NONE', #2395, #2415, #633 ) ;
#1322 = AXIS2_PLACEMENT_3D ( 'NONE', #1622, #466, #1226 ) ;
#1323 = LINE ( 'NONE', #2308, #1768 ) ;
#1324 = DIRECTION ( 'NONE',  ( 0.000000000000000000, 0.000000000000000000, -1.000000000000000000 ) ) ;
#1325 = DIRECTION ( 'NONE',  ( 0.000000000000000000, -1.000000000000000000, 0.000000000000000000 ) ) ;
#1326 = LINE ( 'NONE', #2310, #1673 ) ;
#1327 = ORIENTED_EDGE ( 'NONE', *, *, #50, .F. ) ;
#1328 = DIRECTION ( 'NONE',  ( 2.983516102766922353E-16, -0.000000000000000000, -1.000000000000000000 ) ) ;
#1329 = CIRCLE ( 'NONE', #2240, 0.1000000000000001582 ) ;
#1330 = CARTESIAN_POINT ( 'NONE',  ( 0.8000000000000000444, 0.000000000000000000, -0.4999999999999994449 ) ) ;
#1331 = DIRECTION ( 'NONE',  ( -1.000000000000000000, -0.000000000000000000, -0.000000000000000000 ) ) ;
#1332 = STYLED_ITEM ( 'NONE', ( #737 ), #1960 ) ;
#1333 = FILL_AREA_STYLE ('',( #2117 ) ) ;
#1334 = VERTEX_POINT ( 'NONE', #1963 ) ;
#1335 = EDGE_LOOP ( 'NONE', ( #99, #1950, #1179, #2206 ) ) ;
#1336 = PLANE ( 'NONE',  #336 ) ;
#1337 = VECTOR ( 'NONE', #820, 1000.000000000000000 ) ;
#1338 = VECTOR ( 'NONE', #2294, 1000.000000000000000 ) ;
#1339 = FILL_AREA_STYLE ('',( #626 ) ) ;
#1340 = LINE ( 'NONE', #1147, #128 ) ;
#1341 = FACE_OUTER_BOUND ( 'NONE', #1835, .T. ) ;
#1342 = CIRCLE ( 'NONE', #493, 0.1000000000000001582 ) ;
#1343 = FACE_OUTER_BOUND ( 'NONE', #1646, .T. ) ;
#1344 = DIRECTION ( 'NONE',  ( 0.000000000000000000, 0.000000000000000000, 1.000000000000000000 ) ) ;
#1345 =( NAMED_UNIT ( * ) SI_UNIT ( $, .STERADIAN. ) SOLID_ANGLE_UNIT ( ) );
#1346 = PRODUCT_DEFINITION_CONTEXT ( 'detailed design', #1837, 'design' ) ;
#1347 = ORIENTED_EDGE ( 'NONE', *, *, #1240, .F. ) ;
#1348 = LINE ( 'NONE', #372, #9 ) ;
#1349 = SURFACE_SIDE_STYLE ('',( #428 ) ) ;
#1350 = EDGE_CURVE ( 'NONE', #483, #1609, #2348, .T. ) ;
#1351 = LINE ( 'NONE', #359, #777 ) ;
#1352 = SURFACE_STYLE_USAGE ( .BOTH. , #575 ) ;
#1353 = COLOUR_RGB ( '',0.6470588235294117974, 0.5176470588235293491, 0.000000000000000000 ) ;
#1354 = VECTOR ( 'NONE', #2166, 1000.000000000000000 ) ;
#1355 = CARTESIAN_POINT ( 'NONE',  ( -0.2500000000000002220, -0.004000000000000000083, -0.5500000000000000444 ) ) ;
#1356 = DIRECTION ( 'NONE',  ( 0.000000000000000000, 0.000000000000000000, -1.000000000000000000 ) ) ;
#1357 = ORIENTED_EDGE ( 'NONE', *, *, #1640, .T. ) ;
#1358 = CARTESIAN_POINT ( 'NONE',  ( -0.2500000000000002776, -0.000000000000000000, 3.388131789017203821E-17 ) ) ;
#1359 = ORIENTED_EDGE ( 'NONE', *, *, #681, .F. ) ;
#1360 = SURFACE_SIDE_STYLE ('',( #1762 ) ) ;
#1361 =( GEOMETRIC_REPRESENTATION_CONTEXT ( 3 ) GLOBAL_UNCERTAINTY_ASSIGNED_CONTEXT ( ( #2382 ) ) GLOBAL_UNIT_ASSIGNED_CONTEXT ( ( #263, #2198, #995 ) ) REPRESENTATION_CONTEXT ( 'NONE', 'WORKASPACE' ) );
#1362 = VERTEX_POINT ( 'NONE', #420 ) ;
#1363 = ADVANCED_FACE ( 'NONE', ( #1172 ), #629, .T. ) ;
#1364 = SURFACE_STYLE_FILL_AREA ( #1562 ) ;
#1365 = CARTESIAN_POINT ( 'NONE',  ( -0.2500000000000002220, 0.1199999999999999956, -0.5500000000000000444 ) ) ;
#1366 = ORIENTED_EDGE ( 'NONE', *, *, #1899, .F. ) ;
#1367 = LINE ( 'NONE', #1743, #1700 ) ;
#1368 = DIRECTION ( 'NONE',  ( 0.000000000000000000, -1.000000000000000000, 0.000000000000000000 ) ) ;
#1369 = ORIENTED_EDGE ( 'NONE', *, *, #1125, .F. ) ;
#1370 = VECTOR ( 'NONE', #2507, 1000.000000000000000 ) ;
#1371 = SURFACE_STYLE_USAGE ( .BOTH. , #2341 ) ;
#1372 =( NAMED_UNIT ( * ) SI_UNIT ( $, .STERADIAN. ) SOLID_ANGLE_UNIT ( ) );
#1373 = DIRECTION ( 'NONE',  ( -1.084202172485504434E-16, 0.000000000000000000, 1.000000000000000000 ) ) ;
#1374 = AXIS2_PLACEMENT_3D ( 'NONE', #603, #1769, #2336 ) ;
#1375 = FACE_OUTER_BOUND ( 'NONE', #1512, .T. ) ;
#1376 = VERTEX_POINT ( 'NONE', #62 ) ;
#1377 = COLOUR_RGB ( '',0.1098039215686274495, 0.1098039215686274495, 0.1098039215686274495 ) ;
#1378 = LINE ( 'NONE', #422, #836 ) ;
#1379 = PLANE ( 'NONE',  #753 ) ;
#1380 = FACE_OUTER_BOUND ( 'NONE', #2499, .T. ) ;
#1381 = ORIENTED_EDGE ( 'NONE', *, *, #1854, .T. ) ;
#1382 = DIRECTION ( 'NONE',  ( 0.000000000000000000, -1.000000000000000000, 0.000000000000000000 ) ) ;
#1383 = EDGE_CURVE ( 'NONE', #1234, #1581, #405, .T. ) ;
#1384 = ORIENTED_EDGE ( 'NONE', *, *, #1289, .F. ) ;
#1385 = CARTESIAN_POINT ( 'NONE',  ( -0.8000000000000000444, 0.1199999999999999956, -0.5499999999999998224 ) ) ;
#1386 = ORIENTED_EDGE ( 'NONE', *, *, #1544, .F. ) ;
#1387 = FILL_AREA_STYLE_COLOUR ( '', #136 ) ;
#1388 = CARTESIAN_POINT ( 'NONE',  ( 0.2500000000000000000, 0.1199999999999999956, -0.5499999999999998224 ) ) ;
#1389 = AXIS2_PLACEMENT_3D ( 'NONE', #2332, #402, #1324 ) ;
#1390 = PRESENTATION_LAYER_ASSIGNMENT (  '', '', ( #2301 ) ) ;
#1391 =( NAMED_UNIT ( * ) PLANE_ANGLE_UNIT ( ) SI_UNIT ( $, .RADIAN. ) );
#1392 = ORIENTED_EDGE ( 'NONE', *, *, #991, .F. ) ;
#1393 = AXIS2_PLACEMENT_3D ( 'NONE', #2515, #963, #41 ) ;
#1394 = FACE_OUTER_BOUND ( 'NONE', #189, .T. ) ;
#1395 = LINE ( 'NONE', #103, #2438 ) ;
#1396 = CARTESIAN_POINT ( 'NONE',  ( 0.6999999999999997335, -0.004000000000000000083, -0.5999999999999997558 ) ) ;
#1397 = UNCERTAINTY_MEASURE_WITH_UNIT (LENGTH_MEASURE( 1.000000000000000082E-05 ), #1195, 'distance_accuracy_value', 'NONE');
#1398 = EDGE_CURVE ( 'NONE', #879, #320, #445, .T. ) ;
#1399 = DIRECTION ( 'NONE',  ( 1.000000000000000000, 0.000000000000000000, 0.000000000000000000 ) ) ;
#1400 =( NAMED_UNIT ( * ) SI_UNIT ( $, .STERADIAN. ) SOLID_ANGLE_UNIT ( ) );
#1401 = ORIENTED_EDGE ( 'NONE', *, *, #1557, .T. ) ;
#1402 =( NAMED_UNIT ( * ) PLANE_ANGLE_UNIT ( ) SI_UNIT ( $, .RADIAN. ) );
#1403 = STYLED_ITEM ( 'NONE', ( #1583 ), #296 ) ;
#1404 = CARTESIAN_POINT ( 'NONE',  ( -0.7133974596215559849, 0.000000000000000000, 0.5500000000000000444 ) ) ;
#1405 = AXIS2_PLACEMENT_3D ( 'NONE', #551, #380, #2367 ) ;
#1406 = PLANE ( 'NONE',  #881 ) ;
#1407 = ORIENTED_EDGE ( 'NONE', *, *, #97, .T. ) ;
#1408 = CIRCLE ( 'NONE', #2053, 0.05000000000000002359 ) ;
#1409 = LINE ( 'NONE', #485, #1652 ) ;
#1410 = CARTESIAN_POINT ( 'NONE',  ( 0.2500000000000000000, 0.1199999999999999956, 0.5500000000000000444 ) ) ;
#1411 =( GEOMETRIC_REPRESENTATION_CONTEXT ( 3 ) GLOBAL_UNCERTAINTY_ASSIGNED_CONTEXT ( ( #1141 ) ) GLOBAL_UNIT_ASSIGNED_CONTEXT ( ( #2004, #1821, #437 ) ) REPRESENTATION_CONTEXT ( 'NONE', 'WORKASPACE' ) );
#1412 = DIRECTION ( 'NONE',  ( -1.000000000000000000, 0.000000000000000000, -1.084202172485504434E-16 ) ) ;
#1413 = DIRECTION ( 'NONE',  ( -0.000000000000000000, -0.000000000000000000, 1.000000000000000000 ) ) ;
#1414 = CARTESIAN_POINT ( 'NONE',  ( -0.7000000000000000666, 0.2800000000000000266, 0.4499999999999995115 ) ) ;
#1415 = ORIENTED_EDGE ( 'NONE', *, *, #1131, .F. ) ;
#1416 = CIRCLE ( 'NONE', #794, 0.1000000000000001582 ) ;
#1417 =( NAMED_UNIT ( * ) PLANE_ANGLE_UNIT ( ) SI_UNIT ( $, .RADIAN. ) );
#1418 = LINE ( 'NONE', #2208, #1537 ) ;
#1419 = CARTESIAN_POINT ( 'NONE',  ( 0.7999999999999999334, -0.004000000000000000083, 0.5999999999999999778 ) ) ;
#1420 =( LENGTH_UNIT ( ) NAMED_UNIT ( * ) SI_UNIT ( .MILLI., .METRE. ) );
#1421 = ORIENTED_EDGE ( 'NONE', *, *, #473, .F. ) ;
#1422 = ADVANCED_FACE ( 'NONE', ( #1161 ), #610, .F. ) ;
#1423 = LINE ( 'NONE', #1188, #2191 ) ;
#1424 = SURFACE_STYLE_USAGE ( .BOTH. , #1200 ) ;
#1425 = DIRECTION ( 'NONE',  ( 0.000000000000000000, 0.000000000000000000, -1.000000000000000000 ) ) ;
#1426 = PRESENTATION_LAYER_ASSIGNMENT (  '', '', ( #1633 ) ) ;
#1427 = DIRECTION ( 'NONE',  ( 0.000000000000000000, -1.000000000000000000, 0.000000000000000000 ) ) ;
#1428 = VERTEX_POINT ( 'NONE', #1776 ) ;
#1429 = DIRECTION ( 'NONE',  ( 1.000000000000000000, 0.000000000000000000, 0.000000000000000000 ) ) ;
#1430 = EDGE_CURVE ( 'NONE', #808, #547, #39, .T. ) ;
#1431 = CARTESIAN_POINT ( 'NONE',  ( -0.8000000000000000444, 0.000000000000000000, -0.5999999999999998668 ) ) ;
#1432 = EDGE_LOOP ( 'NONE', ( #165, #1090, #2351, #2138 ) ) ;
#1433 = CARTESIAN_POINT ( 'NONE',  ( 0.7500000000000000000, -0.004000000000000000083, -0.5133974596215555852 ) ) ;
#1434 = CYLINDRICAL_SURFACE ( 'NONE', #755, 0.1000000000000001582 ) ;
#1435 = VECTOR ( 'NONE', #1541, 1000.000000000000000 ) ;
#1436 = ORIENTED_EDGE ( 'NONE', *, *, #2226, .T. ) ;
#1437 = STYLED_ITEM ( 'NONE', ( #7 ), #1181 ) ;
#1438 = MECHANICAL_DESIGN_GEOMETRIC_PRESENTATION_REPRESENTATION (  '', ( #1567 ), #1966 ) ;
#1439 = SURFACE_STYLE_FILL_AREA ( #1987 ) ;
#1440 = AXIS2_PLACEMENT_3D ( 'NONE', #1606, #1373, #30 ) ;
#1441 =( NAMED_UNIT ( * ) PLANE_ANGLE_UNIT ( ) SI_UNIT ( $, .RADIAN. ) );
#1442 = CARTESIAN_POINT ( 'NONE',  ( -0.8000000000000000444, 0.1199999999999999956, -0.4999999999999996669 ) ) ;
#1443 = ADVANCED_FACE ( 'NONE', ( #1380 ), #2176, .T. ) ;
#1444 = ORIENTED_EDGE ( 'NONE', *, *, #645, .T. ) ;
#1445 = AXIS2_PLACEMENT_3D ( 'NONE', #2030, #1810, #2417 ) ;
#1446 = CARTESIAN_POINT ( 'NONE',  ( -0.6999999999999999556, 0.000000000000000000, 0.5999999999999999778 ) ) ;
#1447 = STYLED_ITEM ( 'NONE', ( #891 ), #677 ) ;
#1448 = CARTESIAN_POINT ( 'NONE',  ( 0.7133974596215558739, -0.004000000000000000083, -0.5499999999999999334 ) ) ;
#1449 = FILL_AREA_STYLE ('',( #2431 ) ) ;
#1450 = EDGE_LOOP ( 'NONE', ( #2462, #1021, #719, #1392 ) ) ;
#1451 = VECTOR ( 'NONE', #1164, 1000.000000000000000 ) ;
#1452 = PRESENTATION_STYLE_ASSIGNMENT (( #1067 ) ) ;
#1453 = VECTOR ( 'NONE', #1328, 1000.000000000000000 ) ;
#1454 = DIRECTION ( 'NONE',  ( 0.000000000000000000, 0.000000000000000000, 1.000000000000000000 ) ) ;
#1455 = ORIENTED_EDGE ( 'NONE', *, *, #377, .T. ) ;
#1456 = CARTESIAN_POINT ( 'NONE',  ( 0.7500000000000000000, 0.2800000000000000266, 0.5999999999999999778 ) ) ;
#1457 = STYLED_ITEM ( 'NONE', ( #1949 ), #1463 ) ;
#1458 = STYLED_ITEM ( 'NONE', ( #2404 ), #2144 ) ;
#1459 = ORIENTED_EDGE ( 'NONE', *, *, #97, .F. ) ;
#1460 = SURFACE_STYLE_FILL_AREA ( #1686 ) ;
#1461 = ORIENTED_EDGE ( 'NONE', *, *, #562, .F. ) ;
#1462 = AXIS2_PLACEMENT_3D ( 'NONE', #1414, #1737, #2205 ) ;
#1463 = ADVANCED_FACE ( 'NONE', ( #1573 ), #1958, .T. ) ;
#1464 = EDGE_CURVE ( 'NONE', #1664, #2008, #1416, .T. ) ;
#1465 = SURFACE_STYLE_FILL_AREA ( #146 ) ;
#1466 = ORIENTED_EDGE ( 'NONE', *, *, #393, .T. ) ;
#1467 = LINE ( 'NONE', #601, #646 ) ;
#1468 = FILL_AREA_STYLE ('',( #691 ) ) ;
#1469 = LINE ( 'NONE', #139, #915 ) ;
#1470 = LINE ( 'NONE', #1273, #1665 ) ;
#1471 = AXIS2_PLACEMENT_3D ( 'NONE', #84, #1999, #1605 ) ;
#1472 = CARTESIAN_POINT ( 'NONE',  ( -0.7500000000000002220, 0.000000000000000000, -0.1499999999999998557 ) ) ;
#1473 = MECHANICAL_DESIGN_GEOMETRIC_PRESENTATION_REPRESENTATION (  '', ( #1222 ), #1148 ) ;
#1474 = ORIENTED_EDGE ( 'NONE', *, *, #2346, .F. ) ;
#1475 = CARTESIAN_POINT ( 'NONE',  ( 0.7999999999999999334, 0.1199999999999999956, 0.4999999999999997780 ) ) ;
#1476 = ADVANCED_FACE ( 'NONE', ( #1858 ), #1084, .T. ) ;
#1477 = VECTOR ( 'NONE', #2379, 1000.000000000000000 ) ;
#1478 = EDGE_LOOP ( 'NONE', ( #252, #80, #417, #355 ) ) ;
#1479 =( LENGTH_UNIT ( ) NAMED_UNIT ( * ) SI_UNIT ( .MILLI., .METRE. ) );
#1480 = VECTOR ( 'NONE', #868, 1000.000000000000000 ) ;
#1481 = DIRECTION ( 'NONE',  ( 0.000000000000000000, -0.000000000000000000, -1.000000000000000000 ) ) ;
#1482 = FILL_AREA_STYLE_COLOUR ( '', #1353 ) ;
#1483 =( NAMED_UNIT ( * ) PLANE_ANGLE_UNIT ( ) SI_UNIT ( $, .RADIAN. ) );
#1484 = CARTESIAN_POINT ( 'NONE',  ( -0.2500000000000002220, -0.004000000000000000083, -0.5500000000000000444 ) ) ;
#1485 = VERTEX_POINT ( 'NONE', #875 ) ;
#1486 = SURFACE_STYLE_USAGE ( .BOTH. , #1917 ) ;
#1487 = LINE ( 'NONE', #519, #1653 ) ;
#1488 = DIRECTION ( 'NONE',  ( 0.000000000000000000, 0.000000000000000000, -1.000000000000000000 ) ) ;
#1489 = AXIS2_PLACEMENT_3D ( 'NONE', #2122, #2167, #805 ) ;
#1490 = ORIENTED_EDGE ( 'NONE', *, *, #742, .T. ) ;
#1491 = SURFACE_STYLE_FILL_AREA ( #2034 ) ;
#1492 = DIRECTION ( 'NONE',  ( 0.000000000000000000, -1.000000000000000000, 0.000000000000000000 ) ) ;
#1493 = LINE ( 'NONE', #2500, #1480 ) ;
#1494 = DIRECTION ( 'NONE',  ( 0.000000000000000000, -1.000000000000000000, 0.000000000000000000 ) ) ;
#1495 = VERTEX_POINT ( 'NONE', #778 ) ;
#1496 = STYLED_ITEM ( 'NONE', ( #2428 ), #1781 ) ;
#1497 = DIRECTION ( 'NONE',  ( 1.000000000000000000, -0.000000000000000000, -0.000000000000000000 ) ) ;
#1498 = EDGE_CURVE ( 'NONE', #795, #1124, #958, .T. ) ;
#1499 = SURFACE_SIDE_STYLE ('',( #524 ) ) ;
#1500 = SURFACE_STYLE_FILL_AREA ( #1333 ) ;
#1501 = UNCERTAINTY_MEASURE_WITH_UNIT (LENGTH_MEASURE( 1.000000000000000082E-05 ), #229, 'distance_accuracy_value', 'NONE');
#1502 = EDGE_LOOP ( 'NONE', ( #766, #556, #308, #2151 ) ) ;
#1503 = CARTESIAN_POINT ( 'NONE',  ( 0.000000000000000000, -0.000000000000000000, 0.1499999999999998557 ) ) ;
#1504 = PRESENTATION_STYLE_ASSIGNMENT (( #1281 ) ) ;
#1505 = CARTESIAN_POINT ( 'NONE',  ( -0.8000000000000001554, -0.004000000000000000083, 0.4999999999999996669 ) ) ;
#1506 = DIRECTION ( 'NONE',  ( 0.000000000000000000, -1.000000000000000000, 0.000000000000000000 ) ) ;
#1507 = ORIENTED_EDGE ( 'NONE', *, *, #461, .T. ) ;
#1508 = EDGE_CURVE ( 'NONE', #2425, #1589, #1348, .T. ) ;
#1509 = DIRECTION ( 'NONE',  ( 0.000000000000000000, 0.000000000000000000, -1.000000000000000000 ) ) ;
#1510 = CARTESIAN_POINT ( 'NONE',  ( -0.8000000000000000444, 0.2800000000000000266, 0.5999999999999999778 ) ) ;
#1511 = DIRECTION ( 'NONE',  ( 1.000000000000000000, 0.000000000000000000, -0.000000000000000000 ) ) ;
#1512 = EDGE_LOOP ( 'NONE', ( #1129, #1300, #2196, #1366 ) ) ;
#1513 = FACE_OUTER_BOUND ( 'NONE', #2401, .T. ) ;
#1514 = VERTEX_POINT ( 'NONE', #1575 ) ;
#1515 = VECTOR ( 'NONE', #877, 1000.000000000000000 ) ;
#1516 = STYLED_ITEM ( 'NONE', ( #302 ), #697 ) ;
#1517 =( LENGTH_UNIT ( ) NAMED_UNIT ( * ) SI_UNIT ( .MILLI., .METRE. ) );
#1518 = STYLED_ITEM ( 'NONE', ( #527 ), #1121 ) ;
#1519 = CARTESIAN_POINT ( 'NONE',  ( -0.7500000000000002220, 0.000000000000000000, 0.5133974596215556963 ) ) ;
#1520 = CARTESIAN_POINT ( 'NONE',  ( -0.6999999999999999556, -0.004000000000000000083, 0.5999999999999998668 ) ) ;
#1521 = ORIENTED_EDGE ( 'NONE', *, *, #282, .F. ) ;
#1522 = EDGE_CURVE ( 'NONE', #237, #2074, #2371, .T. ) ;
#1523 = CARTESIAN_POINT ( 'NONE',  ( -0.8000000000000001554, 0.000000000000000000, 0.5999999999999998668 ) ) ;
#1524 = UNCERTAINTY_MEASURE_WITH_UNIT (LENGTH_MEASURE( 1.000000000000000082E-05 ), #965, 'distance_accuracy_value', 'NONE');
#1525 = AXIS2_PLACEMENT_3D ( 'NONE', #1059, #1662, #1511 ) ;
#1526 = ORIENTED_EDGE ( 'NONE', *, *, #339, .F. ) ;
#1527 = EDGE_CURVE ( 'NONE', #8, #1599, #957, .T. ) ;
#1528 = VERTEX_POINT ( 'NONE', #1791 ) ;
#1529 = FILL_AREA_STYLE_COLOUR ( '', #736 ) ;
#1530 = DIRECTION ( 'NONE',  ( 0.000000000000000000, -1.000000000000000000, 0.000000000000000000 ) ) ;
#1531 = STYLED_ITEM ( 'NONE', ( #1621 ), #126 ) ;
#1532 =( LENGTH_UNIT ( ) NAMED_UNIT ( * ) SI_UNIT ( .MILLI., .METRE. ) );
#1533 = CARTESIAN_POINT ( 'NONE',  ( -0.2500000000000002776, -0.000000000000000000, -3.388131789017203205E-17 ) ) ;
#1534 = CARTESIAN_POINT ( 'NONE',  ( 0.7999999999999999334, 0.1199999999999999956, -0.5999999999999997558 ) ) ;
#1535 = SURFACE_SIDE_STYLE ('',( #538 ) ) ;
#1536 =( LENGTH_UNIT ( ) NAMED_UNIT ( * ) SI_UNIT ( .MILLI., .METRE. ) );
#1537 = VECTOR ( 'NONE', #878, 1000.000000000000000 ) ;
#1538 = CARTESIAN_POINT ( 'NONE',  ( -0.6499999999999994671, 0.3300000000000000711, 0.4999999999999997780 ) ) ;
#1539 = FACE_OUTER_BOUND ( 'NONE', #529, .T. ) ;
#1540 = VECTOR ( 'NONE', #164, 1000.000000000000000 ) ;
#1541 = DIRECTION ( 'NONE',  ( 0.000000000000000000, -1.000000000000000000, 0.000000000000000000 ) ) ;
#1542 = ORIENTED_EDGE ( 'NONE', *, *, #572, .F. ) ;
#1543 = PRESENTATION_STYLE_ASSIGNMENT (( #1143 ) ) ;
#1544 = EDGE_CURVE ( 'NONE', #1219, #1954, #1467, .T. ) ;
#1545 = SURFACE_STYLE_FILL_AREA ( #391 ) ;
#1546 = MECHANICAL_DESIGN_GEOMETRIC_PRESENTATION_REPRESENTATION (  '', ( #1458 ), #2290 ) ;
#1547 = LINE ( 'NONE', #756, #1267 ) ;
#1548 = SURFACE_STYLE_FILL_AREA ( #1339 ) ;
#1549 =( NAMED_UNIT ( * ) SI_UNIT ( $, .STERADIAN. ) SOLID_ANGLE_UNIT ( ) );
#1550 = CARTESIAN_POINT ( 'NONE',  ( 0.7500000000000000000, 0.000000000000000000, -0.1499999999999997446 ) ) ;
#1551 = FACE_OUTER_BOUND ( 'NONE', #98, .T. ) ;
#1552 = CARTESIAN_POINT ( 'NONE',  ( 0.6499999999999994671, 0.2800000000000000266, -0.4999999999999998890 ) ) ;
#1553 = PRESENTATION_STYLE_ASSIGNMENT (( #69 ) ) ;
#1554 = UNCERTAINTY_MEASURE_WITH_UNIT (LENGTH_MEASURE( 1.000000000000000082E-05 ), #71, 'distance_accuracy_value', 'NONE');
#1555 = ORIENTED_EDGE ( 'NONE', *, *, #491, .F. ) ;
#1556 = CARTESIAN_POINT ( 'NONE',  ( -0.2500000000000002220, 0.000000000000000000, -0.5500000000000000444 ) ) ;
#1557 = EDGE_CURVE ( 'NONE', #480, #1704, #43, .T. ) ;
#1558 = ORIENTED_EDGE ( 'NONE', *, *, #1280, .T. ) ;
#1559 = DIRECTION ( 'NONE',  ( 0.000000000000000000, -0.000000000000000000, 1.000000000000000000 ) ) ;
#1560 =( LENGTH_UNIT ( ) NAMED_UNIT ( * ) SI_UNIT ( .MILLI., .METRE. ) );
#1561 = EDGE_CURVE ( 'NONE', #1820, #686, #1340, .T. ) ;
#1562 = FILL_AREA_STYLE ('',( #1387 ) ) ;
#1563 = MECHANICAL_DESIGN_GEOMETRIC_PRESENTATION_REPRESENTATION (  '', ( #1224 ), #1644 ) ;
#1564 = COLOUR_RGB ( '',0.6470588235294117974, 0.5176470588235293491, 0.000000000000000000 ) ;
#1565 = LINE ( 'NONE', #2350, #1252 ) ;
#1566 = ORIENTED_EDGE ( 'NONE', *, *, #1042, .T. ) ;
#1567 = STYLED_ITEM ( 'NONE', ( #746 ), #1272 ) ;
#1568 = PRESENTATION_LAYER_ASSIGNMENT (  '', '', ( #152 ) ) ;
#1569 = SURFACE_STYLE_USAGE ( .BOTH. , #771 ) ;
#1570 =( NAMED_UNIT ( * ) PLANE_ANGLE_UNIT ( ) SI_UNIT ( $, .RADIAN. ) );
#1571 = CARTESIAN_POINT ( 'NONE',  ( 0.7999999999999999334, 0.1199999999999999956, 0.4999999999999997780 ) ) ;
#1572 = VECTOR ( 'NONE', #1616, 1000.000000000000000 ) ;
#1573 = FACE_OUTER_BOUND ( 'NONE', #147, .T. ) ;
#1574 = VERTEX_POINT ( 'NONE', #1078 ) ;
#1575 = CARTESIAN_POINT ( 'NONE',  ( -0.7525000000000001688, 0.1199999999999999956, 0.5999999999999998668 ) ) ;
#1576 = FILL_AREA_STYLE ('',( #2153 ) ) ;
#1577 = VERTEX_POINT ( 'NONE', #1018 ) ;
#1578 = AXIS2_PLACEMENT_3D ( 'NONE', #415, #1157, #779 ) ;
#1579 = CARTESIAN_POINT ( 'NONE',  ( 0.2500000000000000000, 0.1199999999999999956, 0.5500000000000000444 ) ) ;
#1580 = SURFACE_SIDE_STYLE ('',( #1364 ) ) ;
#1581 = VERTEX_POINT ( 'NONE', #644 ) ;
#1582 = EDGE_CURVE ( 'NONE', #1514, #510, #1418, .T. ) ;
#1583 = PRESENTATION_STYLE_ASSIGNMENT (( #2251 ) ) ;
#1584 = ADVANCED_FACE ( 'NONE', ( #2461 ), #488, .T. ) ;
#1585 = CARTESIAN_POINT ( 'NONE',  ( -0.8000000000000000444, 0.1199999999999999956, -0.5999999999999998668 ) ) ;
#1586 = LINE ( 'NONE', #409, #2445 ) ;
#1587 = UNCERTAINTY_MEASURE_WITH_UNIT (LENGTH_MEASURE( 1.000000000000000082E-05 ), #1479, 'distance_accuracy_value', 'NONE');
#1588 = TOROIDAL_SURFACE ( 'NONE', #2282, 0.04999999999999996114, 0.05000000000000000278 ) ;
#1589 = VERTEX_POINT ( 'NONE', #2172 ) ;
#1590 = MECHANICAL_DESIGN_GEOMETRIC_PRESENTATION_REPRESENTATION (  '', ( #1332 ), #169 ) ;
#1591 = DIRECTION ( 'NONE',  ( 0.000000000000000000, -1.000000000000000000, 0.000000000000000000 ) ) ;
#1592 = ORIENTED_EDGE ( 'NONE', *, *, #113, .T. ) ;
#1593 = SURFACE_STYLE_USAGE ( .BOTH. , #2179 ) ;
#1594 = ORIENTED_EDGE ( 'NONE', *, *, #2474, .F. ) ;
#1595 =( LENGTH_UNIT ( ) NAMED_UNIT ( * ) SI_UNIT ( .MILLI., .METRE. ) );
#1596 = COLOUR_RGB ( '',0.6470588235294117974, 0.5176470588235293491, 0.000000000000000000 ) ;
#1597 = STYLED_ITEM ( 'NONE', ( #218 ), #2021 ) ;
#1598 = EDGE_CURVE ( 'NONE', #40, #1777, #1043, .T. ) ;
#1599 = VERTEX_POINT ( 'NONE', #1550 ) ;
#1600 = CARTESIAN_POINT ( 'NONE',  ( 0.2500000000000001665, -0.004000000000000000083, -0.1499999999999996891 ) ) ;
#1601 =( NAMED_UNIT ( * ) SI_UNIT ( $, .STERADIAN. ) SOLID_ANGLE_UNIT ( ) );
#1602 = CARTESIAN_POINT ( 'NONE',  ( -0.2500000000000002220, 0.1199999999999999956, -0.5500000000000000444 ) ) ;
#1603 =( LENGTH_UNIT ( ) NAMED_UNIT ( * ) SI_UNIT ( .MILLI., .METRE. ) );
#1604 = ORIENTED_EDGE ( 'NONE', *, *, #2227, .T. ) ;
#1605 = DIRECTION ( 'NONE',  ( 0.000000000000000000, 0.000000000000000000, 1.000000000000000000 ) ) ;
#1606 = CARTESIAN_POINT ( 'NONE',  ( -0.7500000000000002220, 0.1199999999999999956, -0.1499999999999998557 ) ) ;
#1607 = MECHANICAL_DESIGN_GEOMETRIC_PRESENTATION_REPRESENTATION (  '', ( #1641 ), #2342 ) ;
#1608 = CARTESIAN_POINT ( 'NONE',  ( 0.2500000000000000000, -0.004000000000000000083, -0.5499999999999998224 ) ) ;
#1609 = VERTEX_POINT ( 'NONE', #408 ) ;
#1610 = MECHANICAL_DESIGN_GEOMETRIC_PRESENTATION_REPRESENTATION (  '', ( #940 ), #578 ) ;
#1611 = SURFACE_SIDE_STYLE ('',( #813 ) ) ;
#1612 = DIRECTION ( 'NONE',  ( -0.000000000000000000, -0.000000000000000000, 1.000000000000000000 ) ) ;
#1613 = DIRECTION ( 'NONE',  ( 0.000000000000000000, 0.000000000000000000, -1.000000000000000000 ) ) ;
#1614 = CIRCLE ( 'NONE', #507, 0.1000000000000001582 ) ;
#1615 = UNCERTAINTY_MEASURE_WITH_UNIT (LENGTH_MEASURE( 1.000000000000000082E-05 ), #926, 'distance_accuracy_value', 'NONE');
#1616 = DIRECTION ( 'NONE',  ( -1.000000000000000000, 0.000000000000000000, 0.000000000000000000 ) ) ;
#1617 =( NAMED_UNIT ( * ) SI_UNIT ( $, .STERADIAN. ) SOLID_ANGLE_UNIT ( ) );
#1618 = VERTEX_POINT ( 'NONE', #1785 ) ;
#1619 = FILL_AREA_STYLE ('',( #1806 ) ) ;
#1620 = ORIENTED_EDGE ( 'NONE', *, *, #1304, .F. ) ;
#1621 = PRESENTATION_STYLE_ASSIGNMENT (( #1424 ) ) ;
#1622 = CARTESIAN_POINT ( 'NONE',  ( 0.2500000000000001665, 0.1199999999999999956, -0.1499999999999996891 ) ) ;
#1623 = FACE_OUTER_BOUND ( 'NONE', #1813, .T. ) ;
#1624 = DIRECTION ( 'NONE',  ( 0.000000000000000000, 0.000000000000000000, 1.000000000000000000 ) ) ;
#1625 = EDGE_CURVE ( 'NONE', #1618, #1777, #49, .T. ) ;
#1626 = ORIENTED_EDGE ( 'NONE', *, *, #2022, .F. ) ;
#1627 = VECTOR ( 'NONE', #2396, 1000.000000000000000 ) ;
#1628 = DIRECTION ( 'NONE',  ( -0.000000000000000000, 1.000000000000000000, 0.000000000000000000 ) ) ;
#1629 = DIRECTION ( 'NONE',  ( 0.000000000000000000, 0.000000000000000000, 1.000000000000000000 ) ) ;
#1630 = VERTEX_POINT ( 'NONE', #2289 ) ;
#1631 = CARTESIAN_POINT ( 'NONE',  ( 0.7524999999999999467, 0.1199999999999999956, 0.5999999999999999778 ) ) ;
#1632 =( NAMED_UNIT ( * ) SI_UNIT ( $, .STERADIAN. ) SOLID_ANGLE_UNIT ( ) );
#1633 = STYLED_ITEM ( 'NONE', ( #799 ), #2002 ) ;
#1634 = DIRECTION ( 'NONE',  ( 0.000000000000000000, 0.000000000000000000, -1.000000000000000000 ) ) ;
#1635 = ORIENTED_EDGE ( 'NONE', *, *, #1625, .F. ) ;
#1636 = CARTESIAN_POINT ( 'NONE',  ( 0.6500000000000001332, 0.2800000000000000266, 0.4999999999999997780 ) ) ;
#1637 = EDGE_CURVE ( 'NONE', #707, #945, #1329, .T. ) ;
#1638 = DIRECTION ( 'NONE',  ( 1.000000000000000000, 0.000000000000000000, -0.000000000000000000 ) ) ;
#1639 = VERTEX_POINT ( 'NONE', #1538 ) ;
#1640 = EDGE_CURVE ( 'NONE', #1362, #1911, #484, .T. ) ;
#1641 = STYLED_ITEM ( 'NONE', ( #100 ), #834 ) ;
#1642 = DIRECTION ( 'NONE',  ( 1.000000000000000000, 0.000000000000000000, 0.000000000000000000 ) ) ;
#1643 = AXIS2_PLACEMENT_3D ( 'NONE', #454, #818, #774 ) ;
#1644 =( GEOMETRIC_REPRESENTATION_CONTEXT ( 3 ) GLOBAL_UNCERTAINTY_ASSIGNED_CONTEXT ( ( #2303 ) ) GLOBAL_UNIT_ASSIGNED_CONTEXT ( ( #2012, #1441, #2045 ) ) REPRESENTATION_CONTEXT ( 'NONE', 'WORKASPACE' ) );
#1645 = CARTESIAN_POINT ( 'NONE',  ( 0.7133974596215558739, -0.004000000000000000083, 0.5500000000000001554 ) ) ;
#1646 = EDGE_LOOP ( 'NONE', ( #1269, #1753, #1254, #130 ) ) ;
#1647 =( NAMED_UNIT ( * ) SI_UNIT ( $, .STERADIAN. ) SOLID_ANGLE_UNIT ( ) );
#1648 = ORIENTED_EDGE ( 'NONE', *, *, #823, .T. ) ;
#1649 = DIRECTION ( 'NONE',  ( 0.000000000000000000, 0.000000000000000000, -1.000000000000000000 ) ) ;
#1650 = SURFACE_STYLE_USAGE ( .BOTH. , #1053 ) ;
#1651 = ORIENTED_EDGE ( 'NONE', *, *, #749, .T. ) ;
#1652 = VECTOR ( 'NONE', #2199, 1000.000000000000000 ) ;
#1653 = VECTOR ( 'NONE', #323, 1000.000000000000000 ) ;
#1654 = VECTOR ( 'NONE', #1076, 1000.000000000000000 ) ;
#1655 = SURFACE_STYLE_FILL_AREA ( #2443 ) ;
#1656 = CARTESIAN_POINT ( 'NONE',  ( -0.7500000000000001110, 0.2800000000000000266, -0.4499999999999992339 ) ) ;
#1657 = CARTESIAN_POINT ( 'NONE',  ( -0.8000000000000000444, 0.1199999999999999956, -0.5999999999999998668 ) ) ;
#1658 = VECTOR ( 'NONE', #695, 1000.000000000000000 ) ;
#1659 = ORIENTED_EDGE ( 'NONE', *, *, #539, .T. ) ;
#1660 = CLOSED_SHELL ( 'NONE', ( #498, #2212, #1840, #2304, #2002, #677, #354, #973, #296, #2440, #1049, #1731, #34, #276, #2316, #960, #126, #2464, #1719, #2035, #1363, #1087, #697, #530, #722, #1121, #2503, #305, #1272, #2447, #1960, #961, #557, #386, #2144, #1181, #15, #834, #1781, #1422, #2362, #2021, #1320, #449, #1463, #782, #928, #1822, #1764, #201, #1584, #1443, #1476, #1661, #797 ) ) ;
#1661 = ADVANCED_FACE ( 'NONE', ( #566 ), #1981, .T. ) ;
#1662 = DIRECTION ( 'NONE',  ( 0.000000000000000000, 0.000000000000000000, 1.000000000000000000 ) ) ;
#1663 =( NAMED_UNIT ( * ) PLANE_ANGLE_UNIT ( ) SI_UNIT ( $, .RADIAN. ) );
#1664 = VERTEX_POINT ( 'NONE', #1448 ) ;
#1665 = VECTOR ( 'NONE', #351, 1000.000000000000000 ) ;
#1666 = FILL_AREA_STYLE_COLOUR ( '', #1688 ) ;
#1667 = LINE ( 'NONE', #546, #654 ) ;
#1668 = ORIENTED_EDGE ( 'NONE', *, *, #520, .F. ) ;
#1669 = CARTESIAN_POINT ( 'NONE',  ( 0.7500000000000000000, 0.000000000000000000, 0.000000000000000000 ) ) ;
#1670 = EDGE_CURVE ( 'NONE', #2070, #177, #275, .T. ) ;
#1671 = FILL_AREA_STYLE_COLOUR ( '', #94 ) ;
#1672 = AXIS2_PLACEMENT_3D ( 'NONE', #1602, #2079, #286 ) ;
#1673 = VECTOR ( 'NONE', #1494, 1000.000000000000000 ) ;
#1674 = LINE ( 'NONE', #479, #2219 ) ;
#1675 = ORIENTED_EDGE ( 'NONE', *, *, #1176, .T. ) ;
#1676 = CIRCLE ( 'NONE', #882, 0.04750000000000001443 ) ;
#1677 = DIRECTION ( 'NONE',  ( 0.000000000000000000, -1.000000000000000000, 0.000000000000000000 ) ) ;
#1678 = FACE_OUTER_BOUND ( 'NONE', #1079, .T. ) ;
#1679 = DIRECTION ( 'NONE',  ( -1.000000000000000000, 0.000000000000000000, 0.000000000000000000 ) ) ;
#1680 = VERTEX_POINT ( 'NONE', #669 ) ;
#1681 = CARTESIAN_POINT ( 'NONE',  ( 0.6500000000000001332, 0.3300000000000000711, 0.4499999999999998446 ) ) ;
#1682 = DIRECTION ( 'NONE',  ( 1.084202172485504804E-16, 0.000000000000000000, 1.000000000000000000 ) ) ;
#1683 = DIRECTION ( 'NONE',  ( 0.000000000000000000, 0.000000000000000000, -1.000000000000000000 ) ) ;
#1684 = ORIENTED_EDGE ( 'NONE', *, *, #4, .F. ) ;
#1685 = AXIS2_PLACEMENT_3D ( 'NONE', #288, #864, #1277 ) ;
#1686 = FILL_AREA_STYLE ('',( #685 ) ) ;
#1687 = VERTEX_POINT ( 'NONE', #1656 ) ;
#1688 = COLOUR_RGB ( '',0.6470588235294117974, 0.5176470588235293491, 0.000000000000000000 ) ;
#1689 = MECHANICAL_DESIGN_GEOMETRIC_PRESENTATION_REPRESENTATION (  '', ( #1437 ), #1886 ) ;
#1690 = EDGE_CURVE ( 'NONE', #2378, #1528, #1469, .T. ) ;
#1691 = EDGE_CURVE ( 'NONE', #1701, #2512, #1828, .T. ) ;
#1692 = SURFACE_STYLE_FILL_AREA ( #1878 ) ;
#1693 = CARTESIAN_POINT ( 'NONE',  ( 0.8000000000000000444, 0.000000000000000000, -0.5999999999999998668 ) ) ;
#1694 = ORIENTED_EDGE ( 'NONE', *, *, #1952, .F. ) ;
#1695 = DIRECTION ( 'NONE',  ( -1.000000000000000000, -0.000000000000000000, -1.084202172485504434E-16 ) ) ;
#1696 =( GEOMETRIC_REPRESENTATION_CONTEXT ( 3 ) GLOBAL_UNCERTAINTY_ASSIGNED_CONTEXT ( ( #1168 ) ) GLOBAL_UNIT_ASSIGNED_CONTEXT ( ( #984, #2509, #595 ) ) REPRESENTATION_CONTEXT ( 'NONE', 'WORKASPACE' ) );
#1697 = ORIENTED_EDGE ( 'NONE', *, *, #210, .T. ) ;
#1698 = VERTEX_POINT ( 'NONE', #1215 ) ;
#1699 =( NAMED_UNIT ( * ) SI_UNIT ( $, .STERADIAN. ) SOLID_ANGLE_UNIT ( ) );
#1700 = VECTOR ( 'NONE', #2163, 1000.000000000000000 ) ;
#1701 = VERTEX_POINT ( 'NONE', #810 ) ;
#1702 = EDGE_CURVE ( 'NONE', #2008, #1485, #2164, .T. ) ;
#1703 = CARTESIAN_POINT ( 'NONE',  ( -0.8000000000000001554, 0.1199999999999999956, 0.5524999999999997691 ) ) ;
#1704 = VERTEX_POINT ( 'NONE', #438 ) ;
#1705 = EDGE_CURVE ( 'NONE', #1618, #204, #1586, .T. ) ;
#1706 = PRESENTATION_STYLE_ASSIGNMENT (( #1486 ) ) ;
#1707 = PRESENTATION_LAYER_ASSIGNMENT (  '', '', ( #1496 ) ) ;
#1708 = SURFACE_STYLE_FILL_AREA ( #2275 ) ;
#1709 = VERTEX_POINT ( 'NONE', #2187 ) ;
#1710 =( LENGTH_UNIT ( ) NAMED_UNIT ( * ) SI_UNIT ( .MILLI., .METRE. ) );
#1711 = ORIENTED_EDGE ( 'NONE', *, *, #1006, .F. ) ;
#1712 = CIRCLE ( 'NONE', #1462, 0.05000000000000002359 ) ;
#1713 = EDGE_CURVE ( 'NONE', #506, #2119, #1756, .T. ) ;
#1714 = FACE_OUTER_BOUND ( 'NONE', #1848, .T. ) ;
#1715 = DIRECTION ( 'NONE',  ( -4.065758146820640148E-16, 0.000000000000000000, 1.000000000000000000 ) ) ;
#1716 = CARTESIAN_POINT ( 'NONE',  ( 0.7999999999999999334, -0.004000000000000000083, -0.5524999999999997691 ) ) ;
#1717 = VERTEX_POINT ( 'NONE', #1178 ) ;
#1718 =( NAMED_UNIT ( * ) PLANE_ANGLE_UNIT ( ) SI_UNIT ( $, .RADIAN. ) );
#1719 = ADVANCED_FACE ( 'NONE', ( #2133 ), #1379, .T. ) ;
#1720 = PRESENTATION_STYLE_ASSIGNMENT (( #1742 ) ) ;
#1721 = ORIENTED_EDGE ( 'NONE', *, *, #2207, .T. ) ;
#1722 = VECTOR ( 'NONE', #744, 1000.000000000000000 ) ;
#1723 = FILL_AREA_STYLE ('',( #257 ) ) ;
#1724 = CYLINDRICAL_SURFACE ( 'NONE', #937, 0.1000000000000001582 ) ;
#1725 = ORIENTED_EDGE ( 'NONE', *, *, #1251, .F. ) ;
#1726 = FACE_OUTER_BOUND ( 'NONE', #2343, .T. ) ;
#1727 = CARTESIAN_POINT ( 'NONE',  ( 0.8000000000000000444, 0.1199999999999999956, -0.5999999999999998668 ) ) ;
#1728 =( LENGTH_UNIT ( ) NAMED_UNIT ( * ) SI_UNIT ( .MILLI., .METRE. ) );
#1729 =( NAMED_UNIT ( * ) SI_UNIT ( $, .STERADIAN. ) SOLID_ANGLE_UNIT ( ) );
#1730 = UNCERTAINTY_MEASURE_WITH_UNIT (LENGTH_MEASURE( 1.000000000000000082E-05 ), #2101, 'distance_accuracy_value', 'NONE');
#1731 = ADVANCED_FACE ( 'NONE', ( #1190 ), #817, .F. ) ;
#1732 = ORIENTED_EDGE ( 'NONE', *, *, #2130, .T. ) ;
#1733 = PRESENTATION_LAYER_ASSIGNMENT (  '', '', ( #304 ) ) ;
#1734 = CARTESIAN_POINT ( 'NONE',  ( -0.8000000000000001554, -0.004000000000000000083, 0.4999999999999996669 ) ) ;
#1735 =( NAMED_UNIT ( * ) SI_UNIT ( $, .STERADIAN. ) SOLID_ANGLE_UNIT ( ) );
#1736 = SURFACE_STYLE_FILL_AREA ( #1145 ) ;
#1737 = DIRECTION ( 'NONE',  ( -7.589415207398527883E-15, 0.000000000000000000, 1.000000000000000000 ) ) ;
#1738 = ORIENTED_EDGE ( 'NONE', *, *, #1702, .F. ) ;
#1739 = CARTESIAN_POINT ( 'NONE',  ( -0.7500000000000002220, 0.1199999999999999956, 0.5133974596215556963 ) ) ;
#1740 = LINE ( 'NONE', #1365, #968 ) ;
#1741 = EDGE_CURVE ( 'NONE', #143, #2062, #22, .T. ) ;
#1742 = SURFACE_STYLE_USAGE ( .BOTH. , #198 ) ;
#1743 = CARTESIAN_POINT ( 'NONE',  ( 0.7133974596215558739, 0.1199999999999999956, -0.5499999999999999334 ) ) ;
#1744 = DIRECTION ( 'NONE',  ( -1.000000000000000000, 0.000000000000000000, 1.084202172485504927E-16 ) ) ;
#1745 = CARTESIAN_POINT ( 'NONE',  ( 0.6999999999999997335, 0.1199999999999999956, -0.5999999999999997558 ) ) ;
#1746 = ORIENTED_EDGE ( 'NONE', *, *, #562, .T. ) ;
#1747 = CARTESIAN_POINT ( 'NONE',  ( 0.7500000000000000000, 0.000000000000000000, 0.000000000000000000 ) ) ;
#1748 = LINE ( 'NONE', #2372, #439 ) ;
#1749 = VECTOR ( 'NONE', #333, 1000.000000000000000 ) ;
#1750 = DIRECTION ( 'NONE',  ( -0.000000000000000000, 0.000000000000000000, 1.000000000000000000 ) ) ;
#1751 = DIRECTION ( 'NONE',  ( 0.000000000000000000, -1.000000000000000000, 0.000000000000000000 ) ) ;
#1752 = FACE_OUTER_BOUND ( 'NONE', #1916, .T. ) ;
#1753 = ORIENTED_EDGE ( 'NONE', *, *, #108, .F. ) ;
#1754 = SURFACE_STYLE_FILL_AREA ( #1165 ) ;
#1755 = DIRECTION ( 'NONE',  ( 0.000000000000000000, -1.000000000000000000, 0.000000000000000000 ) ) ;
#1756 = LINE ( 'NONE', #232, #446 ) ;
#1757 = UNCERTAINTY_MEASURE_WITH_UNIT (LENGTH_MEASURE( 1.000000000000000082E-05 ), #496, 'distance_accuracy_value', 'NONE');
#1758 = ORIENTED_EDGE ( 'NONE', *, *, #1383, .T. ) ;
#1759 = DIRECTION ( 'NONE',  ( 0.000000000000000000, 1.000000000000000000, 0.000000000000000000 ) ) ;
#1760 = FACE_OUTER_BOUND ( 'NONE', #1945, .T. ) ;
#1761 = VERTEX_POINT ( 'NONE', #634 ) ;
#1762 = SURFACE_STYLE_FILL_AREA ( #588 ) ;
#1763 = PRESENTATION_LAYER_ASSIGNMENT (  '', '', ( #1516 ) ) ;
#1764 = ADVANCED_FACE ( 'NONE', ( #382 ), #1588, .T. ) ;
#1765 = SURFACE_STYLE_USAGE ( .BOTH. , #1580 ) ;
#1766 = EDGE_CURVE ( 'NONE', #1290, #223, #2017, .T. ) ;
#1767 = EDGE_CURVE ( 'NONE', #945, #480, #2215, .T. ) ;
#1768 = VECTOR ( 'NONE', #1296, 1000.000000000000000 ) ;
#1769 = DIRECTION ( 'NONE',  ( 0.000000000000000000, 0.000000000000000000, 1.000000000000000000 ) ) ;
#1770 = EDGE_LOOP ( 'NONE', ( #272, #1675, #714, #962 ) ) ;
#1771 = AXIS2_PLACEMENT_3D ( 'NONE', #2321, #1914, #1932 ) ;
#1772 = COLOUR_RGB ( '',0.6470588235294117974, 0.5176470588235293491, 0.000000000000000000 ) ;
#1773 = CIRCLE ( 'NONE', #1312, 0.04999999999999996808 ) ;
#1774 = LINE ( 'NONE', #1189, #2155 ) ;
#1775 = CIRCLE ( 'NONE', #345, 0.05000000000000002359 ) ;
#1776 = CARTESIAN_POINT ( 'NONE',  ( -0.2500000000000002776, -0.004000000000000000083, -0.1499999999999998002 ) ) ;
#1777 = VERTEX_POINT ( 'NONE', #1456 ) ;
#1778 = ORIENTED_EDGE ( 'NONE', *, *, #1236, .T. ) ;
#1779 = VECTOR ( 'NONE', #1695, 1000.000000000000000 ) ;
#1780 = FILL_AREA_STYLE_COLOUR ( '', #2299 ) ;
#1781 = ADVANCED_FACE ( 'NONE', ( #2249 ), #1434, .T. ) ;
#1782 = DIRECTION ( 'NONE',  ( 0.000000000000000000, 0.000000000000000000, -1.000000000000000000 ) ) ;
#1783 = DIRECTION ( 'NONE',  ( -1.000000000000000000, 0.000000000000000000, -2.983516102766921860E-16 ) ) ;
#1784 = ORIENTED_EDGE ( 'NONE', *, *, #2385, .F. ) ;
#1785 = CARTESIAN_POINT ( 'NONE',  ( -0.7500000000000001110, 0.2800000000000000266, 0.5999999999999999778 ) ) ;
#1786 = DIRECTION ( 'NONE',  ( -1.000000000000000000, 0.000000000000000000, -0.000000000000000000 ) ) ;
#1787 = LINE ( 'NONE', #1433, #946 ) ;
#1788 = SURFACE_STYLE_FILL_AREA ( #997 ) ;
#1789 = UNCERTAINTY_MEASURE_WITH_UNIT (LENGTH_MEASURE( 1.000000000000000082E-05 ), #1595, 'distance_accuracy_value', 'NONE');
#1790 =( GEOMETRIC_REPRESENTATION_CONTEXT ( 3 ) GLOBAL_UNCERTAINTY_ASSIGNED_CONTEXT ( ( #803 ) ) GLOBAL_UNIT_ASSIGNED_CONTEXT ( ( #986, #802, #1601 ) ) REPRESENTATION_CONTEXT ( 'NONE', 'WORKASPACE' ) );
#1791 = CARTESIAN_POINT ( 'NONE',  ( -0.2500000000000002776, -0.004000000000000000083, 0.1499999999999998557 ) ) ;
#1792 = AXIS2_PLACEMENT_3D ( 'NONE', #1071, #1221, #1036 ) ;
#1793 = LINE ( 'NONE', #26, #2010 ) ;
#1794 = ORIENTED_EDGE ( 'NONE', *, *, #887, .T. ) ;
#1795 = CARTESIAN_POINT ( 'NONE',  ( -0.8000000000000001554, 0.1199999999999999956, 0.4999999999999996669 ) ) ;
#1796 = ORIENTED_EDGE ( 'NONE', *, *, #1398, .F. ) ;
#1797 =( GEOMETRIC_REPRESENTATION_CONTEXT ( 3 ) GLOBAL_UNCERTAINTY_ASSIGNED_CONTEXT ( ( #1910 ) ) GLOBAL_UNIT_ASSIGNED_CONTEXT ( ( #1890, #2258, #158 ) ) REPRESENTATION_CONTEXT ( 'NONE', 'WORKASPACE' ) );
#1798 = CARTESIAN_POINT ( 'NONE',  ( -0.6500000000000001332, 0.3300000000000000711, -0.4999999999999997780 ) ) ;
#1799 = DIRECTION ( 'NONE',  ( 0.000000000000000000, -0.000000000000000000, 1.000000000000000000 ) ) ;
#1800 = EDGE_CURVE ( 'NONE', #1495, #1911, #872, .T. ) ;
#1801 =( LENGTH_UNIT ( ) NAMED_UNIT ( * ) SI_UNIT ( .MILLI., .METRE. ) );
#1802 = SURFACE_STYLE_USAGE ( .BOTH. , #443 ) ;
#1803 = ORIENTED_EDGE ( 'NONE', *, *, #1398, .T. ) ;
#1804 =( GEOMETRIC_REPRESENTATION_CONTEXT ( 3 ) GLOBAL_UNCERTAINTY_ASSIGNED_CONTEXT ( ( #1191 ) ) GLOBAL_UNIT_ASSIGNED_CONTEXT ( ( #1158, #205, #1372 ) ) REPRESENTATION_CONTEXT ( 'NONE', 'WORKASPACE' ) );
#1805 = COLOUR_RGB ( '',0.6470588235294117974, 0.5176470588235293491, 0.000000000000000000 ) ;
#1806 = FILL_AREA_STYLE_COLOUR ( '', #1091 ) ;
#1807 = VERTEX_POINT ( 'NONE', #2016 ) ;
#1808 = DIRECTION ( 'NONE',  ( 0.000000000000000000, 1.000000000000000000, 0.000000000000000000 ) ) ;
#1809 = UNCERTAINTY_MEASURE_WITH_UNIT (LENGTH_MEASURE( 1.000000000000000082E-05 ), #266, 'distance_accuracy_value', 'NONE');
#1810 = DIRECTION ( 'NONE',  ( 1.000000000000000000, 0.000000000000000000, 0.000000000000000000 ) ) ;
#1811 = SURFACE_STYLE_USAGE ( .BOTH. , #1029 ) ;
#1812 = EDGE_CURVE ( 'NONE', #1698, #870, #2040, .T. ) ;
#1813 = EDGE_LOOP ( 'NONE', ( #2082, #586, #2049, #1040 ) ) ;
#1814 = ORIENTED_EDGE ( 'NONE', *, *, #2193, .T. ) ;
#1815 =( LENGTH_UNIT ( ) NAMED_UNIT ( * ) SI_UNIT ( .MILLI., .METRE. ) );
#1816 = AXIS2_PLACEMENT_3D ( 'NONE', #2162, #1177, #1344 ) ;
#1817 = CARTESIAN_POINT ( 'NONE',  ( -0.8000000000000000444, -0.004000000000000000083, -0.5999999999999998668 ) ) ;
#1818 = VECTOR ( 'NONE', #55, 1000.000000000000000 ) ;
#1819 = DIRECTION ( 'NONE',  ( 1.000000000000000000, 0.000000000000000000, -2.339680872163052390E-16 ) ) ;
#1820 = VERTEX_POINT ( 'NONE', #2457 ) ;
#1821 =( NAMED_UNIT ( * ) PLANE_ANGLE_UNIT ( ) SI_UNIT ( $, .RADIAN. ) );
#1822 = ADVANCED_FACE ( 'NONE', ( #298 ), #670, .T. ) ;
#1823 = DIRECTION ( 'NONE',  ( 0.000000000000000000, 0.000000000000000000, -1.000000000000000000 ) ) ;
#1824 = ORIENTED_EDGE ( 'NONE', *, *, #671, .F. ) ;
#1825 = VECTOR ( 'NONE', #762, 1000.000000000000000 ) ;
#1826 = CARTESIAN_POINT ( 'NONE',  ( -0.8000000000000000444, -0.004000000000000000083, -0.5524999999999997691 ) ) ;
#1827 = CARTESIAN_POINT ( 'NONE',  ( -0.7133974596215559849, 0.000000000000000000, -0.5500000000000000444 ) ) ;
#1828 = LINE ( 'NONE', #1260, #1451 ) ;
#1829 = DIRECTION ( 'NONE',  ( 0.000000000000000000, 0.000000000000000000, -1.000000000000000000 ) ) ;
#1830 = CARTESIAN_POINT ( 'NONE',  ( 0.7999999999999999334, 0.1199999999999999956, 0.5524999999999998801 ) ) ;
#1831 = ORIENTED_EDGE ( 'NONE', *, *, #1766, .T. ) ;
#1832 = CARTESIAN_POINT ( 'NONE',  ( 0.7999999999999999334, 0.000000000000000000, 0.4999999999999997780 ) ) ;
#1833 = SURFACE_STYLE_USAGE ( .BOTH. , #851 ) ;
#1834 = CARTESIAN_POINT ( 'NONE',  ( -0.6999999999999999556, -0.004000000000000000083, 0.5999999999999998668 ) ) ;
#1835 = EDGE_LOOP ( 'NONE', ( #495, #403, #301, #812 ) ) ;
#1836 = CARTESIAN_POINT ( 'NONE',  ( -0.8000000000000000444, 0.1199999999999999956, -0.5999999999999998668 ) ) ;
#1837 = APPLICATION_CONTEXT ( 'automotive_design' ) ;
#1838 = DIRECTION ( 'NONE',  ( 0.000000000000000000, -0.000000000000000000, -1.000000000000000000 ) ) ;
#1839 = ORIENTED_EDGE ( 'NONE', *, *, #51, .F. ) ;
#1840 = ADVANCED_FACE ( 'NONE', ( #274 ), #2238, .F. ) ;
#1841 = COLOUR_RGB ( '',0.6470588235294117974, 0.5176470588235293491, 0.000000000000000000 ) ;
#1842 = PLANE ( 'NONE',  #1489 ) ;
#1843 = SURFACE_SIDE_STYLE ('',( #1655 ) ) ;
#1844 = CARTESIAN_POINT ( 'NONE',  ( 0.7999999999999999334, -0.004000000000000000083, -0.5999999999999997558 ) ) ;
#1845 = CIRCLE ( 'NONE', #188, 0.1000000000000001582 ) ;
#1846 = LINE ( 'NONE', #1239, #1232 ) ;
#1847 = SURFACE_SIDE_STYLE ('',( #1460 ) ) ;
#1848 = EDGE_LOOP ( 'NONE', ( #884, #2255, #2024, #1258 ) ) ;
#1849 = DIRECTION ( 'NONE',  ( 0.000000000000000000, 0.000000000000000000, -1.000000000000000000 ) ) ;
#1850 = EDGE_CURVE ( 'NONE', #1903, #320, #2096, .T. ) ;
#1851 = DIRECTION ( 'NONE',  ( 0.000000000000000000, 0.000000000000000000, -1.000000000000000000 ) ) ;
#1852 = ORIENTED_EDGE ( 'NONE', *, *, #1131, .T. ) ;
#1853 = VECTOR ( 'NONE', #1382, 1000.000000000000000 ) ;
#1854 = EDGE_CURVE ( 'NONE', #936, #1265, #2366, .T. ) ;
#1855 =( NAMED_UNIT ( * ) PLANE_ANGLE_UNIT ( ) SI_UNIT ( $, .RADIAN. ) );
#1856 = AXIS2_PLACEMENT_3D ( 'NONE', #1275, #1088, #889 ) ;
#1857 = CARTESIAN_POINT ( 'NONE',  ( -0.8000000000000000444, 0.000000000000000000, -0.5499999999999998224 ) ) ;
#1858 = FACE_OUTER_BOUND ( 'NONE', #400, .T. ) ;
#1859 = VECTOR ( 'NONE', #464, 1000.000000000000000 ) ;
#1860 = DIRECTION ( 'NONE',  ( 0.000000000000000000, 1.000000000000000000, 0.000000000000000000 ) ) ;
#1861 = ORIENTED_EDGE ( 'NONE', *, *, #1151, .T. ) ;
#1862 = LINE ( 'NONE', #854, #1119 ) ;
#1863 = STYLED_ITEM ( 'NONE', ( #13 ), #1719 ) ;
#1864 = DIRECTION ( 'NONE',  ( 0.000000000000000000, -1.000000000000000000, 0.000000000000000000 ) ) ;
#1865 = VECTOR ( 'NONE', #364, 1000.000000000000000 ) ;
#1866 = SURFACE_SIDE_STYLE ('',( #1692 ) ) ;
#1867 = CARTESIAN_POINT ( 'NONE',  ( -0.8000000000000000444, 0.000000000000000000, 0.5999999999999999778 ) ) ;
#1868 = VERTEX_POINT ( 'NONE', #1313 ) ;
#1869 = CARTESIAN_POINT ( 'NONE',  ( 0.7999999999999999334, 0.1199999999999999956, -0.5499999999999998224 ) ) ;
#1870 = CARTESIAN_POINT ( 'NONE',  ( 0.7500000000000000000, 0.000000000000000000, -0.5133974596215555852 ) ) ;
#1871 = CARTESIAN_POINT ( 'NONE',  ( 0.6500000000000001332, 0.2800000000000000266, 0.4499999999999998446 ) ) ;
#1872 = CARTESIAN_POINT ( 'NONE',  ( -0.7000000000000000666, 0.2800000000000000266, 0.4499999999999998446 ) ) ;
#1873 = ORIENTED_EDGE ( 'NONE', *, *, #2384, .T. ) ;
#1874 = EDGE_CURVE ( 'NONE', #1820, #1630, #1907, .T. ) ;
#1875 = SURFACE_STYLE_USAGE ( .BOTH. , #2476 ) ;
#1876 = CARTESIAN_POINT ( 'NONE',  ( 0.7999999999999999334, 0.000000000000000000, 0.5999999999999999778 ) ) ;
#1877 = DIRECTION ( 'NONE',  ( 0.000000000000000000, 0.000000000000000000, -1.000000000000000000 ) ) ;
#1878 = FILL_AREA_STYLE ('',( #1666 ) ) ;
#1879 = ORIENTED_EDGE ( 'NONE', *, *, #2414, .F. ) ;
#1880 = ADVANCED_BREP_SHAPE_REPRESENTATION ( 'CX1612DB48000D0FPJC1', ( #1002, #1643 ), #2001 ) ;
#1881 = EDGE_CURVE ( 'NONE', #936, #598, #648, .T. ) ;
#1882 = AXIS2_PLACEMENT_3D ( 'NONE', #1871, #1860, #842 ) ;
#1883 = UNCERTAINTY_MEASURE_WITH_UNIT (LENGTH_MEASURE( 1.000000000000000082E-05 ), #1420, 'distance_accuracy_value', 'NONE');
#1884 = VECTOR ( 'NONE', #67, 1000.000000000000000 ) ;
#1885 = ORIENTED_EDGE ( 'NONE', *, *, #113, .F. ) ;
#1886 =( GEOMETRIC_REPRESENTATION_CONTEXT ( 3 ) GLOBAL_UNCERTAINTY_ASSIGNED_CONTEXT ( ( #775 ) ) GLOBAL_UNIT_ASSIGNED_CONTEXT ( ( #375, #1159, #1941 ) ) REPRESENTATION_CONTEXT ( 'NONE', 'WORKASPACE' ) );
#1887 = VECTOR ( 'NONE', #1413, 1000.000000000000000 ) ;
#1888 = DIRECTION ( 'NONE',  ( -1.000000000000000000, 0.000000000000000000, -4.065758146820640148E-16 ) ) ;
#1889 = CIRCLE ( 'NONE', #781, 0.04750000000000001443 ) ;
#1890 =( LENGTH_UNIT ( ) NAMED_UNIT ( * ) SI_UNIT ( .MILLI., .METRE. ) );
#1891 = ORIENTED_EDGE ( 'NONE', *, *, #236, .F. ) ;
#1892 = DIRECTION ( 'NONE',  ( 0.000000000000000000, 0.000000000000000000, -1.000000000000000000 ) ) ;
#1893 = FACE_OUTER_BOUND ( 'NONE', #2217, .T. ) ;
#1894 = MECHANICAL_DESIGN_GEOMETRIC_PRESENTATION_REPRESENTATION (  '', ( #157 ), #37 ) ;
#1895 = VECTOR ( 'NONE', #638, 1000.000000000000000 ) ;
#1896 = ORIENTED_EDGE ( 'NONE', *, *, #609, .F. ) ;
#1897 = SURFACE_SIDE_STYLE ('',( #1500 ) ) ;
#1898 =( GEOMETRIC_REPRESENTATION_CONTEXT ( 3 ) GLOBAL_UNCERTAINTY_ASSIGNED_CONTEXT ( ( #930 ) ) GLOBAL_UNIT_ASSIGNED_CONTEXT ( ( #1728, #1570, #1345 ) ) REPRESENTATION_CONTEXT ( 'NONE', 'WORKASPACE' ) );
#1899 = EDGE_CURVE ( 'NONE', #2067, #686, #540, .T. ) ;
#1900 = ORIENTED_EDGE ( 'NONE', *, *, #604, .T. ) ;
#1901 = CARTESIAN_POINT ( 'NONE',  ( 0.7999999999999999334, -0.004000000000000000083, -0.5999999999999997558 ) ) ;
#1902 = SURFACE_STYLE_USAGE ( .BOTH. , #869 ) ;
#1903 = VERTEX_POINT ( 'NONE', #338 ) ;
#1904 = PRESENTATION_LAYER_ASSIGNMENT (  '', '', ( #1863 ) ) ;
#1905 = DIRECTION ( 'NONE',  ( 0.000000000000000000, -1.000000000000000000, 0.000000000000000000 ) ) ;
#1906 = SURFACE_STYLE_USAGE ( .BOTH. , #2095 ) ;
#1907 = CIRCLE ( 'NONE', #1246, 0.1000000000000001582 ) ;
#1908 = FILL_AREA_STYLE_COLOUR ( '', #1086 ) ;
#1909 = LINE ( 'NONE', #2069, #2298 ) ;
#1910 = UNCERTAINTY_MEASURE_WITH_UNIT (LENGTH_MEASURE( 1.000000000000000082E-05 ), #1890, 'distance_accuracy_value', 'NONE');
#1911 = VERTEX_POINT ( 'NONE', #1869 ) ;
#1912 = STYLED_ITEM ( 'NONE', ( #1944 ), #2035 ) ;
#1913 = COLOUR_RGB ( '',0.6470588235294117974, 0.5176470588235293491, 0.000000000000000000 ) ;
#1914 = DIRECTION ( 'NONE',  ( 0.000000000000000000, -1.000000000000000000, 0.000000000000000000 ) ) ;
#1915 =( NAMED_UNIT ( * ) PLANE_ANGLE_UNIT ( ) SI_UNIT ( $, .RADIAN. ) );
#1916 = EDGE_LOOP ( 'NONE', ( #1732, #2235, #371, #585, #1976, #2405, #2318, #192, #919, #1016, #1738, #1594 ) ) ;
#1917 = SURFACE_SIDE_STYLE ('',( #702 ) ) ;
#1918 = EDGE_CURVE ( 'NONE', #1485, #2154, #239, .T. ) ;
#1919 = DIRECTION ( 'NONE',  ( -1.000000000000000000, 0.000000000000000000, 0.000000000000000000 ) ) ;
#1920 = DIRECTION ( 'NONE',  ( 0.000000000000000000, -1.000000000000000000, 0.000000000000000000 ) ) ;
#1921 = DIRECTION ( 'NONE',  ( -0.000000000000000000, 1.000000000000000000, -0.000000000000000000 ) ) ;
#1922 = FILL_AREA_STYLE_COLOUR ( '', #2051 ) ;
#1923 =( LENGTH_UNIT ( ) NAMED_UNIT ( * ) SI_UNIT ( .MILLI., .METRE. ) );
#1924 = ORIENTED_EDGE ( 'NONE', *, *, #710, .T. ) ;
#1925 = AXIS2_PLACEMENT_3D ( 'NONE', #2044, #2463, #906 ) ;
#1926 = AXIS2_PLACEMENT_3D ( 'NONE', #1154, #720, #1115 ) ;
#1927 = PLANE ( 'NONE',  #1445 ) ;
#1928 =( GEOMETRIC_REPRESENTATION_CONTEXT ( 3 ) GLOBAL_UNCERTAINTY_ASSIGNED_CONTEXT ( ( #1615 ) ) GLOBAL_UNIT_ASSIGNED_CONTEXT ( ( #926, #949, #322 ) ) REPRESENTATION_CONTEXT ( 'NONE', 'WORKASPACE' ) );
#1929 = PRESENTATION_LAYER_ASSIGNMENT (  '', '', ( #504 ) ) ;
#1930 = PRESENTATION_STYLE_ASSIGNMENT (( #180 ) ) ;
#1931 = COLOUR_RGB ( '',0.6470588235294117974, 0.5176470588235293491, 0.000000000000000000 ) ;
#1932 = DIRECTION ( 'NONE',  ( 0.000000000000000000, 0.000000000000000000, -1.000000000000000000 ) ) ;
#1933 = ORIENTED_EDGE ( 'NONE', *, *, #1207, .F. ) ;
#1934 = EDGE_CURVE ( 'NONE', #1761, #1485, #533, .T. ) ;
#1935 = FILL_AREA_STYLE ('',( #758 ) ) ;
#1936 = CARTESIAN_POINT ( 'NONE',  ( 0.8000000000000000444, 0.000000000000000000, -0.5499999999999998224 ) ) ;
#1937 = FILL_AREA_STYLE ('',( #568 ) ) ;
#1938 = FILL_AREA_STYLE ('',( #2150 ) ) ;
#1939 = ORIENTED_EDGE ( 'NONE', *, *, #226, .T. ) ;
#1940 =( GEOMETRIC_REPRESENTATION_CONTEXT ( 3 ) GLOBAL_UNCERTAINTY_ASSIGNED_CONTEXT ( ( #637 ) ) GLOBAL_UNIT_ASSIGNED_CONTEXT ( ( #704, #1855, #680 ) ) REPRESENTATION_CONTEXT ( 'NONE', 'WORKASPACE' ) );
#1941 =( NAMED_UNIT ( * ) SI_UNIT ( $, .STERADIAN. ) SOLID_ANGLE_UNIT ( ) );
#1942 = SURFACE_SIDE_STYLE ('',( #1548 ) ) ;
#1943 = DIRECTION ( 'NONE',  ( -0.000000000000000000, -0.000000000000000000, -1.000000000000000000 ) ) ;
#1944 = PRESENTATION_STYLE_ASSIGNMENT (( #1162 ) ) ;
#1945 = EDGE_LOOP ( 'NONE', ( #536, #1156, #956, #825, #658, #1359, #2039, #1101 ) ) ;
#1946 = VECTOR ( 'NONE', #1642, 1000.000000000000000 ) ;
#1947 = DIRECTION ( 'NONE',  ( 2.168404344971007685E-15, 0.000000000000000000, -1.000000000000000000 ) ) ;
#1948 = SURFACE_STYLE_FILL_AREA ( #1957 ) ;
#1949 = PRESENTATION_STYLE_ASSIGNMENT (( #70 ) ) ;
#1950 = ORIENTED_EDGE ( 'NONE', *, *, #416, .T. ) ;
#1951 = CARTESIAN_POINT ( 'NONE',  ( 0.000000000000000000, 0.2800000000000000266, 0.000000000000000000 ) ) ;
#1952 = EDGE_CURVE ( 'NONE', #1807, #1362, #1470, .T. ) ;
#1953 = SURFACE_SIDE_STYLE ('',( #577 ) ) ;
#1954 = VERTEX_POINT ( 'NONE', #914 ) ;
#1955 = FILL_AREA_STYLE_COLOUR ( '', #160 ) ;
#1956 = DIRECTION ( 'NONE',  ( 0.000000000000000000, 0.000000000000000000, -1.000000000000000000 ) ) ;
#1957 = FILL_AREA_STYLE ('',( #1201 ) ) ;
#1958 = PLANE ( 'NONE',  #1672 ) ;
#1959 = ORIENTED_EDGE ( 'NONE', *, *, #339, .T. ) ;
#1960 = ADVANCED_FACE ( 'NONE', ( #1893 ), #550, .T. ) ;
#1961 = MECHANICAL_DESIGN_GEOMETRIC_PRESENTATION_REPRESENTATION (  '', ( #1516 ), #1144 ) ;
#1962 = VECTOR ( 'NONE', #96, 1000.000000000000000 ) ;
#1963 = CARTESIAN_POINT ( 'NONE',  ( 0.6999999999999997335, 0.000000000000000000, -0.5999999999999998668 ) ) ;
#1964 = AXIS2_PLACEMENT_3D ( 'NONE', #2514, #1092, #1481 ) ;
#1965 = ORIENTED_EDGE ( 'NONE', *, *, #1582, .F. ) ;
#1966 =( GEOMETRIC_REPRESENTATION_CONTEXT ( 3 ) GLOBAL_UNCERTAINTY_ASSIGNED_CONTEXT ( ( #255 ) ) GLOBAL_UNIT_ASSIGNED_CONTEXT ( ( #297, #2075, #1285 ) ) REPRESENTATION_CONTEXT ( 'NONE', 'WORKASPACE' ) );
#1967 = VECTOR ( 'NONE', #1751, 1000.000000000000000 ) ;
#1968 = CARTESIAN_POINT ( 'NONE',  ( 0.7000000000000000666, 0.2800000000000000266, -0.4499999999999996225 ) ) ;
#1969 = CARTESIAN_POINT ( 'NONE',  ( -0.8000000000000001554, 0.1199999999999999956, 0.5999999999999998668 ) ) ;
#1970 = FILL_AREA_STYLE_COLOUR ( '', #312 ) ;
#1971 = DIRECTION ( 'NONE',  ( 0.000000000000000000, 0.000000000000000000, -1.000000000000000000 ) ) ;
#1972 = EDGE_CURVE ( 'NONE', #988, #806, #2077, .T. ) ;
#1973 = COLOUR_RGB ( '',0.6470588235294117974, 0.5176470588235293491, 0.000000000000000000 ) ;
#1974 = AXIS2_PLACEMENT_3D ( 'NONE', #1585, #1755, #2147 ) ;
#1975 = DIRECTION ( 'NONE',  ( -1.000000000000000000, -0.000000000000000000, -0.000000000000000000 ) ) ;
#1976 = ORIENTED_EDGE ( 'NONE', *, *, #329, .T. ) ;
#1977 = DIRECTION ( 'NONE',  ( 0.000000000000000000, 1.000000000000000000, 0.000000000000000000 ) ) ;
#1978 = SURFACE_SIDE_STYLE ('',( #1788 ) ) ;
#1979 = APPLICATION_PROTOCOL_DEFINITION ( 'draft international standard', 'automotive_design', 1998, #1837 ) ;
#1980 = UNCERTAINTY_MEASURE_WITH_UNIT (LENGTH_MEASURE( 1.000000000000000082E-05 ), #943, 'distance_accuracy_value', 'NONE');
#1981 = TOROIDAL_SURFACE ( 'NONE', #959, 0.04999999999999996114, 0.05000000000000000278 ) ;
#1982 = COLOUR_RGB ( '',0.1098039215686274495, 0.1098039215686274495, 0.1098039215686274495 ) ;
#1983 = LINE ( 'NONE', #2005, #154 ) ;
#1984 = CYLINDRICAL_SURFACE ( 'NONE', #1771, 0.1000000000000001582 ) ;
#1985 = FACE_OUTER_BOUND ( 'NONE', #2357, .T. ) ;
#1986 = ORIENTED_EDGE ( 'NONE', *, *, #473, .T. ) ;
#1987 = FILL_AREA_STYLE ('',( #270 ) ) ;
#1988 = MECHANICAL_DESIGN_GEOMETRIC_PRESENTATION_REPRESENTATION (  '', ( #1597 ), #760 ) ;
#1989 = LINE ( 'NONE', #64, #2248 ) ;
#1990 = ORIENTED_EDGE ( 'NONE', *, *, #1934, .F. ) ;
#1991 = VECTOR ( 'NONE', #2109, 1000.000000000000000 ) ;
#1992 = EDGE_CURVE ( 'NONE', #2441, #1290, #2485, .T. ) ;
#1993 = EDGE_CURVE ( 'NONE', #1362, #1761, #1299, .T. ) ;
#1994 = FACE_OUTER_BOUND ( 'NONE', #526, .T. ) ;
#1995 = FILL_AREA_STYLE ('',( #285 ) ) ;
#1996 = PRODUCT_CONTEXT ( 'NONE', #2268, 'mechanical' ) ;
#1997 = FILL_AREA_STYLE_COLOUR ( '', #369 ) ;
#1998 = ORIENTED_EDGE ( 'NONE', *, *, #1223, .F. ) ;
#1999 = DIRECTION ( 'NONE',  ( -0.000000000000000000, 1.000000000000000000, -0.000000000000000000 ) ) ;
#2000 = VECTOR ( 'NONE', #558, 1000.000000000000000 ) ;
#2001 =( GEOMETRIC_REPRESENTATION_CONTEXT ( 3 ) GLOBAL_UNCERTAINTY_ASSIGNED_CONTEXT ( ( #2329 ) ) GLOBAL_UNIT_ASSIGNED_CONTEXT ( ( #23, #2368, #636 ) ) REPRESENTATION_CONTEXT ( 'NONE', 'WORKASPACE' ) );
#2002 = ADVANCED_FACE ( 'NONE', ( #1752 ), #1185, .F. ) ;
#2003 = EDGE_LOOP ( 'NONE', ( #1301, #1824, #1965, #1436 ) ) ;
#2004 =( LENGTH_UNIT ( ) NAMED_UNIT ( * ) SI_UNIT ( .MILLI., .METRE. ) );
#2005 = CARTESIAN_POINT ( 'NONE',  ( 0.7500000000000000000, 0.000000000000000000, 0.5999999999999999778 ) ) ;
#2006 =( GEOMETRIC_REPRESENTATION_CONTEXT ( 3 ) GLOBAL_UNCERTAINTY_ASSIGNED_CONTEXT ( ( #38 ) ) GLOBAL_UNIT_ASSIGNED_CONTEXT ( ( #1801, #2444, #441 ) ) REPRESENTATION_CONTEXT ( 'NONE', 'WORKASPACE' ) );
#2007 = CARTESIAN_POINT ( 'NONE',  ( -0.2500000000000002776, -0.000000000000000000, 0.1499999999999998557 ) ) ;
#2008 = VERTEX_POINT ( 'NONE', #2364 ) ;
#2009 = CARTESIAN_POINT ( 'NONE',  ( -0.2500000000000002220, 0.1199999999999999956, 0.5500000000000000444 ) ) ;
#2010 = VECTOR ( 'NONE', #571, 1000.000000000000000 ) ;
#2011 =( GEOMETRIC_REPRESENTATION_CONTEXT ( 3 ) GLOBAL_UNCERTAINTY_ASSIGNED_CONTEXT ( ( #1980 ) ) GLOBAL_UNIT_ASSIGNED_CONTEXT ( ( #943, #952, #175 ) ) REPRESENTATION_CONTEXT ( 'NONE', 'WORKASPACE' ) );
#2012 =( LENGTH_UNIT ( ) NAMED_UNIT ( * ) SI_UNIT ( .MILLI., .METRE. ) );
#2013 = LINE ( 'NONE', #1245, #698 ) ;
#2014 = SURFACE_STYLE_USAGE ( .BOTH. , #472 ) ;
#2015 = DIRECTION ( 'NONE',  ( 0.000000000000000000, 0.000000000000000000, 1.000000000000000000 ) ) ;
#2016 = CARTESIAN_POINT ( 'NONE',  ( 0.7500000000000000000, 0.2800000000000000266, -0.5999999999999998668 ) ) ;
#2017 = CIRCLE ( 'NONE', #525, 0.1000000000000001582 ) ;
#2018 = FILL_AREA_STYLE ('',( #478 ) ) ;
#2019 = VERTEX_POINT ( 'NONE', #617 ) ;
#2020 = CARTESIAN_POINT ( 'NONE',  ( 0.7133974596215558739, 0.000000000000000000, 0.5500000000000001554 ) ) ;
#2021 = ADVANCED_FACE ( 'NONE', ( #1375 ), #2519, .T. ) ;
#2022 = EDGE_CURVE ( 'NONE', #2068, #237, #1565, .T. ) ;
#2023 = CARTESIAN_POINT ( 'NONE',  ( -0.7500000000000002220, -0.004000000000000000083, -0.1499999999999998557 ) ) ;
#2024 = ORIENTED_EDGE ( 'NONE', *, *, #1350, .F. ) ;
#2025 = PRESENTATION_LAYER_ASSIGNMENT (  '', '', ( #1912 ) ) ;
#2026 = DIRECTION ( 'NONE',  ( 0.000000000000000000, 0.000000000000000000, -1.000000000000000000 ) ) ;
#2027 = SURFACE_SIDE_STYLE ('',( #1249 ) ) ;
#2028 = STYLED_ITEM ( 'NONE', ( #2141 ), #2362 ) ;
#2029 = FILL_AREA_STYLE_COLOUR ( '', #2518 ) ;
#2030 = CARTESIAN_POINT ( 'NONE',  ( 0.7500000000000000000, 0.1199999999999999956, 0.5133974596215558073 ) ) ;
#2031 =( NAMED_UNIT ( * ) SI_UNIT ( $, .STERADIAN. ) SOLID_ANGLE_UNIT ( ) );
#2032 = EDGE_CURVE ( 'NONE', #480, #352, #1740, .T. ) ;
#2033 = ORIENTED_EDGE ( 'NONE', *, *, #226, .F. ) ;
#2034 = FILL_AREA_STYLE ('',( #2071 ) ) ;
#2035 = ADVANCED_FACE ( 'NONE', ( #1343 ), #2129, .T. ) ;
#2036 = DIRECTION ( 'NONE',  ( 0.000000000000000000, -1.000000000000000000, 0.000000000000000000 ) ) ;
#2037 = CARTESIAN_POINT ( 'NONE',  ( 0.7500000000000000000, 0.1199999999999999956, -0.5133974596215555852 ) ) ;
#2038 = CARTESIAN_POINT ( 'NONE',  ( -0.6999999999999999556, 0.1199999999999999956, 0.5999999999999998668 ) ) ;
#2039 = ORIENTED_EDGE ( 'NONE', *, *, #1625, .T. ) ;
#2040 = LINE ( 'NONE', #1857, #796 ) ;
#2041 = AXIS2_PLACEMENT_3D ( 'NONE', #2229, #2054, #313 ) ;
#2042 = ORIENTED_EDGE ( 'NONE', *, *, #544, .T. ) ;
#2043 = ORIENTED_EDGE ( 'NONE', *, *, #1257, .F. ) ;
#2044 = CARTESIAN_POINT ( 'NONE',  ( -0.8000000000000001554, 0.2800000000000000266, 0.5999999999999998668 ) ) ;
#2045 =( NAMED_UNIT ( * ) SI_UNIT ( $, .STERADIAN. ) SOLID_ANGLE_UNIT ( ) );
#2046 = DIRECTION ( 'NONE',  ( 0.000000000000000000, -1.000000000000000000, 0.000000000000000000 ) ) ;
#2047 = DIRECTION ( 'NONE',  ( -1.000000000000000000, -6.505213034913023449E-15, -6.505213034913023449E-15 ) ) ;
#2048 = CARTESIAN_POINT ( 'NONE',  ( 0.7999999999999999334, 0.000000000000000000, -0.5999999999999997558 ) ) ;
#2049 = ORIENTED_EDGE ( 'NONE', *, *, #2349, .F. ) ;
#2050 = CIRCLE ( 'NONE', #269, 0.05000000000000002359 ) ;
#2051 = COLOUR_RGB ( '',0.6470588235294117974, 0.5176470588235293491, 0.000000000000000000 ) ;
#2052 = DIRECTION ( 'NONE',  ( 0.000000000000000000, 0.000000000000000000, 1.000000000000000000 ) ) ;
#2053 = AXIS2_PLACEMENT_3D ( 'NONE', #381, #970, #1947 ) ;
#2054 = DIRECTION ( 'NONE',  ( 0.000000000000000000, -1.000000000000000000, 0.000000000000000000 ) ) ;
#2055 = CARTESIAN_POINT ( 'NONE',  ( -0.7500000000000002220, -0.000000000000000000, -2.237637077075192134E-16 ) ) ;
#2056 = ORIENTED_EDGE ( 'NONE', *, *, #1582, .T. ) ;
#2057 = SURFACE_SIDE_STYLE ('',( #117 ) ) ;
#2058 = VECTOR ( 'NONE', #433, 1000.000000000000000 ) ;
#2059 = CARTESIAN_POINT ( 'NONE',  ( 0.8000000000000000444, 0.2800000000000000266, -0.5499999999999998224 ) ) ;
#2060 = FILL_AREA_STYLE ('',( #1482 ) ) ;
#2061 = FACE_OUTER_BOUND ( 'NONE', #141, .T. ) ;
#2062 = VERTEX_POINT ( 'NONE', #828 ) ;
#2063 = EDGE_CURVE ( 'NONE', #945, #223, #109, .T. ) ;
#2064 = DIRECTION ( 'NONE',  ( -4.065758146820640148E-16, 0.000000000000000000, -1.000000000000000000 ) ) ;
#2065 = CARTESIAN_POINT ( 'NONE',  ( -0.8000000000000000444, -0.004000000000000000083, -0.4999999999999996669 ) ) ;
#2066 = CIRCLE ( 'NONE', #2412, 0.04999999999999996808 ) ;
#2067 = VERTEX_POINT ( 'NONE', #2023 ) ;
#2068 = VERTEX_POINT ( 'NONE', #447 ) ;
#2069 = CARTESIAN_POINT ( 'NONE',  ( 0.7500000000000001110, 0.2800000000000000266, 0.4499999999999991229 ) ) ;
#2070 = VERTEX_POINT ( 'NONE', #1830 ) ;
#2071 = FILL_AREA_STYLE_COLOUR ( '', #2228 ) ;
#2072 = SURFACE_STYLE_FILL_AREA ( #910 ) ;
#2073 = DIRECTION ( 'NONE',  ( 0.000000000000000000, -1.000000000000000000, 0.000000000000000000 ) ) ;
#2074 = VERTEX_POINT ( 'NONE', #1208 ) ;
#2075 =( NAMED_UNIT ( * ) PLANE_ANGLE_UNIT ( ) SI_UNIT ( $, .RADIAN. ) );
#2076 = EDGE_CURVE ( 'NONE', #204, #1514, #2246, .T. ) ;
#2077 = LINE ( 'NONE', #2065, #922 ) ;
#2078 = VECTOR ( 'NONE', #846, 1000.000000000000000 ) ;
#2079 = DIRECTION ( 'NONE',  ( -0.000000000000000000, 0.000000000000000000, -1.000000000000000000 ) ) ;
#2080 = PRESENTATION_STYLE_ASSIGNMENT (( #1288 ) ) ;
#2081 = AXIS2_PLACEMENT_3D ( 'NONE', #353, #1291, #2488 ) ;
#2082 = ORIENTED_EDGE ( 'NONE', *, *, #168, .T. ) ;
#2083 = UNCERTAINTY_MEASURE_WITH_UNIT (LENGTH_MEASURE( 1.000000000000000082E-05 ), #293, 'distance_accuracy_value', 'NONE');
#2084 = VERTEX_POINT ( 'NONE', #494 ) ;
#2085 = FILL_AREA_STYLE_COLOUR ( '', #290 ) ;
#2086 =( GEOMETRIC_REPRESENTATION_CONTEXT ( 3 ) GLOBAL_UNCERTAINTY_ASSIGNED_CONTEXT ( ( #2149 ) ) GLOBAL_UNIT_ASSIGNED_CONTEXT ( ( #2105, #2477, #2465 ) ) REPRESENTATION_CONTEXT ( 'NONE', 'WORKASPACE' ) );
#2087 = EDGE_CURVE ( 'NONE', #1577, #2253, #1989, .T. ) ;
#2088 = AXIS2_PLACEMENT_3D ( 'NONE', #442, #824, #246 ) ;
#2089 = STYLED_ITEM ( 'NONE', ( #44 ), #1363 ) ;
#2090 = DIRECTION ( 'NONE',  ( 0.000000000000000000, 0.000000000000000000, 1.000000000000000000 ) ) ;
#2091 = SURFACE_SIDE_STYLE ('',( #2492 ) ) ;
#2092 = DIRECTION ( 'NONE',  ( 0.000000000000000000, 0.000000000000000000, -1.000000000000000000 ) ) ;
#2093 = ORIENTED_EDGE ( 'NONE', *, *, #783, .F. ) ;
#2094 = LINE ( 'NONE', #2312, #471 ) ;
#2095 = SURFACE_SIDE_STYLE ('',( #1150 ) ) ;
#2096 = LINE ( 'NONE', #2114, #1540 ) ;
#2097 = CIRCLE ( 'NONE', #1321, 0.09999999999999999167 ) ;
#2098 = STYLED_ITEM ( 'NONE', ( #2216 ), #557 ) ;
#2099 = ORIENTED_EDGE ( 'NONE', *, *, #2236, .T. ) ;
#2100 = ORIENTED_EDGE ( 'NONE', *, *, #1527, .T. ) ;
#2101 =( LENGTH_UNIT ( ) NAMED_UNIT ( * ) SI_UNIT ( .MILLI., .METRE. ) );
#2102 = STYLED_ITEM ( 'NONE', ( #2080 ), #15 ) ;
#2103 = ORIENTED_EDGE ( 'NONE', *, *, #1812, .T. ) ;
#2104 =( NAMED_UNIT ( * ) PLANE_ANGLE_UNIT ( ) SI_UNIT ( $, .RADIAN. ) );
#2105 =( LENGTH_UNIT ( ) NAMED_UNIT ( * ) SI_UNIT ( .MILLI., .METRE. ) );
#2106 = EDGE_CURVE ( 'NONE', #143, #328, #294, .T. ) ;
#2107 = CARTESIAN_POINT ( 'NONE',  ( -0.6999999999999999556, 0.1199999999999999956, 0.5999999999999998668 ) ) ;
#2108 = CARTESIAN_POINT ( 'NONE',  ( 0.8000000000000000444, 0.000000000000000000, 0.5500000000000000444 ) ) ;
#2109 = DIRECTION ( 'NONE',  ( -0.000000000000000000, -0.000000000000000000, 1.000000000000000000 ) ) ;
#2110 = ORIENTED_EDGE ( 'NONE', *, *, #2283, .T. ) ;
#2111 = AXIS2_PLACEMENT_3D ( 'NONE', #1153, #1368, #1613 ) ;
#2112 = LINE ( 'NONE', #2324, #2224 ) ;
#2113 = AXIS2_PLACEMENT_3D ( 'NONE', #729, #1919, #1112 ) ;
#2114 = CARTESIAN_POINT ( 'NONE',  ( 0.6999999999999997335, 0.1199999999999999956, 0.5999999999999999778 ) ) ;
#2115 = DIRECTION ( 'NONE',  ( 1.000000000000000000, -0.000000000000000000, -0.000000000000000000 ) ) ;
#2116 = CARTESIAN_POINT ( 'NONE',  ( -0.8000000000000001554, -0.004000000000000000083, 0.5999999999999998668 ) ) ;
#2117 = FILL_AREA_STYLE_COLOUR ( '', #501 ) ;
#2118 = UNCERTAINTY_MEASURE_WITH_UNIT (LENGTH_MEASURE( 1.000000000000000082E-05 ), #1923, 'distance_accuracy_value', 'NONE');
#2119 = VERTEX_POINT ( 'NONE', #1033 ) ;
#2120 = VECTOR ( 'NONE', #1497, 1000.000000000000000 ) ;
#2121 = DIRECTION ( 'NONE',  ( -0.000000000000000000, -0.000000000000000000, -1.000000000000000000 ) ) ;
#2122 = CARTESIAN_POINT ( 'NONE',  ( -0.2500000000000002776, 0.1199999999999999956, -0.1499999999999998002 ) ) ;
#2123 = EDGE_CURVE ( 'NONE', #1589, #1664, #251, .T. ) ;
#2124 = STYLED_ITEM ( 'NONE', ( #193 ), #2316 ) ;
#2125 = ORIENTED_EDGE ( 'NONE', *, *, #108, .T. ) ;
#2126 = PLANE ( 'NONE',  #1012 ) ;
#2127 = ORIENTED_EDGE ( 'NONE', *, *, #1122, .T. ) ;
#2128 = FILL_AREA_STYLE_COLOUR ( '', #1105 ) ;
#2129 = PLANE ( 'NONE',  #2211 ) ;
#2130 = EDGE_CURVE ( 'NONE', #1334, #707, #1019, .T. ) ;
#2131 = LINE ( 'NONE', #11, #347 ) ;
#2132 = FILL_AREA_STYLE ('',( #1922 ) ) ;
#2133 = FACE_OUTER_BOUND ( 'NONE', #2330, .T. ) ;
#2134 = ORIENTED_EDGE ( 'NONE', *, *, #596, .T. ) ;
#2135 =( NAMED_UNIT ( * ) SI_UNIT ( $, .STERADIAN. ) SOLID_ANGLE_UNIT ( ) );
#2136 = DIRECTION ( 'NONE',  ( 0.000000000000000000, -1.000000000000000000, 0.000000000000000000 ) ) ;
#2137 = AXIS2_PLACEMENT_3D ( 'NONE', #1017, #809, #655 ) ;
#2138 = ORIENTED_EDGE ( 'NONE', *, *, #1270, .T. ) ;
#2139 = VECTOR ( 'NONE', #2269, 1000.000000000000000 ) ;
#2140 = DIRECTION ( 'NONE',  ( -1.000000000000000000, 0.000000000000000000, 1.084202172485504804E-16 ) ) ;
#2141 = PRESENTATION_STYLE_ASSIGNMENT (( #1352 ) ) ;
#2142 =( LENGTH_UNIT ( ) NAMED_UNIT ( * ) SI_UNIT ( .MILLI., .METRE. ) );
#2143 = SURFACE_STYLE_FILL_AREA ( #1935 ) ;
#2144 = ADVANCED_FACE ( 'NONE', ( #1233 ), #1406, .T. ) ;
#2145 = PLANE ( 'NONE',  #2437 ) ;
#2146 = EDGE_CURVE ( 'NONE', #870, #1868, #664, .T. ) ;
#2147 = DIRECTION ( 'NONE',  ( 0.000000000000000000, 0.000000000000000000, 1.000000000000000000 ) ) ;
#2148 = SHAPE_DEFINITION_REPRESENTATION ( #897, #1880 ) ;
#2149 = UNCERTAINTY_MEASURE_WITH_UNIT (LENGTH_MEASURE( 1.000000000000000082E-05 ), #2105, 'distance_accuracy_value', 'NONE');
#2150 = FILL_AREA_STYLE_COLOUR ( '', #1596 ) ;
#2151 = ORIENTED_EDGE ( 'NONE', *, *, #1766, .F. ) ;
#2152 = PRESENTATION_LAYER_ASSIGNMENT (  '', '', ( #118 ) ) ;
#2153 = FILL_AREA_STYLE_COLOUR ( '', #711 ) ;
#2154 = VERTEX_POINT ( 'NONE', #1716 ) ;
#2155 = VECTOR ( 'NONE', #2328, 1000.000000000000000 ) ;
#2156 = ORIENTED_EDGE ( 'NONE', *, *, #2241, .F. ) ;
#2157 = PRESENTATION_STYLE_ASSIGNMENT (( #1765 ) ) ;
#2158 = FILL_AREA_STYLE_COLOUR ( '', #1047 ) ;
#2159 = EDGE_CURVE ( 'NONE', #1528, #1219, #1082, .T. ) ;
#2160 = VERTEX_POINT ( 'NONE', #725 ) ;
#2161 = STYLED_ITEM ( 'NONE', ( #1553 ), #1731 ) ;
#2162 = CARTESIAN_POINT ( 'NONE',  ( -0.8000000000000000444, 0.000000000000000000, -0.5999999999999998668 ) ) ;
#2163 = DIRECTION ( 'NONE',  ( 0.000000000000000000, -1.000000000000000000, 0.000000000000000000 ) ) ;
#2164 = LINE ( 'NONE', #1396, #1825 ) ;
#2165 = ORIENTED_EDGE ( 'NONE', *, *, #1918, .F. ) ;
#2166 = DIRECTION ( 'NONE',  ( 0.000000000000000000, 0.000000000000000000, 1.000000000000000000 ) ) ;
#2167 = DIRECTION ( 'NONE',  ( 1.000000000000000000, 0.000000000000000000, 1.355252715606879803E-16 ) ) ;
#2168 = ORIENTED_EDGE ( 'NONE', *, *, #1874, .T. ) ;
#2169 = COLOUR_RGB ( '',0.6470588235294117974, 0.5176470588235293491, 0.000000000000000000 ) ;
#2170 = CARTESIAN_POINT ( 'NONE',  ( -0.6999999999999998446, 0.000000000000000000, -0.5999999999999998668 ) ) ;
#2171 = ORIENTED_EDGE ( 'NONE', *, *, #604, .F. ) ;
#2172 = CARTESIAN_POINT ( 'NONE',  ( 0.2500000000000000000, -0.004000000000000000083, -0.5499999999999998224 ) ) ;
#2173 = EDGE_CURVE ( 'NONE', #1630, #988, #1326, .T. ) ;
#2174 = CARTESIAN_POINT ( 'NONE',  ( 0.2500000000000002220, 0.000000000000000000, 1.016439536705160900E-16 ) ) ;
#2175 = CARTESIAN_POINT ( 'NONE',  ( -0.8000000000000001554, -0.004000000000000000083, 0.5999999999999998668 ) ) ;
#2176 = CYLINDRICAL_SURFACE ( 'NONE', #56, 0.05000000000000002359 ) ;
#2177 = EDGE_LOOP ( 'NONE', ( #153, #1694, #1558, #1526 ) ) ;
#2178 = FACE_OUTER_BOUND ( 'NONE', #1335, .T. ) ;
#2179 = SURFACE_SIDE_STYLE ('',( #1439 ) ) ;
#2180 = EDGE_CURVE ( 'NONE', #1954, #2302, #565, .T. ) ;
#2181 = AXIS2_PLACEMENT_3D ( 'NONE', #1876, #1492, #1823 ) ;
#2182 = DIRECTION ( 'NONE',  ( -2.983516102766921860E-16, 0.000000000000000000, 1.000000000000000000 ) ) ;
#2183 = VERTEX_POINT ( 'NONE', #1283 ) ;
#2184 = CARTESIAN_POINT ( 'NONE',  ( 0.8000000000000000444, 0.2800000000000000266, 0.6000000000000000888 ) ) ;
#2185 = PLANE ( 'NONE',  #1264 ) ;
#2186 = DIRECTION ( 'NONE',  ( -1.355252715606879803E-16, -0.000000000000000000, 1.000000000000000000 ) ) ;
#2187 = CARTESIAN_POINT ( 'NONE',  ( 0.7500000000000000000, -0.004000000000000000083, -0.5133974596215555852 ) ) ;
#2188 = CARTESIAN_POINT ( 'NONE',  ( -0.6500000000000001332, 0.2800000000000000266, -0.5499999999999999334 ) ) ;
#2189 = CIRCLE ( 'NONE', #436, 0.04750000000000001443 ) ;
#2190 = ORIENTED_EDGE ( 'NONE', *, *, #271, .F. ) ;
#2191 = VECTOR ( 'NONE', #2186, 1000.000000000000000 ) ;
#2192 = EDGE_CURVE ( 'NONE', #483, #795, #505, .T. ) ;
#2193 = EDGE_CURVE ( 'NONE', #2084, #972, #1667, .T. ) ;
#2194 =( NAMED_UNIT ( * ) SI_UNIT ( $, .STERADIAN. ) SOLID_ANGLE_UNIT ( ) );
#2195 = PLANE ( 'NONE',  #2306 ) ;
#2196 = ORIENTED_EDGE ( 'NONE', *, *, #1561, .T. ) ;
#2197 = LINE ( 'NONE', #994, #1884 ) ;
#2198 =( NAMED_UNIT ( * ) PLANE_ANGLE_UNIT ( ) SI_UNIT ( $, .RADIAN. ) );
#2199 = DIRECTION ( 'NONE',  ( 0.000000000000000000, -1.000000000000000000, 0.000000000000000000 ) ) ;
#2200 = CARTESIAN_POINT ( 'NONE',  ( -0.8000000000000000444, -0.004000000000000000083, -0.5999999999999998668 ) ) ;
#2201 = DIRECTION ( 'NONE',  ( 1.000000000000000000, 0.000000000000000000, 2.339680872163052390E-16 ) ) ;
#2202 = UNCERTAINTY_MEASURE_WITH_UNIT (LENGTH_MEASURE( 1.000000000000000082E-05 ), #119, 'distance_accuracy_value', 'NONE');
#2203 = LINE ( 'NONE', #1013, #1895 ) ;
#2204 = DIRECTION ( 'NONE',  ( -0.000000000000000000, 1.000000000000000000, -0.000000000000000000 ) ) ;
#2205 = DIRECTION ( 'NONE',  ( 1.000000000000000000, 0.000000000000000000, 7.589415207398527883E-15 ) ) ;
#2206 = ORIENTED_EDGE ( 'NONE', *, *, #1271, .F. ) ;
#2207 = EDGE_CURVE ( 'NONE', #58, #448, #2066, .T. ) ;
#2208 = CARTESIAN_POINT ( 'NONE',  ( -0.7525000000000001688, 0.1199999999999999956, 0.5999999999999998668 ) ) ;
#2209 =( NAMED_UNIT ( * ) SI_UNIT ( $, .STERADIAN. ) SOLID_ANGLE_UNIT ( ) );
#2210 = VECTOR ( 'NONE', #1975, 1000.000000000000000 ) ;
#2211 = AXIS2_PLACEMENT_3D ( 'NONE', #678, #2234, #1454 ) ;
#2212 = ADVANCED_FACE ( 'NONE', ( #121 ), #2493, .F. ) ;
#2213 = ORIENTED_EDGE ( 'NONE', *, *, #65, .T. ) ;
#2214 = LINE ( 'NONE', #243, #1859 ) ;
#2215 = LINE ( 'NONE', #1024, #1946 ) ;
#2216 = PRESENTATION_STYLE_ASSIGNMENT (( #863 ) ) ;
#2217 = EDGE_LOOP ( 'NONE', ( #1327, #1604, #511, #1072 ) ) ;
#2218 = LINE ( 'NONE', #2009, #1026 ) ;
#2219 = VECTOR ( 'NONE', #1634, 1000.000000000000000 ) ;
#2220 = EDGE_LOOP ( 'NONE', ( #1461, #2134, #849, #993 ) ) ;
#2221 = AXIS2_PLACEMENT_3D ( 'NONE', #1093, #1877, #163 ) ;
#2222 = AXIS2_PLACEMENT_3D ( 'NONE', #1901, #1120, #920 ) ;
#2223 = CIRCLE ( 'NONE', #1229, 0.05000000000000002359 ) ;
#2224 = VECTOR ( 'NONE', #1905, 1000.000000000000000 ) ;
#2225 = MECHANICAL_DESIGN_GEOMETRIC_PRESENTATION_REPRESENTATION (  '', ( #152 ), #342 ) ;
#2226 = EDGE_CURVE ( 'NONE', #1514, #483, #1676, .T. ) ;
#2227 = EDGE_CURVE ( 'NONE', #2019, #1334, #1342, .T. ) ;
#2228 = COLOUR_RGB ( '',0.1098039215686274495, 0.1098039215686274495, 0.1098039215686274495 ) ;
#2229 = CARTESIAN_POINT ( 'NONE',  ( 0.7999999999999999334, 0.1199999999999999956, 0.5999999999999999778 ) ) ;
#2230 = EDGE_LOOP ( 'NONE', ( #1415, #2100, #890, #1083 ) ) ;
#2231 = MECHANICAL_DESIGN_GEOMETRIC_PRESENTATION_REPRESENTATION (  '', ( #2272 ), #1696 ) ;
#2232 = FILL_AREA_STYLE_COLOUR ( '', #894 ) ;
#2233 = AXIS2_PLACEMENT_3D ( 'NONE', #1038, #455, #835 ) ;
#2234 = DIRECTION ( 'NONE',  ( -0.000000000000000000, 1.000000000000000000, 0.000000000000000000 ) ) ;
#2235 = ORIENTED_EDGE ( 'NONE', *, *, #1163, .T. ) ;
#2236 = EDGE_CURVE ( 'NONE', #1630, #24, #307, .T. ) ;
#2237 = CARTESIAN_POINT ( 'NONE',  ( 0.6499999999999994671, 0.3300000000000000711, 0.4999999999999997780 ) ) ;
#2238 = CYLINDRICAL_SURFACE ( 'NONE', #2449, 0.05000000000000002359 ) ;
#2239 = SURFACE_STYLE_FILL_AREA ( #1449 ) ;
#2240 = AXIS2_PLACEMENT_3D ( 'NONE', #739, #1920, #706 ) ;
#2241 = EDGE_CURVE ( 'NONE', #223, #352, #883, .T. ) ;
#2242 = DIRECTION ( 'NONE',  ( 2.983516102766921860E-16, 0.000000000000000000, -1.000000000000000000 ) ) ;
#2243 = ORIENTED_EDGE ( 'NONE', *, *, #1314, .F. ) ;
#2244 =( NAMED_UNIT ( * ) PLANE_ANGLE_UNIT ( ) SI_UNIT ( $, .RADIAN. ) );
#2245 = DIRECTION ( 'NONE',  ( 0.000000000000000000, -1.000000000000000000, 0.000000000000000000 ) ) ;
#2246 = LINE ( 'NONE', #2038, #367 ) ;
#2247 = ORIENTED_EDGE ( 'NONE', *, *, #491, .T. ) ;
#2248 = VECTOR ( 'NONE', #811, 1000.000000000000000 ) ;
#2249 = FACE_OUTER_BOUND ( 'NONE', #1502, .T. ) ;
#2250 =( GEOMETRIC_REPRESENTATION_CONTEXT ( 3 ) GLOBAL_UNCERTAINTY_ASSIGNED_CONTEXT ( ( #2511 ) ) GLOBAL_UNIT_ASSIGNED_CONTEXT ( ( #1560, #457, #1617 ) ) REPRESENTATION_CONTEXT ( 'NONE', 'WORKASPACE' ) );
#2251 = SURFACE_STYLE_USAGE ( .BOTH. , #115 ) ;
#2252 = FILL_AREA_STYLE_COLOUR ( '', #2484 ) ;
#2253 = VERTEX_POINT ( 'NONE', #1123 ) ;
#2254 = CARTESIAN_POINT ( 'NONE',  ( -0.2500000000000002776, 0.1199999999999999956, -0.1499999999999998002 ) ) ;
#2255 = ORIENTED_EDGE ( 'NONE', *, *, #86, .T. ) ;
#2256 = SURFACE_STYLE_FILL_AREA ( #481 ) ;
#2257 = CARTESIAN_POINT ( 'NONE',  ( 0.7999999999999999334, 0.1199999999999999956, -0.5524999999999997691 ) ) ;
#2258 =( NAMED_UNIT ( * ) PLANE_ANGLE_UNIT ( ) SI_UNIT ( $, .RADIAN. ) );
#2259 = ORIENTED_EDGE ( 'NONE', *, *, #2227, .F. ) ;
#2260 = AXIS2_PLACEMENT_3D ( 'NONE', #1836, #1628, #2411 ) ;
#2261 = SURFACE_STYLE_USAGE ( .BOTH. , #140 ) ;
#2262 =( GEOMETRIC_REPRESENTATION_CONTEXT ( 3 ) GLOBAL_UNCERTAINTY_ASSIGNED_CONTEXT ( ( #2083 ) ) GLOBAL_UNIT_ASSIGNED_CONTEXT ( ( #293, #1483, #2467 ) ) REPRESENTATION_CONTEXT ( 'NONE', 'WORKASPACE' ) );
#2263 = ORIENTED_EDGE ( 'NONE', *, *, #1557, .F. ) ;
#2264 = FILL_AREA_STYLE_COLOUR ( '', #1306 ) ;
#2265 = ORIENTED_EDGE ( 'NONE', *, *, #544, .F. ) ;
#2266 = FACE_OUTER_BOUND ( 'NONE', #653, .T. ) ;
#2267 = PLANE ( 'NONE',  #1964 ) ;
#2268 = APPLICATION_CONTEXT ( 'automotive_design' ) ;
#2269 = DIRECTION ( 'NONE',  ( 0.000000000000000000, -1.000000000000000000, 0.000000000000000000 ) ) ;
#2270 = FACE_OUTER_BOUND ( 'NONE', #289, .T. ) ;
#2271 = ORIENTED_EDGE ( 'NONE', *, *, #2180, .T. ) ;
#2272 = STYLED_ITEM ( 'NONE', ( #1720 ), #305 ) ;
#2273 = VECTOR ( 'NONE', #1286, 1000.000000000000000 ) ;
#2274 = MECHANICAL_DESIGN_GEOMETRIC_PRESENTATION_REPRESENTATION (  '', ( #833 ), #1898 ) ;
#2275 = FILL_AREA_STYLE ('',( #1908 ) ) ;
#2276 = VECTOR ( 'NONE', #789, 1000.000000000000000 ) ;
#2277 = DIRECTION ( 'NONE',  ( -0.000000000000000000, 1.000000000000000000, -0.000000000000000000 ) ) ;
#2278 = FACE_OUTER_BOUND ( 'NONE', #925, .T. ) ;
#2279 = FILL_AREA_STYLE ('',( #151 ) ) ;
#2280 = ORIENTED_EDGE ( 'NONE', *, *, #264, .T. ) ;
#2281 = DIRECTION ( 'NONE',  ( 1.000000000000000000, 0.000000000000000000, 0.000000000000000000 ) ) ;
#2282 = AXIS2_PLACEMENT_3D ( 'NONE', #683, #1808, #104 ) ;
#2283 = EDGE_CURVE ( 'NONE', #122, #627, #250, .T. ) ;
#2284 = CARTESIAN_POINT ( 'NONE',  ( -0.6499999999999994671, 0.2800000000000000266, -0.5499999999999999334 ) ) ;
#2285 = DIRECTION ( 'NONE',  ( 0.000000000000000000, 0.000000000000000000, -1.000000000000000000 ) ) ;
#2286 = ORIENTED_EDGE ( 'NONE', *, *, #1257, .T. ) ;
#2287 = DIRECTION ( 'NONE',  ( 0.000000000000000000, -1.000000000000000000, 0.000000000000000000 ) ) ;
#2288 = CARTESIAN_POINT ( 'NONE',  ( 0.6999999999999997335, 0.1199999999999999956, -0.5999999999999997558 ) ) ;
#2289 = CARTESIAN_POINT ( 'NONE',  ( -0.8000000000000000444, 0.000000000000000000, -0.4999999999999996669 ) ) ;
#2290 =( GEOMETRIC_REPRESENTATION_CONTEXT ( 3 ) GLOBAL_UNCERTAINTY_ASSIGNED_CONTEXT ( ( #1883 ) ) GLOBAL_UNIT_ASSIGNED_CONTEXT ( ( #1420, #462, #89 ) ) REPRESENTATION_CONTEXT ( 'NONE', 'WORKASPACE' ) );
#2291 = ORIENTED_EDGE ( 'NONE', *, *, #1702, .T. ) ;
#2292 = ORIENTED_EDGE ( 'NONE', *, *, #2349, .T. ) ;
#2293 = FILL_AREA_STYLE_COLOUR ( '', #663 ) ;
#2294 = DIRECTION ( 'NONE',  ( 0.000000000000000000, 0.000000000000000000, -1.000000000000000000 ) ) ;
#2295 = ORIENTED_EDGE ( 'NONE', *, *, #2426, .T. ) ;
#2296 = PRESENTATION_STYLE_ASSIGNMENT (( #1906 ) ) ;
#2297 = DIRECTION ( 'NONE',  ( 0.000000000000000000, 0.000000000000000000, 1.000000000000000000 ) ) ;
#2298 = VECTOR ( 'NONE', #1140, 1000.000000000000000 ) ;
#2299 = COLOUR_RGB ( '',0.6470588235294117974, 0.5176470588235293491, 0.000000000000000000 ) ;
#2300 = CYLINDRICAL_SURFACE ( 'NONE', #1816, 0.05000000000000002359 ) ;
#2301 = STYLED_ITEM ( 'NONE', ( #2473 ), #2447 ) ;
#2302 = VERTEX_POINT ( 'NONE', #1520 ) ;
#2303 = UNCERTAINTY_MEASURE_WITH_UNIT (LENGTH_MEASURE( 1.000000000000000082E-05 ), #2012, 'distance_accuracy_value', 'NONE');
#2304 = ADVANCED_FACE ( 'NONE', ( #2270 ), #517, .F. ) ;
#2305 = ORIENTED_EDGE ( 'NONE', *, *, #2063, .F. ) ;
#2306 = AXIS2_PLACEMENT_3D ( 'NONE', #856, #1864, #1838 ) ;
#2307 = AXIS2_PLACEMENT_3D ( 'NONE', #335, #747, #913 ) ;
#2308 = CARTESIAN_POINT ( 'NONE',  ( -0.7500000000000001110, 0.2800000000000000266, 0.4499999999999991229 ) ) ;
#2309 = CARTESIAN_POINT ( 'NONE',  ( 0.7999999999999999334, -0.004000000000000000083, 0.5999999999999999778 ) ) ;
#2310 = CARTESIAN_POINT ( 'NONE',  ( -0.8000000000000000444, 0.1199999999999999956, -0.4999999999999996669 ) ) ;
#2311 = EDGE_LOOP ( 'NONE', ( #793, #1182, #2259, #1684, #421, #1064, #179, #1384, #135, #279, #468, #2487, #1885, #1542, #2190, #1459, #66, #865, #1555, #1896, #42, #1421, #489, #605, #1879, #2265, #2263, #647 ) ) ;
#2312 = CARTESIAN_POINT ( 'NONE',  ( 0.2500000000000002220, -0.000000000000000000, -1.016439536705160900E-16 ) ) ;
#2313 = PRESENTATION_LAYER_ASSIGNMENT (  '', '', ( #861 ) ) ;
#2314 = COLOUR_RGB ( '',0.1098039215686274495, 0.1098039215686274495, 0.1098039215686274495 ) ;
#2315 = PRESENTATION_LAYER_ASSIGNMENT (  '', '', ( #833 ) ) ;
#2316 = ADVANCED_FACE ( 'NONE', ( #1985 ), #2126, .T. ) ;
#2317 = DIRECTION ( 'NONE',  ( 1.000000000000000000, -0.000000000000000000, 0.000000000000000000 ) ) ;
#2318 = ORIENTED_EDGE ( 'NONE', *, *, #125, .F. ) ;
#2319 = PRESENTATION_LAYER_ASSIGNMENT (  '', '', ( #1531 ) ) ;
#2320 = DIRECTION ( 'NONE',  ( 0.000000000000000000, 0.000000000000000000, 1.000000000000000000 ) ) ;
#2321 = CARTESIAN_POINT ( 'NONE',  ( 0.7999999999999999334, 0.1199999999999999956, -0.5999999999999997558 ) ) ;
#2322 = FILL_AREA_STYLE_COLOUR ( '', #1913 ) ;
#2323 = VECTOR ( 'NONE', #998, 1000.000000000000000 ) ;
#2324 = CARTESIAN_POINT ( 'NONE',  ( 0.2500000000000001665, 0.1199999999999999956, 0.1499999999999998557 ) ) ;
#2325 = AXIS2_PLACEMENT_3D ( 'NONE', #309, #1287, #2052 ) ;
#2326 =( NAMED_UNIT ( * ) PLANE_ANGLE_UNIT ( ) SI_UNIT ( $, .RADIAN. ) );
#2327 = DIRECTION ( 'NONE',  ( 0.000000000000000000, 0.000000000000000000, -1.000000000000000000 ) ) ;
#2328 = DIRECTION ( 'NONE',  ( -1.000000000000000000, -0.000000000000000000, -0.000000000000000000 ) ) ;
#2329 = UNCERTAINTY_MEASURE_WITH_UNIT (LENGTH_MEASURE( 1.000000000000000082E-05 ), #23, 'distance_accuracy_value', 'NONE');
#2330 = EDGE_LOOP ( 'NONE', ( #853, #800, #791, #2295, #110, #666, #2365, #2271, #1659 ) ) ;
#2331 = MECHANICAL_DESIGN_GEOMETRIC_PRESENTATION_REPRESENTATION (  '', ( #567 ), #1255 ) ;
#2332 = CARTESIAN_POINT ( 'NONE',  ( 0.7999999999999999334, 0.1199999999999999956, 0.5999999999999999778 ) ) ;
#2333 = DIRECTION ( 'NONE',  ( 0.000000000000000000, -1.000000000000000000, 0.000000000000000000 ) ) ;
#2334 = ORIENTED_EDGE ( 'NONE', *, *, #1881, .T. ) ;
#2335 = EDGE_CURVE ( 'NONE', #1599, #506, #641, .T. ) ;
#2336 = DIRECTION ( 'NONE',  ( 1.000000000000000000, 0.000000000000000000, -0.000000000000000000 ) ) ;
#2337 = CARTESIAN_POINT ( 'NONE',  ( -0.7500000000000001110, 0.2800000000000000266, 0.4499999999999991229 ) ) ;
#2338 = SURFACE_STYLE_USAGE ( .BOTH. , #398 ) ;
#2339 = ORIENTED_EDGE ( 'NONE', *, *, #2032, .T. ) ;
#2340 = PRESENTATION_LAYER_ASSIGNMENT (  '', '', ( #1220 ) ) ;
#2341 = SURFACE_SIDE_STYLE ('',( #613 ) ) ;
#2342 =( GEOMETRIC_REPRESENTATION_CONTEXT ( 3 ) GLOBAL_UNCERTAINTY_ASSIGNED_CONTEXT ( ( #234 ) ) GLOBAL_UNIT_ASSIGNED_CONTEXT ( ( #2403, #60, #2374 ) ) REPRESENTATION_CONTEXT ( 'NONE', 'WORKASPACE' ) );
#2343 = EDGE_LOOP ( 'NONE', ( #1784, #2042, #1242, #611 ) ) ;
#2344 = CIRCLE ( 'NONE', #149, 0.1000000000000001582 ) ;
#2345 = CARTESIAN_POINT ( 'NONE',  ( -0.8000000000000000444, 0.2800000000000000266, 0.5499999999999998224 ) ) ;
#2346 = EDGE_CURVE ( 'NONE', #2183, #310, #1712, .T. ) ;
#2347 = FILL_AREA_STYLE_COLOUR ( '', #1931 ) ;
#2348 = LINE ( 'NONE', #1795, #1111 ) ;
#2349 = EDGE_CURVE ( 'NONE', #2070, #315, #360, .T. ) ;
#2350 = CARTESIAN_POINT ( 'NONE',  ( 0.2500000000000001665, -0.004000000000000000083, 0.1499999999999998557 ) ) ;
#2351 = ORIENTED_EDGE ( 'NONE', *, *, #1812, .F. ) ;
#2352 = PRESENTATION_STYLE_ASSIGNMENT (( #1569 ) ) ;
#2353 = CYLINDRICAL_SURFACE ( 'NONE', #712, 0.1000000000000001582 ) ;
#2354 = AXIS2_PLACEMENT_3D ( 'NONE', #1951, #1591, #203 ) ;
#2355 = UNCERTAINTY_MEASURE_WITH_UNIT (LENGTH_MEASURE( 1.000000000000000082E-05 ), #727, 'distance_accuracy_value', 'NONE');
#2356 = MECHANICAL_DESIGN_GEOMETRIC_PRESENTATION_REPRESENTATION (  '', ( #1403 ), #2011 ) ;
#2357 = EDGE_LOOP ( 'NONE', ( #776, #2247, #1794, #334 ) ) ;
#2358 = CIRCLE ( 'NONE', #639, 0.1000000000000001582 ) ;
#2359 = ORIENTED_EDGE ( 'NONE', *, *, #2123, .T. ) ;
#2360 = DIRECTION ( 'NONE',  ( -1.000000000000000000, 0.000000000000000000, -2.168404344971009608E-16 ) ) ;
#2361 = ORIENTED_EDGE ( 'NONE', *, *, #1350, .T. ) ;
#2362 = ADVANCED_FACE ( 'NONE', ( #935 ), #1724, .T. ) ;
#2363 = MECHANICAL_DESIGN_GEOMETRIC_PRESENTATION_REPRESENTATION (  '', ( #1863 ), #45 ) ;
#2364 = CARTESIAN_POINT ( 'NONE',  ( 0.6999999999999997335, -0.004000000000000000083, -0.5999999999999997558 ) ) ;
#2365 = ORIENTED_EDGE ( 'NONE', *, *, #1544, .T. ) ;
#2366 = CIRCLE ( 'NONE', #2113, 0.05000000000000002359 ) ;
#2367 = DIRECTION ( 'NONE',  ( 0.000000000000000000, 0.000000000000000000, 1.000000000000000000 ) ) ;
#2368 =( NAMED_UNIT ( * ) PLANE_ANGLE_UNIT ( ) SI_UNIT ( $, .RADIAN. ) );
#2369 = CARTESIAN_POINT ( 'NONE',  ( 0.7133974596215558739, 0.1199999999999999956, 0.5500000000000001554 ) ) ;
#2370 = ORIENTED_EDGE ( 'NONE', *, *, #377, .F. ) ;
#2371 = LINE ( 'NONE', #191, #1205 ) ;
#2372 = CARTESIAN_POINT ( 'NONE',  ( 0.2500000000000000000, -0.004000000000000000083, 0.5500000000000000444 ) ) ;
#2373 = PRESENTATION_LAYER_ASSIGNMENT (  '', '', ( #1597 ) ) ;
#2374 =( NAMED_UNIT ( * ) SI_UNIT ( $, .STERADIAN. ) SOLID_ANGLE_UNIT ( ) );
#2375 = MECHANICAL_DESIGN_GEOMETRIC_PRESENTATION_REPRESENTATION (  '', ( #2028 ), #983 ) ;
#2376 = EDGE_LOOP ( 'NONE', ( #1620, #896, #1466, #534 ) ) ;
#2377 = FILL_AREA_STYLE ('',( #950 ) ) ;
#2378 = VERTEX_POINT ( 'NONE', #2007 ) ;
#2379 = DIRECTION ( 'NONE',  ( -4.065758146820640148E-16, 0.000000000000000000, -1.000000000000000000 ) ) ;
#2380 = DIRECTION ( 'NONE',  ( 1.000000000000000000, 0.000000000000000000, 7.589415207398527883E-15 ) ) ;
#2381 = DIRECTION ( 'NONE',  ( 0.000000000000000000, 0.000000000000000000, 1.000000000000000000 ) ) ;
#2382 = UNCERTAINTY_MEASURE_WITH_UNIT (LENGTH_MEASURE( 1.000000000000000082E-05 ), #263, 'distance_accuracy_value', 'NONE');
#2383 = DIRECTION ( 'NONE',  ( -1.000000000000000000, -0.000000000000000000, -2.339680872163052390E-16 ) ) ;
#2384 = EDGE_CURVE ( 'NONE', #1318, #2070, #1039, .T. ) ;
#2385 = EDGE_CURVE ( 'NONE', #1704, #1428, #2433, .T. ) ;
#2386 = PRESENTATION_LAYER_ASSIGNMENT (  '', '', ( #1641 ) ) ;
#2387 = ORIENTED_EDGE ( 'NONE', *, *, #520, .T. ) ;
#2388 = CARTESIAN_POINT ( 'NONE',  ( 0.7524999999999999467, -0.004000000000000000083, 0.5999999999999999778 ) ) ;
#2389 = VECTOR ( 'NONE', #1089, 1000.000000000000000 ) ;
#2390 = MECHANICAL_DESIGN_GEOMETRIC_PRESENTATION_REPRESENTATION (  '', ( #1027 ), #822 ) ;
#2391 = AXIS2_PLACEMENT_3D ( 'NONE', #1203, #2204, #733 ) ;
#2392 = DIRECTION ( 'NONE',  ( -1.000000000000000000, -0.000000000000000000, -0.000000000000000000 ) ) ;
#2393 = ORIENTED_EDGE ( 'NONE', *, *, #767, .F. ) ;
#2394 = SURFACE_STYLE_USAGE ( .BOTH. , #1611 ) ;
#2395 = CARTESIAN_POINT ( 'NONE',  ( -0.6500000000000001332, 0.2800000000000000266, 0.4499999999999998446 ) ) ;
#2396 = DIRECTION ( 'NONE',  ( 0.000000000000000000, -1.000000000000000000, 0.000000000000000000 ) ) ;
#2397 =( NAMED_UNIT ( * ) PLANE_ANGLE_UNIT ( ) SI_UNIT ( $, .RADIAN. ) );
#2398 = EDGE_CURVE ( 'NONE', #1005, #2441, #1241, .T. ) ;
#2399 = LINE ( 'NONE', #640, #1887 ) ;
#2400 = CARTESIAN_POINT ( 'NONE',  ( -0.2500000000000002776, 0.1199999999999999956, 0.1499999999999998557 ) ) ;
#2401 = EDGE_LOOP ( 'NONE', ( #419, #1986, #1758, #1839 ) ) ;
#2402 = MECHANICAL_DESIGN_GEOMETRIC_PRESENTATION_REPRESENTATION (  '', ( #304 ), #83 ) ;
#2403 =( LENGTH_UNIT ( ) NAMED_UNIT ( * ) SI_UNIT ( .MILLI., .METRE. ) );
#2404 = PRESENTATION_STYLE_ASSIGNMENT (( #2014 ) ) ;
#2405 = ORIENTED_EDGE ( 'NONE', *, *, #1691, .T. ) ;
#2406 = FACE_OUTER_BOUND ( 'NONE', #463, .T. ) ;
#2407 = DIRECTION ( 'NONE',  ( -1.000000000000000000, 0.000000000000000000, -0.000000000000000000 ) ) ;
#2408 = DIRECTION ( 'NONE',  ( 0.000000000000000000, -1.000000000000000000, 0.000000000000000000 ) ) ;
#2409 = CARTESIAN_POINT ( 'NONE',  ( -0.6500000000000001332, 0.2800000000000000266, -0.4499999999999999556 ) ) ;
#2410 = ORIENTED_EDGE ( 'NONE', *, *, #362, .F. ) ;
#2411 = DIRECTION ( 'NONE',  ( 0.000000000000000000, 0.000000000000000000, 1.000000000000000000 ) ) ;
#2412 = AXIS2_PLACEMENT_3D ( 'NONE', #528, #713, #1094 ) ;
#2413 = ORIENTED_EDGE ( 'NONE', *, *, #1196, .T. ) ;
#2414 = EDGE_CURVE ( 'NONE', #14, #1820, #1263, .T. ) ;
#2415 = DIRECTION ( 'NONE',  ( 0.000000000000000000, 1.000000000000000000, -0.000000000000000000 ) ) ;
#2416 =( NAMED_UNIT ( * ) PLANE_ANGLE_UNIT ( ) SI_UNIT ( $, .RADIAN. ) );
#2417 = DIRECTION ( 'NONE',  ( 0.000000000000000000, 0.000000000000000000, -1.000000000000000000 ) ) ;
#2418 = FACE_OUTER_BOUND ( 'NONE', #2220, .T. ) ;
#2419 = ORIENTED_EDGE ( 'NONE', *, *, #903, .T. ) ;
#2420 = CARTESIAN_POINT ( 'NONE',  ( -0.8000000000000000444, 0.2800000000000000266, 0.5999999999999999778 ) ) ;
#2421 = EDGE_CURVE ( 'NONE', #1376, #977, #537, .T. ) ;
#2422 = FILL_AREA_STYLE ('',( #867 ) ) ;
#2423 = STYLED_ITEM ( 'NONE', ( #28 ), #782 ) ;
#2424 = DIRECTION ( 'NONE',  ( -0.000000000000000000, 0.000000000000000000, -1.000000000000000000 ) ) ;
#2425 = VERTEX_POINT ( 'NONE', #129 ) ;
#2426 = EDGE_CURVE ( 'NONE', #1581, #2253, #1674, .T. ) ;
#2427 = CARTESIAN_POINT ( 'NONE',  ( -0.6499999999999994671, 0.2800000000000000266, 0.4999999999999997780 ) ) ;
#2428 = PRESENTATION_STYLE_ASSIGNMENT (( #1833 ) ) ;
#2429 = AXIS2_PLACEMENT_3D ( 'NONE', #765, #1559, #1399 ) ;
#2430 = MECHANICAL_DESIGN_GEOMETRIC_PRESENTATION_REPRESENTATION (  '', ( #2089 ), #780 ) ;
#2431 = FILL_AREA_STYLE_COLOUR ( '', #350 ) ;
#2432 = ORIENTED_EDGE ( 'NONE', *, *, #827, .F. ) ;
#2433 = LINE ( 'NONE', #2254, #1962 ) ;
#2434 = ORIENTED_EDGE ( 'NONE', *, *, #1800, .F. ) ;
#2435 = DIRECTION ( 'NONE',  ( -0.000000000000000000, 1.000000000000000000, -0.000000000000000000 ) ) ;
#2436 = AXIS2_PLACEMENT_3D ( 'NONE', #830, #659, #2381 ) ;
#2437 = AXIS2_PLACEMENT_3D ( 'NONE', #52, #451, #1786 ) ;
#2438 = VECTOR ( 'NONE', #1612, 1000.000000000000000 ) ;
#2439 = MECHANICAL_DESIGN_GEOMETRIC_PRESENTATION_REPRESENTATION (  '', ( #2098 ), #2006 ) ;
#2440 = ADVANCED_FACE ( 'NONE', ( #2418 ), #2446, .F. ) ;
#2441 = VERTEX_POINT ( 'NONE', #1062 ) ;
#2442 = CARTESIAN_POINT ( 'NONE',  ( 0.6499999999999994671, 0.3300000000000000711, -0.4999999999999998890 ) ) ;
#2443 = FILL_AREA_STYLE ('',( #253 ) ) ;
#2444 =( NAMED_UNIT ( * ) PLANE_ANGLE_UNIT ( ) SI_UNIT ( $, .RADIAN. ) );
#2445 = VECTOR ( 'NONE', #399, 1000.000000000000000 ) ;
#2446 = CYLINDRICAL_SURFACE ( 'NONE', #1685, 0.05000000000000002359 ) ;
#2447 = ADVANCED_FACE ( 'NONE', ( #314 ), #1253, .F. ) ;
#2448 = ORIENTED_EDGE ( 'NONE', *, *, #1705, .T. ) ;
#2449 = AXIS2_PLACEMENT_3D ( 'NONE', #1523, #1126, #2297 ) ;
#2450 = PRODUCT ( 'CX1612DB48000D0FPJC1', 'CX1612DB48000D0FPJC1', '', ( #1996 ) ) ;
#2451 = SURFACE_SIDE_STYLE ('',( #2256 ) ) ;
#2452 = LINE ( 'NONE', #2037, #1109 ) ;
#2453 = FILL_AREA_STYLE_COLOUR ( '', #1295 ) ;
#2454 = ORIENTED_EDGE ( 'NONE', *, *, #168, .F. ) ;
#2455 = MECHANICAL_DESIGN_GEOMETRIC_PRESENTATION_REPRESENTATION (  '', ( #1633 ), #492 ) ;
#2456 = CARTESIAN_POINT ( 'NONE',  ( -0.6499999999999994671, 0.2800000000000000266, 0.5499999999999998224 ) ) ;
#2457 = CARTESIAN_POINT ( 'NONE',  ( -0.7500000000000001110, 0.000000000000000000, -0.5133974596215556963 ) ) ;
#2458 = AXIS2_PLACEMENT_3D ( 'NONE', #171, #924, #1069 ) ;
#2459 = ORIENTED_EDGE ( 'NONE', *, *, #681, .T. ) ;
#2460 = SURFACE_STYLE_USAGE ( .BOTH. , #278 ) ;
#2461 = FACE_OUTER_BOUND ( 'NONE', #843, .T. ) ;
#2462 = ORIENTED_EDGE ( 'NONE', *, *, #1850, .F. ) ;
#2463 = DIRECTION ( 'NONE',  ( 0.000000000000000000, 1.000000000000000000, -0.000000000000000000 ) ) ;
#2464 = ADVANCED_FACE ( 'NONE', ( #1513 ), #954, .T. ) ;
#2465 =( NAMED_UNIT ( * ) SI_UNIT ( $, .STERADIAN. ) SOLID_ANGLE_UNIT ( ) );
#2466 = PLANE ( 'NONE',  #2221 ) ;
#2467 =( NAMED_UNIT ( * ) SI_UNIT ( $, .STERADIAN. ) SOLID_ANGLE_UNIT ( ) );
#2468 = ORIENTED_EDGE ( 'NONE', *, *, #850, .F. ) ;
#2469 = PLANE ( 'NONE',  #1440 ) ;
#2470 = PRESENTATION_LAYER_ASSIGNMENT (  '', '', ( #78 ) ) ;
#2471 = STYLED_ITEM ( 'NONE', ( #277 ), #1087 ) ;
#2472 = PRESENTATION_LAYER_ASSIGNMENT (  '', '', ( #1437 ) ) ;
#2473 = PRESENTATION_STYLE_ASSIGNMENT (( #142 ) ) ;
#2474 = EDGE_CURVE ( 'NONE', #1334, #2008, #341, .T. ) ;
#2475 = ORIENTED_EDGE ( 'NONE', *, *, #2146, .F. ) ;
#2476 = SURFACE_SIDE_STYLE ('',( #1491 ) ) ;
#2477 =( NAMED_UNIT ( * ) PLANE_ANGLE_UNIT ( ) SI_UNIT ( $, .RADIAN. ) );
#2478 = CARTESIAN_POINT ( 'NONE',  ( -0.8000000000000001554, 0.1199999999999999956, 0.5999999999999998668 ) ) ;
#2479 = ORIENTED_EDGE ( 'NONE', *, *, #2346, .T. ) ;
#2480 = AXIS2_PLACEMENT_3D ( 'NONE', #1248, #1211, #2026 ) ;
#2481 = DIRECTION ( 'NONE',  ( 0.000000000000000000, -0.000000000000000000, -1.000000000000000000 ) ) ;
#2482 = MECHANICAL_DESIGN_GEOMETRIC_PRESENTATION_REPRESENTATION (  '', ( #514 ), #1361 ) ;
#2483 = LINE ( 'NONE', #667, #1779 ) ;
#2484 = COLOUR_RGB ( '',0.6470588235294117974, 0.5176470588235293491, 0.000000000000000000 ) ;
#2485 = LINE ( 'NONE', #715, #2120 ) ;
#2486 = COLOUR_RGB ( '',0.6470588235294117974, 0.5176470588235293491, 0.000000000000000000 ) ;
#2487 = ORIENTED_EDGE ( 'NONE', *, *, #87, .F. ) ;
#2488 = DIRECTION ( 'NONE',  ( 0.000000000000000000, 0.000000000000000000, -1.000000000000000000 ) ) ;
#2489 = ORIENTED_EDGE ( 'NONE', *, *, #1207, .T. ) ;
#2490 = CARTESIAN_POINT ( 'NONE',  ( 0.7000000000000000666, 0.3300000000000000711, -0.4499999999999992895 ) ) ;
#2491 = AXIS2_PLACEMENT_3D ( 'NONE', #2184, #951, #10 ) ;
#2492 = SURFACE_STYLE_FILL_AREA ( #2060 ) ;
#2493 = CYLINDRICAL_SURFACE ( 'NONE', #414, 0.05000000000000002359 ) ;
#2494 = ORIENTED_EDGE ( 'NONE', *, *, #2398, .T. ) ;
#2495 =( LENGTH_UNIT ( ) NAMED_UNIT ( * ) SI_UNIT ( .MILLI., .METRE. ) );
#2496 = EDGE_CURVE ( 'NONE', #977, #122, #1909, .T. ) ;
#2497 = AXIS2_PLACEMENT_3D ( 'NONE', #980, #1783, #2182 ) ;
#2498 = VERTEX_POINT ( 'NONE', #569 ) ;
#2499 = EDGE_LOOP ( 'NONE', ( #512, #1095, #2171, #1316 ) ) ;
#2500 = CARTESIAN_POINT ( 'NONE',  ( 0.6499999999999994671, 0.3300000000000000711, 0.4999999999999997780 ) ) ;
#2501 = CARTESIAN_POINT ( 'NONE',  ( -0.8000000000000001554, -0.004000000000000000083, 0.5999999999999998668 ) ) ;
#2502 = EDGE_LOOP ( 'NONE', ( #1293, #2168, #1247, #1711 ) ) ;
#2503 = ADVANCED_FACE ( 'NONE', ( #553 ), #327, .T. ) ;
#2504 = CARTESIAN_POINT ( 'NONE',  ( 0.7500000000000000000, 0.000000000000000000, 0.5133974596215558073 ) ) ;
#2505 = CARTESIAN_POINT ( 'NONE',  ( -0.8000000000000000444, 0.000000000000000000, -0.5999999999999998668 ) ) ;
#2506 =( GEOMETRIC_REPRESENTATION_CONTEXT ( 3 ) GLOBAL_UNCERTAINTY_ASSIGNED_CONTEXT ( ( #554 ) ) GLOBAL_UNIT_ASSIGNED_CONTEXT ( ( #106, #1048, #1647 ) ) REPRESENTATION_CONTEXT ( 'NONE', 'WORKASPACE' ) );
#2507 = DIRECTION ( 'NONE',  ( 1.000000000000000000, 0.000000000000000000, 0.000000000000000000 ) ) ;
#2508 = AXIS2_PLACEMENT_3D ( 'NONE', #1218, #280, #662 ) ;
#2509 =( NAMED_UNIT ( * ) PLANE_ANGLE_UNIT ( ) SI_UNIT ( $, .RADIAN. ) );
#2510 = CARTESIAN_POINT ( 'NONE',  ( 0.7000000000000000666, 0.3300000000000000711, -0.4499999999999996225 ) ) ;
#2511 = UNCERTAINTY_MEASURE_WITH_UNIT (LENGTH_MEASURE( 1.000000000000000082E-05 ), #1560, 'distance_accuracy_value', 'NONE');
#2512 = VERTEX_POINT ( 'NONE', #582 ) ;
#2513 = CIRCLE ( 'NONE', #2222, 0.1000000000000001582 ) ;
#2514 = CARTESIAN_POINT ( 'NONE',  ( -0.8000000000000001554, 0.1199999999999999956, 0.5999999999999998668 ) ) ;
#2515 = CARTESIAN_POINT ( 'NONE',  ( -0.8000000000000001554, 0.000000000000000000, 0.5999999999999998668 ) ) ;
#2516 = SURFACE_STYLE_FILL_AREA ( #1723 ) ;
#2517 = SURFACE_STYLE_FILL_AREA ( #757 ) ;
#2518 = COLOUR_RGB ( '',0.1098039215686274495, 0.1098039215686274495, 0.1098039215686274495 ) ;
#2519 = PLANE ( 'NONE',  #2497 ) ;
ENDSEC;
END-ISO-10303-21;
