ISO-10303-21;
HEADER;
FILE_DESCRIPTION((''),'2;1');
FILE_NAME('SA1215-S3','2021-03-20T',('Administrator'),(''),
'CREO PARAMETRIC BY PTC INC, 2016130','CREO PARAMETRIC BY PTC INC, 2016130','');
FILE_SCHEMA(('AUTOMOTIVE_DESIGN { 1 0 10303 214 1 1 1 1 }'));
ENDSEC;
DATA;
#14=CARTESIAN_POINT('',(4.800000000405E0,6.225E1,-1.225050384189E1));
#15=DIRECTION('',(1.E0,0.E0,0.E0));
#16=DIRECTION('',(0.E0,-1.E0,0.E0));
#17=AXIS2_PLACEMENT_3D('',#14,#15,#16);
#19=CARTESIAN_POINT('',(4.800000000405E0,6.225E1,-1.225050384189E1));
#20=DIRECTION('',(-1.E0,0.E0,0.E0));
#21=DIRECTION('',(0.E0,-1.E0,0.E0));
#22=AXIS2_PLACEMENT_3D('',#19,#20,#21);
#24=CARTESIAN_POINT('',(4.800000000405E0,1.225E1,-1.225050384189E1));
#25=DIRECTION('',(-1.E0,0.E0,0.E0));
#26=DIRECTION('',(0.E0,9.581476426087E-1,-2.862745098039E-1));
#27=AXIS2_PLACEMENT_3D('',#24,#25,#26);
#29=DIRECTION('',(0.E0,1.E0,0.E0));
#30=VECTOR('',#29,2.693096811064E1);
#31=CARTESIAN_POINT('',(4.800000000405E0,2.446638244326E1,-1.110050384189E1));
#32=LINE('',#31,#30);
#33=CARTESIAN_POINT('',(9.385286970109E0,1.935E1,-8.786402226752E0));
#34=CARTESIAN_POINT('',(9.393434363369E0,1.917266715942E1,-8.422941997226E0));
#35=CARTESIAN_POINT('',(9.409729220150E0,1.876207317701E1,-7.723310127399E0));
#36=CARTESIAN_POINT('',(9.434171402719E0,1.799289725845E1,-6.780427580269E0));
#37=CARTESIAN_POINT('',(9.458614422851E0,1.708850677050E1,-5.966280157893E0));
#38=CARTESIAN_POINT('',(9.483057055664E0,1.607023094739E1,-5.300077032134E0));
#39=CARTESIAN_POINT('',(9.507499594719E0,1.496203315572E1,-4.797485998772E0));
#40=CARTESIAN_POINT('',(9.531942320555E0,1.378998622475E1,-4.470332628101E0));
#41=CARTESIAN_POINT('',(9.556385807623E0,1.258164983E1,-4.326322354322E0));
#42=CARTESIAN_POINT('',(9.580829349815E0,1.136550294354E1,-4.368860855044E0));
#43=CARTESIAN_POINT('',(9.605272438814E0,1.017020073343E1,-4.596939548903E0));
#44=CARTESIAN_POINT('',(9.629715371846E0,9.023864734582E0,-5.005182532714E0));
#45=CARTESIAN_POINT('',(9.654159124726E0,7.953438092967E0,-5.584004558940E0));
#46=CARTESIAN_POINT('',(9.678603086930E0,6.984153619395E0,-6.319777388756E0));
#47=CARTESIAN_POINT('',(9.703046803583E0,6.138848199519E0,-7.195164429057E0));
#48=CARTESIAN_POINT('',(9.727490017186E0,5.437422553999E0,-8.189541021404E0));
#49=CARTESIAN_POINT('',(9.751933669027E0,4.896361266590E0,-9.279535779378E0));
#50=CARTESIAN_POINT('',(9.776377642943E0,4.528414742607E0,-1.043948866355E1));
#51=CARTESIAN_POINT('',(9.800821368010E0,4.342254536059E0,-1.164206476403E1));
#52=CARTESIAN_POINT('',(9.825264680727E0,4.342255081848E0,-1.285894384189E1));
#53=CARTESIAN_POINT('',(9.849708123904E0,4.528412465844E0,-1.406150609943E1));
#54=CARTESIAN_POINT('',(9.874151911115E0,4.896353028421E0,-1.522145103789E1));
#55=CARTESIAN_POINT('',(9.898595630945E0,5.437412360539E0,-1.631145061948E1));
#56=CARTESIAN_POINT('',(9.923038994961E0,6.138841113227E0,-1.730583418325E1));
#57=CARTESIAN_POINT('',(9.947482250384E0,6.984128917172E0,-1.818120617495E1));
#58=CARTESIAN_POINT('',(9.971925628039E0,7.953385203544E0,-1.891696769241E1));
#59=CARTESIAN_POINT('',(9.996369144191E0,9.023795835427E0,-1.949579432393E1));
#60=CARTESIAN_POINT('',(1.002081222663E1,1.017013489547E1,-1.990405129202E1));
#61=CARTESIAN_POINT('',(1.004525564537E1,1.136545173363E1,-2.013214082298E1));
#62=CARTESIAN_POINT('',(1.006969865261E1,1.258157166248E1,-2.017468704596E1));
#63=CARTESIAN_POINT('',(1.009414175137E1,1.378989035014E1,-2.003069343521E1));
#64=CARTESIAN_POINT('',(1.011858447158E1,1.496194146853E1,-1.970355597572E1));
#65=CARTESIAN_POINT('',(1.014302772061E1,1.607017743968E1,-1.920096291752E1));
#66=CARTESIAN_POINT('',(1.016747112544E1,1.708848803530E1,-1.853474250247E1));
#67=CARTESIAN_POINT('',(1.019191379656E1,1.799286800472E1,-1.772060935294E1));
#68=CARTESIAN_POINT('',(1.021635598397E1,1.876205045748E1,-1.677773195434E1));
#69=CARTESIAN_POINT('',(1.023265132465E1,1.917265972163E1,-1.607808093099E1));
#70=CARTESIAN_POINT('',(1.024079905963E1,1.935E1,-1.571460545703E1));
#72=DIRECTION('',(1.E0,0.E0,3.760556552424E-14));
#73=VECTOR('',#72,1.417096231345E-1);
#74=CARTESIAN_POINT('',(1.009908943650E1,1.935E1,-1.571460545703E1));
#75=LINE('',#74,#73);
#76=CARTESIAN_POINT('',(1.009908943650E1,1.935E1,-1.571460545703E1));
#77=CARTESIAN_POINT('',(1.009094217189E1,1.917266995957E1,-1.607805994739E1));
#78=CARTESIAN_POINT('',(1.007464747143E1,1.876208122066E1,-1.677768584818E1));
#79=CARTESIAN_POINT('',(1.005020516803E1,1.799290328424E1,-1.772057448550E1));
#80=CARTESIAN_POINT('',(1.002576182892E1,1.708850155694E1,-1.853473342958E1));
#81=CARTESIAN_POINT('',(1.000131850637E1,1.607019465592E1,-1.920095201435E1));
#82=CARTESIAN_POINT('',(9.976875865178E0,1.496198866384E1,-1.970353743893E1));
#83=CARTESIAN_POINT('',(9.952433292448E0,1.378994743358E1,-2.003068275730E1));
#84=CARTESIAN_POINT('',(9.927989612453E0,1.258160078198E1,-2.017468799607E1));
#85=CARTESIAN_POINT('',(9.903545782271E0,1.136543965755E1,-2.013214094314E1));
#86=CARTESIAN_POINT('',(9.879102195213E0,1.017011534966E1,-1.990404551452E1));
#87=CARTESIAN_POINT('',(9.854659406222E0,9.023790872480E0,-1.949579143687E1));
#88=CARTESIAN_POINT('',(9.830215889453E0,7.953380023733E0,-1.891696516855E1));
#89=CARTESIAN_POINT('',(9.805772048247E0,6.984106383300E0,-1.818118808161E1));
#90=CARTESIAN_POINT('',(9.781328383826E0,6.138809506793E0,-1.730579638627E1));
#91=CARTESIAN_POINT('',(9.756885286282E0,5.437395136019E0,-1.631141900714E1));
#92=CARTESIAN_POINT('',(9.732442141536E0,4.896351348587E0,-1.522144386024E1));
#93=CARTESIAN_POINT('',(9.707998555674E0,4.528413122877E0,-1.406150878303E1));
#94=CARTESIAN_POINT('',(9.683555033526E0,4.342254690131E0,-1.285894265824E1));
#95=CARTESIAN_POINT('',(9.659111706567E0,4.342255142505E0,-1.164206287196E1));
#96=CARTESIAN_POINT('',(9.634668394304E0,4.528411957633E0,-1.043950717483E1));
#97=CARTESIAN_POINT('',(9.610224998275E0,4.896344461184E0,-9.279580190930E0));
#98=CARTESIAN_POINT('',(9.585781517404E0,5.437393876494E0,-8.189589125636E0));
#99=CARTESIAN_POINT('',(9.561338272478E0,6.138813552881E0,-7.195206352683E0));
#100=CARTESIAN_POINT('',(9.536894785800E0,6.984105312616E0,-6.319822184644E0));
#101=CARTESIAN_POINT('',(9.512451607277E0,7.953350997424E0,-5.584063112932E0));
#102=CARTESIAN_POINT('',(9.488008415649E0,9.023743579269E0,-5.005237276655E0));
#103=CARTESIAN_POINT('',(9.463565472078E0,1.017007278577E1,-4.596973567298E0));
#104=CARTESIAN_POINT('',(9.439122013694E0,1.136538962945E1,-4.368872834558E0));
#105=CARTESIAN_POINT('',(9.414678496804E0,1.258153468947E1,-4.326318568220E0));
#106=CARTESIAN_POINT('',(9.390235636325E0,1.378984222226E1,-4.470305753198E0));
#107=CARTESIAN_POINT('',(9.365793155079E0,1.496188429001E1,-4.797431022512E0));
#108=CARTESIAN_POINT('',(9.341349817333E0,1.607012810944E1,-5.300017320685E0));
#109=CARTESIAN_POINT('',(9.316906099380E0,1.708845701960E1,-5.966238722807E0));
#110=CARTESIAN_POINT('',(9.292462481548E0,1.799287323312E1,-6.780402134531E0));
#111=CARTESIAN_POINT('',(9.268020436194E0,1.876204968005E1,-7.723275551158E0));
#112=CARTESIAN_POINT('',(9.251725060556E0,1.917266018742E1,-8.422927707466E0));
#113=CARTESIAN_POINT('',(9.243577346974E0,1.935E1,-8.786402226752E0));
#115=DIRECTION('',(-1.E0,2.507037701616E-14,-6.267594254040E-14));
#116=VECTOR('',#115,1.417096231345E-1);
#117=CARTESIAN_POINT('',(9.385286970109E0,1.935E1,-8.786402226752E0));
#118=LINE('',#117,#116);
#119=CARTESIAN_POINT('',(8.385286970109E0,1.935E1,-8.786402226752E0));
#120=CARTESIAN_POINT('',(8.393434683691E0,1.917266018742E1,-8.422927707466E0));
#121=CARTESIAN_POINT('',(8.409730059329E0,1.876204968005E1,-7.723275551158E0));
#122=CARTESIAN_POINT('',(8.434172104683E0,1.799287323312E1,-6.780402134531E0));
#123=CARTESIAN_POINT('',(8.458615722515E0,1.708845701960E1,-5.966238722807E0));
#124=CARTESIAN_POINT('',(8.483059440467E0,1.607012810944E1,-5.300017320685E0));
#125=CARTESIAN_POINT('',(8.507502778214E0,1.496188429001E1,-4.797431022512E0));
#126=CARTESIAN_POINT('',(8.531945259460E0,1.378984222226E1,-4.470305753198E0));
#127=CARTESIAN_POINT('',(8.556388119939E0,1.258153468947E1,-4.326318568220E0));
#128=CARTESIAN_POINT('',(8.580831636828E0,1.136538962945E1,-4.368872834558E0));
#129=CARTESIAN_POINT('',(8.605275095213E0,1.017007278577E1,-4.596973567298E0));
#130=CARTESIAN_POINT('',(8.629718038784E0,9.023743579269E0,-5.005237276655E0));
#131=CARTESIAN_POINT('',(8.654161230411E0,7.953350997424E0,-5.584063112932E0));
#132=CARTESIAN_POINT('',(8.678604408935E0,6.984105312616E0,-6.319822184644E0));
#133=CARTESIAN_POINT('',(8.703047895613E0,6.138813552881E0,-7.195206352683E0));
#134=CARTESIAN_POINT('',(8.727491140538E0,5.437393876494E0,-8.189589125636E0));
#135=CARTESIAN_POINT('',(8.751934621410E0,4.896344461184E0,-9.279580190930E0));
#136=CARTESIAN_POINT('',(8.776378017439E0,4.528411957633E0,-1.043950717483E1));
#137=CARTESIAN_POINT('',(8.800821329702E0,4.342255142505E0,-1.164206287196E1));
#138=CARTESIAN_POINT('',(8.825264656660E0,4.342254690131E0,-1.285894265824E1));
#139=CARTESIAN_POINT('',(8.849708178808E0,4.528413122877E0,-1.406150878303E1));
#140=CARTESIAN_POINT('',(8.874151764670E0,4.896351348587E0,-1.522144386024E1));
#141=CARTESIAN_POINT('',(8.898594909417E0,5.437395136019E0,-1.631141900714E1));
#142=CARTESIAN_POINT('',(8.923038006960E0,6.138809506793E0,-1.730579638627E1));
#143=CARTESIAN_POINT('',(8.947481671381E0,6.984106383300E0,-1.818118808161E1));
#144=CARTESIAN_POINT('',(8.971925512588E0,7.953380023733E0,-1.891696516855E1));
#145=CARTESIAN_POINT('',(8.996369029356E0,9.023790872480E0,-1.949579143687E1));
#146=CARTESIAN_POINT('',(9.020811818347E0,1.017011534966E1,-1.990404551452E1));
#147=CARTESIAN_POINT('',(9.045255405405E0,1.136543965755E1,-2.013214094314E1));
#148=CARTESIAN_POINT('',(9.069699235587E0,1.258160078198E1,-2.017468799607E1));
#149=CARTESIAN_POINT('',(9.094142915582E0,1.378994743358E1,-2.003068275730E1));
#150=CARTESIAN_POINT('',(9.118585488313E0,1.496198866384E1,-1.970353743893E1));
#151=CARTESIAN_POINT('',(9.143028129501E0,1.607019465592E1,-1.920095201435E1));
#152=CARTESIAN_POINT('',(9.167471452056E0,1.708850155694E1,-1.853473342958E1));
#153=CARTESIAN_POINT('',(9.191914791168E0,1.799290328424E1,-1.772057448550E1));
#154=CARTESIAN_POINT('',(9.216357094566E0,1.876208122066E1,-1.677768584818E1));
#155=CARTESIAN_POINT('',(9.232651795023E0,1.917266995957E1,-1.607805994739E1));
#156=CARTESIAN_POINT('',(9.240799059633E0,1.935E1,-1.571460545703E1));
#158=DIRECTION('',(1.E0,0.E0,-2.507037701616E-14));
#159=VECTOR('',#158,1.417096231345E-1);
#160=CARTESIAN_POINT('',(9.099089436498E0,1.935E1,-1.571460545703E1));
#161=LINE('',#160,#159);
#162=CARTESIAN_POINT('',(9.099089436498E0,1.935E1,-1.571460545703E1));
#163=CARTESIAN_POINT('',(9.090941736887E0,1.917266049151E1,-1.607807935305E1));
#164=CARTESIAN_POINT('',(9.074646454068E0,1.876205317054E1,-1.677772819202E1));
#165=CARTESIAN_POINT('',(9.050204190096E0,1.799286857575E1,-1.772060874664E1));
#166=CARTESIAN_POINT('',(9.025761653225E0,1.708849367908E1,-1.853473751845E1));
#167=CARTESIAN_POINT('',(9.001318413421E0,1.607019111731E1,-1.920095510776E1));
#168=CARTESIAN_POINT('',(8.976875205003E0,1.496195816364E1,-1.970354985001E1));
#169=CARTESIAN_POINT('',(8.952432472069E0,1.378990719515E1,-2.003069034196E1));
#170=CARTESIAN_POINT('',(8.927989256110E0,1.258158295370E1,-2.017468666926E1));
#171=CARTESIAN_POINT('',(8.903546320631E0,1.136546653323E1,-2.013214220902E1));
#172=CARTESIAN_POINT('',(8.879102965917E0,1.017015233856E1,-1.990405599310E1));
#173=CARTESIAN_POINT('',(8.854659863440E0,9.023811396352E0,-1.949580134471E1));
#174=CARTESIAN_POINT('',(8.830216293595E0,7.953397142684E0,-1.891697570761E1));
#175=CARTESIAN_POINT('',(8.805772805905E0,6.984135518033E0,-1.818121215648E1));
#176=CARTESIAN_POINT('',(8.781329593730E0,6.138848247710E0,-1.730584262097E1));
#177=CARTESIAN_POINT('',(8.756886229425E0,5.437417969112E0,-1.631146014466E1));
#178=CARTESIAN_POINT('',(8.732442469210E0,4.896356235400E0,-1.522145948358E1));
#179=CARTESIAN_POINT('',(8.707998576793E0,4.528413042575E0,-1.406150985270E1));
#180=CARTESIAN_POINT('',(8.683555048683E0,4.342254967722E0,-1.285894340617E1));
#181=CARTESIAN_POINT('',(8.659111733727E0,4.342254527153E0,-1.164206420047E1));
#182=CARTESIAN_POINT('',(8.634667955995E0,4.528415339109E0,-1.043948554723E1));
#183=CARTESIAN_POINT('',(8.610223928404E0,4.896363240618E0,-9.279530256449E0));
#184=CARTESIAN_POINT('',(8.585780163727E0,5.437428268837E0,-8.189531063650E0));
#185=CARTESIAN_POINT('',(8.561336954352E0,6.138855513984E0,-7.195155852545E0));
#186=CARTESIAN_POINT('',(8.536893316141E0,6.984159219455E0,-6.319772606260E0));
#187=CARTESIAN_POINT('',(8.512449385234E0,7.953443011707E0,-5.584001514713E0));
#188=CARTESIAN_POINT('',(8.488005654450E0,9.023868971822E0,-5.005180471459E0));
#189=CARTESIAN_POINT('',(8.463562629754E0,1.017020966991E1,-4.596937121907E0));
#190=CARTESIAN_POINT('',(8.439119662501E0,1.136550617304E1,-4.368860881597E0));
#191=CARTESIAN_POINT('',(8.414676217003E0,1.258164820614E1,-4.326322404795E0));
#192=CARTESIAN_POINT('',(8.390232762990E0,1.378998297166E1,-4.470332126817E0));
#193=CARTESIAN_POINT('',(8.365790047015E0,1.496202976491E1,-4.797484385235E0));
#194=CARTESIAN_POINT('',(8.341347322459E0,1.607023576570E1,-5.300079621689E0));
#195=CARTESIAN_POINT('',(8.316904857633E0,1.708850423962E1,-5.966278751770E0));
#196=CARTESIAN_POINT('',(8.292461890746E0,1.799289340932E1,-6.780423566884E0));
#197=CARTESIAN_POINT('',(8.268019707450E0,1.876207011862E1,-7.723305554670E0));
#198=CARTESIAN_POINT('',(8.251724786158E0,1.917266615985E1,-8.422939948524E0));
#199=CARTESIAN_POINT('',(8.243577346974E0,1.935E1,-8.786402226752E0));
#201=DIRECTION('',(1.E0,0.E0,0.E0));
#202=VECTOR('',#201,1.417096231345E-1);
#203=CARTESIAN_POINT('',(8.243577346974E0,1.935E1,-8.786402226752E0));
#204=LINE('',#203,#202);
#205=CARTESIAN_POINT('',(1.042259855109E1,1.835109366149E1,-7.231872939565E0));
#206=CARTESIAN_POINT('',(1.043086365087E1,1.809047036988E1,-6.915036108289E0));
#207=CARTESIAN_POINT('',(1.044739404542E1,1.751975994639E1,-6.322043573551E0));
#208=CARTESIAN_POINT('',(1.047219061367E1,1.653599981051E1,-5.576131757811E0));
#209=CARTESIAN_POINT('',(1.049698698413E1,1.544841889266E1,-4.991914917034E0));
#210=CARTESIAN_POINT('',(1.052178217070E1,1.428341511510E1,-4.583549824612E0));
#211=CARTESIAN_POINT('',(1.054657721183E1,1.306916565689E1,-4.360893680579E0));
#212=CARTESIAN_POINT('',(1.057137303611E1,1.183503472544E1,-4.329341112329E0));
#213=CARTESIAN_POINT('',(1.059616919228E1,1.061093972969E1,-4.489674221088E0));
#214=CARTESIAN_POINT('',(1.062096452894E1,9.426587936984E0,-4.837992374776E0));
#215=CARTESIAN_POINT('',(1.064576010858E1,8.310616112588E0,-5.365866040118E0));
#216=CARTESIAN_POINT('',(1.067055543991E1,7.290077491265E0,-6.060499029603E0));
#217=CARTESIAN_POINT('',(1.069535133738E1,6.389662219344E0,-6.905090956407E0));
#218=CARTESIAN_POINT('',(1.072014686816E1,5.631216978405E0,-7.879154200677E0));
#219=CARTESIAN_POINT('',(1.074494263019E1,5.033091856699E0,-8.959114126786E0));
#220=CARTESIAN_POINT('',(1.076973861442E1,4.609785118581E0,-1.011881443295E1));
#221=CARTESIAN_POINT('',(1.079453401426E1,4.371553303620E0,-1.133012341973E1));
#222=CARTESIAN_POINT('',(1.081933021173E1,4.324169917142E0,-1.256376562963E1));
#223=CARTESIAN_POINT('',(1.084412188845E1,4.468738065258E0,-1.378959764591E1));
#224=CARTESIAN_POINT('',(1.086891553433E1,4.801758518859E0,-1.497825255621E1));
#225=CARTESIAN_POINT('',(1.089370844685E1,5.315159831056E0,-1.610080975422E1));
#226=CARTESIAN_POINT('',(1.091850101143E1,5.996494309410E0,-1.713010771344E1));
#227=CARTESIAN_POINT('',(1.094329364486E1,6.829274095120E0,-1.804123768884E1));
#228=CARTESIAN_POINT('',(1.096808610054E1,7.793322934153E0,-1.881212553232E1));
#229=CARTESIAN_POINT('',(1.099287752128E1,8.865253555232E0,-1.942408475263E1));
#230=CARTESIAN_POINT('',(1.101766739128E1,1.001906879988E1,-1.986231904411E1));
#231=CARTESIAN_POINT('',(1.104245928670E1,1.122699880828E1,-2.011627380814E1));
#232=CARTESIAN_POINT('',(1.106725216526E1,1.245975260761E1,-2.017974677563E1));
#233=CARTESIAN_POINT('',(1.109204542300E1,1.368744517484E1,-2.005118595148E1));
#234=CARTESIAN_POINT('',(1.111683838417E1,1.488031073476E1,-1.973370788872E1));
#235=CARTESIAN_POINT('',(1.114163129062E1,1.600947335464E1,-1.923500415907E1));
#236=CARTESIAN_POINT('',(1.116642439413E1,1.704759730269E1,-1.856714424146E1));
#237=CARTESIAN_POINT('',(1.119121716422E1,1.796951868442E1,-1.774631701235E1));
#238=CARTESIAN_POINT('',(1.121600886448E1,1.875289529910E1,-1.679243675451E1));
#239=CARTESIAN_POINT('',(1.123253579725E1,1.917014519931E1,-1.608323467948E1));
#240=CARTESIAN_POINT('',(1.124079905963E1,1.935E1,-1.571460545703E1));
#242=DIRECTION('',(1.E0,2.507037701616E-14,6.267594254040E-14));
#243=VECTOR('',#242,1.417096231345E-1);
#244=CARTESIAN_POINT('',(1.109908943650E1,1.935E1,-1.571460545703E1));
#245=LINE('',#244,#243);
#246=CARTESIAN_POINT('',(1.109908943650E1,1.935E1,-1.571460545703E1));
#247=CARTESIAN_POINT('',(1.109094191181E1,1.917266429891E1,-1.607807154942E1));
#248=CARTESIAN_POINT('',(1.107464682901E1,1.876206415361E1,-1.677771304724E1));
#249=CARTESIAN_POINT('',(1.105020410211E1,1.799286654784E1,-1.772061286669E1));
#250=CARTESIAN_POINT('',(1.102576127967E1,1.708847880597E1,-1.853474878313E1));
#251=CARTESIAN_POINT('',(1.100131836700E1,1.607018858322E1,-1.920095524701E1));
#252=CARTESIAN_POINT('',(1.097687537149E1,1.496196608804E1,-1.970354741883E1));
#253=CARTESIAN_POINT('',(1.095243229945E1,1.378989887687E1,-2.003069234242E1));
#254=CARTESIAN_POINT('',(1.092798915635E1,1.258157793048E1,-2.017468710999E1));
#255=CARTESIAN_POINT('',(1.090354594848E1,1.136544813689E1,-2.013214040425E1));
#256=CARTESIAN_POINT('',(1.087910268175E1,1.017013858029E1,-1.990405240525E1));
#257=CARTESIAN_POINT('',(1.085465936302E1,9.023788582789E0,-1.949579134682E1));
#258=CARTESIAN_POINT('',(1.083021599750E1,7.953385077368E0,-1.891696715432E1));
#259=CARTESIAN_POINT('',(1.080577259228E1,6.984127386061E0,-1.818120531792E1));
#260=CARTESIAN_POINT('',(1.078132915334E1,6.138833786715E0,-1.730582609432E1));
#261=CARTESIAN_POINT('',(1.075688568704E1,5.437404291400E0,-1.631143680012E1));
#262=CARTESIAN_POINT('',(1.073244219644E1,4.896352141752E0,-1.522144647904E1));
#263=CARTESIAN_POINT('',(1.070799869776E1,4.528414972103E0,-1.406151560633E1));
#264=CARTESIAN_POINT('',(1.068355516316E1,4.342255033663E0,-1.285894913093E1));
#265=CARTESIAN_POINT('',(1.065911172907E1,4.342254520504E0,-1.164206396686E1));
#266=CARTESIAN_POINT('',(1.063466803580E1,4.528414630881E0,-1.043948945018E1));
#267=CARTESIAN_POINT('',(1.061022405264E1,4.896361106753E0,-9.279536083294E0));
#268=CARTESIAN_POINT('',(1.058578040255E1,5.437422348014E0,-8.189541387990E0));
#269=CARTESIAN_POINT('',(1.056133718775E1,6.138847962383E0,-7.195164706975E0));
#270=CARTESIAN_POINT('',(1.053689347069E1,6.984153362678E0,-6.319777616483E0));
#271=CARTESIAN_POINT('',(1.051244950787E1,7.953437828703E0,-5.584004727054E0));
#272=CARTESIAN_POINT('',(1.048800575443E1,9.023864473674E0,-5.005182647416E0));
#273=CARTESIAN_POINT('',(1.046356282082E1,1.017020048560E1,-4.596939614703E0));
#274=CARTESIAN_POINT('',(1.043911973125E1,1.136550271688E1,-4.368860879021E0));
#275=CARTESIAN_POINT('',(1.041467618849E1,1.258164963082E1,-4.326322344523E0));
#276=CARTESIAN_POINT('',(1.039023270085E1,1.378998605737E1,-4.470332593483E0));
#277=CARTESIAN_POINT('',(1.036578997444E1,1.496203302239E1,-4.797485948704E0));
#278=CARTESIAN_POINT('',(1.034134743482E1,1.607023084827E1,-5.300076975988E0));
#279=CARTESIAN_POINT('',(1.031690480143E1,1.708850670370E1,-5.966280104626E0));
#280=CARTESIAN_POINT('',(1.029246178073E1,1.799289722023E1,-6.780427538034E0));
#281=CARTESIAN_POINT('',(1.026801959759E1,1.876207316196E1,-7.723310103197E0));
#282=CARTESIAN_POINT('',(1.025172474042E1,1.917266715527E1,-8.422941988734E0));
#283=CARTESIAN_POINT('',(1.024357734697E1,1.935E1,-8.786402226752E0));
#285=DIRECTION('',(-1.E0,0.E0,-5.014075403232E-14));
#286=VECTOR('',#285,1.417096231345E-1);
#287=CARTESIAN_POINT('',(1.038528697011E1,1.935E1,-8.786402226752E0));
#288=LINE('',#287,#286);
#289=CARTESIAN_POINT('',(1.042259855109E1,1.835109366149E1,-7.231872939565E0));
#290=CARTESIAN_POINT('',(1.041645727999E1,1.854474628926E1,-7.467294281128E0));
#291=CARTESIAN_POINT('',(1.040409741205E1,1.890722319387E1,-7.963562611728E0));
#292=CARTESIAN_POINT('',(1.039158289266E1,1.921296551606E1,-8.505537245270E0));
#293=CARTESIAN_POINT('',(1.038528697011E1,1.935E1,-8.786402226752E0));
#295=DIRECTION('',(1.E0,0.E0,-6.296370101485E-14));
#296=VECTOR('',#295,5.642479113422E-2);
#297=CARTESIAN_POINT('',(1.124357734697E1,1.935E1,-8.786402226752E0));
#298=LINE('',#297,#296);
#299=CARTESIAN_POINT('',(1.128088892796E1,1.835109366149E1,-7.231872939565E0));
#300=CARTESIAN_POINT('',(1.128407446298E1,1.825064422394E1,-7.109757677726E0));
#301=CARTESIAN_POINT('',(1.129044553303E1,1.804241064341E1,-6.871560572394E0));
#302=CARTESIAN_POINT('',(1.129681660308E1,1.782025817475E1,-6.646288812705E0));
#303=CARTESIAN_POINT('',(1.130000213811E1,1.770590238846E1,-6.537087252180E0));
#305=CARTESIAN_POINT('',(1.128088892796E1,1.835109366149E1,-7.231872939565E0));
#306=CARTESIAN_POINT('',(1.127467067659E1,1.854717370683E1,-7.470245265615E0));
#307=CARTESIAN_POINT('',(1.126223382840E1,1.891137218586E1,-7.970011641447E0));
#308=CARTESIAN_POINT('',(1.124979628927E1,1.921464103699E1,-8.508971382004E0));
#309=CARTESIAN_POINT('',(1.124357734697E1,1.935E1,-8.786402226752E0));
#311=CARTESIAN_POINT('',(4.000000000405E0,1.225E1,-1.225050384189E1));
#312=DIRECTION('',(1.E0,0.E0,0.E0));
#313=DIRECTION('',(0.E0,8.987341772152E-1,4.384938753339E-1));
#314=AXIS2_PLACEMENT_3D('',#311,#312,#313);
#316=DIRECTION('',(1.E0,0.E0,0.E0));
#317=VECTOR('',#316,5.E-1);
#318=CARTESIAN_POINT('',(3.500000000405E0,1.935E1,-1.571460545703E1));
#319=LINE('',#318,#317);
#320=CARTESIAN_POINT('',(3.500000000405E0,1.225E1,-1.225050384189E1));
#321=DIRECTION('',(-1.E0,0.E0,0.E0));
#322=DIRECTION('',(0.E0,8.987341772152E-1,-4.384938753339E-1));
#323=AXIS2_PLACEMENT_3D('',#320,#321,#322);
#325=DIRECTION('',(1.E0,0.E0,-1.421085471520E-14));
#326=VECTOR('',#325,5.E-1);
#327=CARTESIAN_POINT('',(3.500000000405E0,1.935E1,-8.786402226752E0));
#328=LINE('',#327,#326);
#329=CARTESIAN_POINT('',(4.800000000405E0,1.225E1,-1.225050384189E1));
#330=DIRECTION('',(1.E0,0.E0,0.E0));
#331=DIRECTION('',(0.E0,-9.966438403136E-1,8.185997535373E-2));
#332=AXIS2_PLACEMENT_3D('',#329,#330,#331);
#334=CARTESIAN_POINT('',(4.800000000405E0,4.376513661522E0,-1.160381003659E1));
#335=CARTESIAN_POINT('',(4.807407388741E0,4.346415242603E0,-1.197025778704E1));
#336=CARTESIAN_POINT('',(4.822222189516E0,4.337467258264E0,-1.270736116270E1));
#337=CARTESIAN_POINT('',(4.844444511827E0,4.478054552852E0,-1.380413216082E1));
#338=CARTESIAN_POINT('',(4.866666808776E0,4.769915386630E0,-1.487066139968E1));
#339=CARTESIAN_POINT('',(4.888888907349E0,5.207364110473E0,-1.588618311454E1));
#340=CARTESIAN_POINT('',(4.911110898729E0,5.781884567803E0,-1.683093706623E1));
#341=CARTESIAN_POINT('',(4.933333100721E0,6.482303698314E0,-1.768654809021E1));
#342=CARTESIAN_POINT('',(4.955555605517E0,7.294996292290E0,-1.843636213709E1));
#343=CARTESIAN_POINT('',(4.977778044489E0,8.204133210220E0,-1.906577008698E1));
#344=CARTESIAN_POINT('',(4.992592716164E0,8.862709727777E0,-1.939693306778E1));
#345=CARTESIAN_POINT('',(5.000000000405E0,9.201916558858E0,-1.953879495407E1));
#347=CARTESIAN_POINT('',(5.000000000405E0,1.225E1,-1.225050384189E1));
#348=DIRECTION('',(1.E0,0.E0,0.E0));
#349=DIRECTION('',(0.E0,-3.858333469800E-1,-9.225684952123E-1));
#350=AXIS2_PLACEMENT_3D('',#347,#348,#349);
#352=CARTESIAN_POINT('',(5.000000000405E0,1.599772211110E1,-1.920496852136E1));
#353=CARTESIAN_POINT('',(4.992592624021E0,1.567404798308E1,-1.937939469825E1));
#354=CARTESIAN_POINT('',(4.977777886486E0,1.500230864066E1,-1.968297819885E1));
#355=CARTESIAN_POINT('',(4.955556090903E0,1.394114322758E1,-1.999368924101E1));
#356=CARTESIAN_POINT('',(4.933333810959E0,1.284703935207E1,-2.015369537528E1));
#357=CARTESIAN_POINT('',(4.911111744455E0,1.174132501005E1,-2.015987397845E1));
#358=CARTESIAN_POINT('',(4.888889600216E0,1.064550764334E1,-2.001210766250E1));
#359=CARTESIAN_POINT('',(4.866667451150E0,9.580919344650E0,-1.971327139845E1));
#360=CARTESIAN_POINT('',(4.844445100514E0,8.568272202806E0,-1.926917783819E1));
#361=CARTESIAN_POINT('',(4.822222463428E0,7.627274731845E0,-1.868846283200E1));
#362=CARTESIAN_POINT('',(4.807407486023E0,7.059934751441E0,-1.821778263002E1));
#363=CARTESIAN_POINT('',(4.800000000405E0,6.794020871769E0,-1.796384714965E1));
#365=CARTESIAN_POINT('',(8.000000000405E0,1.225E1,-1.225050384189E1));
#366=DIRECTION('',(1.E0,0.E0,0.E0));
#367=DIRECTION('',(0.E0,-3.858333469799E-1,-9.225684952123E-1));
#368=AXIS2_PLACEMENT_3D('',#365,#366,#367);
#370=CARTESIAN_POINT('',(8.000000000405E0,9.201916558858E0,-1.953879495407E1));
#371=CARTESIAN_POINT('',(8.008026715811E0,9.569489424753E0,-1.969251998353E1));
#372=CARTESIAN_POINT('',(8.024080133981E0,1.032793379807E1,-1.994424865767E1));
#373=CARTESIAN_POINT('',(8.048160384934E0,1.150952497540E1,-2.014605560143E1));
#374=CARTESIAN_POINT('',(8.072240274715E0,1.270801597824E1,-2.016746420733E1));
#375=CARTESIAN_POINT('',(8.096320413465E0,1.389605451970E1,-2.000798665399E1));
#376=CARTESIAN_POINT('',(8.120400102856E0,1.504646304094E1,-1.967127379743E1));
#377=CARTESIAN_POINT('',(8.144480268737E0,1.613300147425E1,-1.916500681775E1));
#378=CARTESIAN_POINT('',(8.168560430775E0,1.713081949916E1,-1.850075451748E1));
#379=CARTESIAN_POINT('',(8.192639903095E0,1.801709573102E1,-1.769372109860E1));
#380=CARTESIAN_POINT('',(8.216719128688E0,1.877160741136E1,-1.676233871678E1));
#381=CARTESIAN_POINT('',(8.232772377185E0,1.917529450176E1,-1.607268070288E1));
#382=CARTESIAN_POINT('',(8.240799059633E0,1.935E1,-1.571460545703E1));
#384=DIRECTION('',(1.E0,0.E0,-5.014075403232E-14));
#385=VECTOR('',#384,1.417096231345E-1);
#386=CARTESIAN_POINT('',(8.099089436498E0,1.935E1,-1.571460545703E1));
#387=LINE('',#386,#385);
#388=CARTESIAN_POINT('',(8.099089436498E0,1.935E1,-1.571460545703E1));
#389=CARTESIAN_POINT('',(8.092483752707E0,1.920622337927E1,-1.600928907794E1));
#390=CARTESIAN_POINT('',(8.079272271706E0,1.888192843469E1,-1.658073457076E1));
#391=CARTESIAN_POINT('',(8.059454831370E0,1.829278965318E1,-1.737086313780E1));
#392=CARTESIAN_POINT('',(8.039636807937E0,1.761006114628E1,-1.808172601373E1));
#393=CARTESIAN_POINT('',(8.019818330373E0,1.684431092990E1,-1.870230339793E1));
#394=CARTESIAN_POINT('',(8.006606115692E0,1.628638418180E1,-1.904941014629E1));
#395=CARTESIAN_POINT('',(8.000000000405E0,1.599772211110E1,-1.920496852136E1));
#397=CARTESIAN_POINT('',(1.074374482468E1,1.935E1,-1.105467776758E1));
#398=CARTESIAN_POINT('',(1.073565335967E1,1.935E1,-1.094547016530E1));
#399=CARTESIAN_POINT('',(1.071666567033E1,1.935E1,-1.072734760264E1));
#400=CARTESIAN_POINT('',(1.068000570607E1,1.935E1,-1.040092334954E1));
#401=CARTESIAN_POINT('',(1.063548932751E1,1.935E1,-1.007553727341E1));
#402=CARTESIAN_POINT('',(1.058349576345E1,1.935E1,-9.751440500027E0));
#403=CARTESIAN_POINT('',(1.052438195236E1,1.935E1,-9.428548380149E0));
#404=CARTESIAN_POINT('',(1.045852814782E1,1.935E1,-9.106859474371E0));
#405=CARTESIAN_POINT('',(1.041036963949E1,1.935E1,-8.893110434421E0));
#406=CARTESIAN_POINT('',(1.038528697011E1,1.935E1,-8.786402226752E0));
#408=CARTESIAN_POINT('',(1.082674373953E1,1.781049042566E1,-7.676561753695E0));
#409=CARTESIAN_POINT('',(1.081982716329E1,1.800926539641E1,-7.918210270541E0));
#410=CARTESIAN_POINT('',(1.080599401081E1,1.837526480488E1,-8.427457869705E0));
#411=CARTESIAN_POINT('',(1.078524428210E1,1.882029810080E1,-9.256220403757E0));
#412=CARTESIAN_POINT('',(1.076449455339E1,1.915381079650E1,-1.013580624615E1));
#413=CARTESIAN_POINT('',(1.075066140091E1,1.929803163478E1,-1.074612504322E1));
#414=CARTESIAN_POINT('',(1.074374482468E1,1.935E1,-1.105467776758E1));
#416=DIRECTION('',(-5.E-1,6.688230508502E-1,5.501597283076E-1));
#417=VECTOR('',#416,8.082903768655E-1);
#418=CARTESIAN_POINT('',(1.082674373953E1,1.781049042566E1,-7.676561753695E0));
#419=LINE('',#418,#417);
#420=CARTESIAN_POINT('',(1.024079905963E1,1.935E1,-1.571460545703E1));
#421=CARTESIAN_POINT('',(1.026969986642E1,1.935E1,-1.560806680721E1));
#422=CARTESIAN_POINT('',(1.032566420693E1,1.935E1,-1.539460654772E1));
#423=CARTESIAN_POINT('',(1.040373360302E1,1.935E1,-1.507315261496E1));
#424=CARTESIAN_POINT('',(1.047553438116E1,1.935E1,-1.475037533580E1));
#425=CARTESIAN_POINT('',(1.054065419033E1,1.935E1,-1.442630475312E1));
#426=CARTESIAN_POINT('',(1.059870314913E1,1.935E1,-1.410088720189E1));
#427=CARTESIAN_POINT('',(1.064927220744E1,1.935E1,-1.377425649533E1));
#428=CARTESIAN_POINT('',(1.067775169371E1,1.935E1,-1.355577070446E1));
#429=CARTESIAN_POINT('',(1.069063158193E1,1.935E1,-1.344632991620E1));
#431=CARTESIAN_POINT('',(9.743744824677E0,1.935E1,-1.105467776758E1));
#432=CARTESIAN_POINT('',(9.735228926877E0,1.935E1,-1.093974174799E1));
#433=CARTESIAN_POINT('',(9.715239871918E0,1.935E1,-1.071220804891E1));
#434=CARTESIAN_POINT('',(9.677148453700E0,1.935E1,-1.037783866694E1));
#435=CARTESIAN_POINT('',(9.631721151882E0,1.935E1,-1.005042386893E1));
#436=CARTESIAN_POINT('',(9.579798603016E0,1.935E1,-9.730288872729E0));
#437=CARTESIAN_POINT('',(9.521646253817E0,1.935E1,-9.414796999851E0));
#438=CARTESIAN_POINT('',(9.457349893869E0,1.935E1,-9.101617927416E0));
#439=CARTESIAN_POINT('',(9.410000466418E0,1.935E1,-8.891539876020E0));
#440=CARTESIAN_POINT('',(9.385286970109E0,1.935E1,-8.786402226752E0));
#442=CARTESIAN_POINT('',(1.069063158193E1,1.935E1,-1.344632991620E1));
#443=CARTESIAN_POINT('',(1.068232555774E1,1.928759188309E1,-1.381686676902E1));
#444=CARTESIAN_POINT('',(1.066571350937E1,1.910464471920E1,-1.454814528337E1));
#445=CARTESIAN_POINT('',(1.064079543681E1,1.866254146603E1,-1.558886038059E1));
#446=CARTESIAN_POINT('',(1.061587736425E1,1.806357140276E1,-1.654790992079E1));
#447=CARTESIAN_POINT('',(1.059095929169E1,1.732238665355E1,-1.740183429803E1));
#448=CARTESIAN_POINT('',(1.056604121913E1,1.645711852271E1,-1.812974405143E1));
#449=CARTESIAN_POINT('',(1.054112314657E1,1.548893364064E1,-1.871383275331E1));
#450=CARTESIAN_POINT('',(1.051620507401E1,1.444151625945E1,-1.913981209585E1));
#451=CARTESIAN_POINT('',(1.049128700146E1,1.334048885354E1,-1.939726155412E1));
#452=CARTESIAN_POINT('',(1.046636892890E1,1.221278533523E1,-1.947988326234E1));
#453=CARTESIAN_POINT('',(1.044145085634E1,1.108599218164E1,-1.938565608519E1));
#454=CARTESIAN_POINT('',(1.041653278378E1,9.987673600115E0,-1.911688505739E1));
#455=CARTESIAN_POINT('',(1.039161471122E1,8.944697238036E0,-1.868014499735E1));
#456=CARTESIAN_POINT('',(1.036669663866E1,7.982576932269E0,-1.808611967034E1));
#457=CARTESIAN_POINT('',(1.034177856610E1,7.124848576263E0,-1.734934043665E1));
#458=CARTESIAN_POINT('',(1.031686049354E1,6.392494372631E0,-1.648783077778E1));
#459=CARTESIAN_POINT('',(1.029194242098E1,5.803429555467E0,-1.552266539657E1));
#460=CARTESIAN_POINT('',(1.026702434842E1,5.372064138454E0,-1.447745467671E1));
#461=CARTESIAN_POINT('',(1.024210627586E1,5.108950409524E0,-1.337776711311E1));
#462=CARTESIAN_POINT('',(1.021718820330E1,5.020524795238E0,-1.225050384189E1));
#463=CARTESIAN_POINT('',(1.019227013074E1,5.108950409524E0,-1.112324057067E1));
#464=CARTESIAN_POINT('',(1.016735205818E1,5.372064138454E0,-1.002355300706E1));
#465=CARTESIAN_POINT('',(1.014243398563E1,5.803429555467E0,-8.978342287207E0));
#466=CARTESIAN_POINT('',(1.011751591307E1,6.392494372631E0,-8.013176906E0));
#467=CARTESIAN_POINT('',(1.009259784051E1,7.124848576263E0,-7.151667247132E0));
#468=CARTESIAN_POINT('',(1.006767976795E1,7.982576932269E0,-6.414888013438E0));
#469=CARTESIAN_POINT('',(1.004276169539E1,8.944697238036E0,-5.820862686426E0));
#470=CARTESIAN_POINT('',(1.001784362283E1,9.987673600115E0,-5.384122626385E0));
#471=CARTESIAN_POINT('',(9.992925550270E0,1.108599218164E1,-5.115351598586E0));
#472=CARTESIAN_POINT('',(9.968007477710E0,1.221278533523E1,-5.021124421443E0));
#473=CARTESIAN_POINT('',(9.943089405151E0,1.334048885354E1,-5.103746129655E0));
#474=CARTESIAN_POINT('',(9.918171332592E0,1.444151625945E1,-5.361195587931E0));
#475=CARTESIAN_POINT('',(9.893253260032E0,1.548893364064E1,-5.787174930468E0));
#476=CARTESIAN_POINT('',(9.868335187473E0,1.645711852271E1,-6.371263632348E0));
#477=CARTESIAN_POINT('',(9.843417114914E0,1.732238665355E1,-7.099173385753E0));
#478=CARTESIAN_POINT('',(9.818499042355E0,1.806357140276E1,-7.953097762989E0));
#479=CARTESIAN_POINT('',(9.793580969795E0,1.866254146603E1,-8.912147303190E0));
#480=CARTESIAN_POINT('',(9.768662897236E0,1.910464471920E1,-9.952862400410E0));
#481=CARTESIAN_POINT('',(9.752050848863E0,1.928759188309E1,-1.068414091476E1));
#482=CARTESIAN_POINT('',(9.743744824677E0,1.935E1,-1.105467776758E1));
#484=CARTESIAN_POINT('',(9.240799059633E0,1.935E1,-1.571460545703E1));
#485=CARTESIAN_POINT('',(9.278269078971E0,1.935E1,-1.557647764287E1));
#486=CARTESIAN_POINT('',(9.351950885497E0,1.935E1,-1.529301912994E1));
#487=CARTESIAN_POINT('',(9.457540237024E0,1.935E1,-1.483962726517E1));
#488=CARTESIAN_POINT('',(9.551622975515E0,1.935E1,-1.437508065817E1));
#489=CARTESIAN_POINT('',(9.631318855466E0,1.935E1,-1.390510395532E1));
#490=CARTESIAN_POINT('',(9.672700723745E0,1.935E1,-1.359868894455E1));
#491=CARTESIAN_POINT('',(9.690631581930E0,1.935E1,-1.344632991620E1));
#493=CARTESIAN_POINT('',(8.743744824677E0,1.935E1,-1.105467776758E1));
#494=CARTESIAN_POINT('',(8.735653359675E0,1.935E1,-1.094547016530E1));
#495=CARTESIAN_POINT('',(8.716665670335E0,1.935E1,-1.072734760264E1));
#496=CARTESIAN_POINT('',(8.680005706074E0,1.935E1,-1.040092334954E1));
#497=CARTESIAN_POINT('',(8.635489327512E0,1.935E1,-1.007553727341E1));
#498=CARTESIAN_POINT('',(8.583495763446E0,1.935E1,-9.751440500027E0));
#499=CARTESIAN_POINT('',(8.524381952362E0,1.935E1,-9.428548380149E0));
#500=CARTESIAN_POINT('',(8.458528147820E0,1.935E1,-9.106859474371E0));
#501=CARTESIAN_POINT('',(8.410369639493E0,1.935E1,-8.893110434421E0));
#502=CARTESIAN_POINT('',(8.385286970109E0,1.935E1,-8.786402226752E0));
#504=CARTESIAN_POINT('',(9.690631581930E0,1.935E1,-1.344632991620E1));
#505=CARTESIAN_POINT('',(9.682325557744E0,1.928759188309E1,-1.381686676902E1));
#506=CARTESIAN_POINT('',(9.665713509371E0,1.910464471920E1,-1.454814528337E1));
#507=CARTESIAN_POINT('',(9.640795436811E0,1.866254146603E1,-1.558886038059E1));
#508=CARTESIAN_POINT('',(9.615877364252E0,1.806357140276E1,-1.654790992079E1));
#509=CARTESIAN_POINT('',(9.590959291693E0,1.732238665355E1,-1.740183429803E1));
#510=CARTESIAN_POINT('',(9.566041219134E0,1.645711852271E1,-1.812974405143E1));
#511=CARTESIAN_POINT('',(9.541123146574E0,1.548893364064E1,-1.871383275331E1));
#512=CARTESIAN_POINT('',(9.516205074015E0,1.444151625945E1,-1.913981209585E1));
#513=CARTESIAN_POINT('',(9.491287001456E0,1.334048885354E1,-1.939726155412E1));
#514=CARTESIAN_POINT('',(9.466368928896E0,1.221278533523E1,-1.947988326234E1));
#515=CARTESIAN_POINT('',(9.441450856337E0,1.108599218164E1,-1.938565608519E1));
#516=CARTESIAN_POINT('',(9.416532783778E0,9.987673600115E0,-1.911688505739E1));
#517=CARTESIAN_POINT('',(9.391614711218E0,8.944697238036E0,-1.868014499735E1));
#518=CARTESIAN_POINT('',(9.366696638659E0,7.982576932269E0,-1.808611967034E1));
#519=CARTESIAN_POINT('',(9.341778566100E0,7.124848576263E0,-1.734934043665E1));
#520=CARTESIAN_POINT('',(9.316860493541E0,6.392494372631E0,-1.648783077778E1));
#521=CARTESIAN_POINT('',(9.291942420981E0,5.803429555467E0,-1.552266539657E1));
#522=CARTESIAN_POINT('',(9.267024348422E0,5.372064138454E0,-1.447745467671E1));
#523=CARTESIAN_POINT('',(9.242106275863E0,5.108950409524E0,-1.337776711311E1));
#524=CARTESIAN_POINT('',(9.217188203303E0,5.020524795238E0,-1.225050384189E1));
#525=CARTESIAN_POINT('',(9.192270130744E0,5.108950409524E0,-1.112324057067E1));
#526=CARTESIAN_POINT('',(9.167352058185E0,5.372064138454E0,-1.002355300706E1));
#527=CARTESIAN_POINT('',(9.142433985625E0,5.803429555467E0,-8.978342287207E0));
#528=CARTESIAN_POINT('',(9.117515913066E0,6.392494372631E0,-8.013176906E0));
#529=CARTESIAN_POINT('',(9.092597840507E0,7.124848576263E0,-7.151667247132E0));
#530=CARTESIAN_POINT('',(9.067679767948E0,7.982576932269E0,-6.414888013438E0));
#531=CARTESIAN_POINT('',(9.042761695388E0,8.944697238036E0,-5.820862686426E0));
#532=CARTESIAN_POINT('',(9.017843622829E0,9.987673600115E0,-5.384122626385E0));
#533=CARTESIAN_POINT('',(8.992925550270E0,1.108599218164E1,-5.115351598586E0));
#534=CARTESIAN_POINT('',(8.968007477710E0,1.221278533523E1,-5.021124421443E0));
#535=CARTESIAN_POINT('',(8.943089405151E0,1.334048885354E1,-5.103746129655E0));
#536=CARTESIAN_POINT('',(8.918171332592E0,1.444151625945E1,-5.361195587931E0));
#537=CARTESIAN_POINT('',(8.893253260032E0,1.548893364064E1,-5.787174930468E0));
#538=CARTESIAN_POINT('',(8.868335187473E0,1.645711852271E1,-6.371263632348E0));
#539=CARTESIAN_POINT('',(8.843417114914E0,1.732238665355E1,-7.099173385753E0));
#540=CARTESIAN_POINT('',(8.818499042355E0,1.806357140276E1,-7.953097762989E0));
#541=CARTESIAN_POINT('',(8.793580969795E0,1.866254146603E1,-8.912147303190E0));
#542=CARTESIAN_POINT('',(8.768662897236E0,1.910464471920E1,-9.952862400410E0));
#543=CARTESIAN_POINT('',(8.752050848863E0,1.928759188309E1,-1.068414091476E1));
#544=CARTESIAN_POINT('',(8.743744824677E0,1.935E1,-1.105467776758E1));
#546=CARTESIAN_POINT('',(8.000000000405E0,9.201916558858E0,-1.953879495407E1));
#547=CARTESIAN_POINT('',(8.000000000405E0,8.870511374304E0,-1.938640787794E1));
#548=CARTESIAN_POINT('',(8.000000000405E0,8.234594045791E0,-1.903852118614E1));
#549=CARTESIAN_POINT('',(8.000000000405E0,7.362245475104E0,-1.839231133197E1));
#550=CARTESIAN_POINT('',(8.000000000405E0,6.566851812559E0,-1.761125567980E1));
#551=CARTESIAN_POINT('',(8.000000000405E0,5.850786627920E0,-1.666694440614E1));
#552=CARTESIAN_POINT('',(8.000000000405E0,5.241685333057E0,-1.552713797084E1));
#553=CARTESIAN_POINT('',(8.000000000405E0,4.808812697435E0,-1.419271250028E1));
#554=CARTESIAN_POINT('',(8.000000000405E0,4.631848382614E0,-1.279601999367E1));
#555=CARTESIAN_POINT('',(8.000000000405E0,4.706848837941E0,-1.143662660132E1));
#556=CARTESIAN_POINT('',(8.000000000405E0,5.019900141657E0,-1.012272674439E1));
#557=CARTESIAN_POINT('',(8.000000000405E0,5.549270826468E0,-8.907127098178E0));
#558=CARTESIAN_POINT('',(8.000000000405E0,6.301375471572E0,-7.783075718733E0));
#559=CARTESIAN_POINT('',(8.000000000405E0,7.230065385614E0,-6.829140744580E0));
#560=CARTESIAN_POINT('',(8.000000000405E0,8.307790329098E0,-6.059284901274E0));
#561=CARTESIAN_POINT('',(8.000000000405E0,9.510781122155E0,-5.496081270386E0));
#562=CARTESIAN_POINT('',(8.000000000405E0,1.034602465404E1,-5.275870774193E0));
#563=CARTESIAN_POINT('',(8.000000000405E0,1.077612198550E1,-5.202973522808E0));
#565=CARTESIAN_POINT('',(8.690631581930E0,1.935E1,-1.344632991620E1));
#566=CARTESIAN_POINT('',(8.682409777388E0,1.928822467554E1,-1.381310967883E1));
#567=CARTESIAN_POINT('',(8.665966168304E0,1.910771829226E1,-1.453707216634E1));
#568=CARTESIAN_POINT('',(8.641300754678E0,1.867257900202E1,-1.556821023862E1));
#569=CARTESIAN_POINT('',(8.616635341052E0,1.808349096169E1,-1.651982217837E1));
#570=CARTESIAN_POINT('',(8.591969927426E0,1.735457439508E1,-1.736909900573E1));
#571=CARTESIAN_POINT('',(8.567304513800E0,1.650330144597E1,-1.809568329999E1));
#572=CARTESIAN_POINT('',(8.542639100175E0,1.555007707097E1,-1.868215895167E1));
#573=CARTESIAN_POINT('',(8.517973686549E0,1.451775001429E1,-1.911446814735E1));
#574=CARTESIAN_POINT('',(8.493308272923E0,1.343106510294E1,-1.938224846294E1));
#575=CARTESIAN_POINT('',(8.468642859297E0,1.231607012015E1,-1.947908121614E1));
#576=CARTESIAN_POINT('',(8.443977445671E0,1.119949143988E1,-1.940264533110E1));
#577=CARTESIAN_POINT('',(8.419312032045E0,1.010809339728E1,-1.915477297205E1));
#578=CARTESIAN_POINT('',(8.394646618419E0,9.068036748879E0,-1.874140562709E1));
#579=CARTESIAN_POINT('',(8.369981204793E0,8.104251600553E0,-1.817245169079E1));
#580=CARTESIAN_POINT('',(8.345315791167E0,7.239839834129E0,-1.746154896057E1));
#581=CARTESIAN_POINT('',(8.320650377541E0,6.495521356440E0,-1.662573773934E1));
#582=CARTESIAN_POINT('',(8.295984963915E0,5.889137444187E0,-1.568505238029E1));
#583=CARTESIAN_POINT('',(8.271319550290E0,5.435223089439E0,-1.466204106446E1));
#584=CARTESIAN_POINT('',(8.246654136664E0,5.144658596582E0,-1.358122532195E1));
#585=CARTESIAN_POINT('',(8.221988723038E0,5.024408782014E0,-1.246851225207E1));
#586=CARTESIAN_POINT('',(8.197323309412E0,5.077356027670E0,-1.135057353153E1));
#587=CARTESIAN_POINT('',(8.172657895786E0,5.302231191127E0,-1.025420609546E1));
#588=CARTESIAN_POINT('',(8.147992482160E0,5.693644024434E0,-9.205689816846E0));
#589=CARTESIAN_POINT('',(8.123327068534E0,6.242212387227E0,-8.230157577271E0));
#590=CARTESIAN_POINT('',(8.098661654908E0,6.934787102058E0,-7.350992840192E0));
#591=CARTESIAN_POINT('',(8.073996241282E0,7.754767266794E0,-6.589269123856E0));
#592=CARTESIAN_POINT('',(8.049330827656E0,8.682497702442E0,-5.963244969453E0));
#593=CARTESIAN_POINT('',(8.024665414030E0,9.695741859404E0,-5.487925914084E0));
#594=CARTESIAN_POINT('',(8.008221804946E0,1.041205276049E1,-5.279112766231E0));
#595=CARTESIAN_POINT('',(8.000000000405E0,1.077612198550E1,-5.202973522808E0));
#597=CARTESIAN_POINT('',(8.240799059633E0,1.935E1,-1.571460545703E1));
#598=CARTESIAN_POINT('',(8.269699866421E0,1.935E1,-1.560806680721E1));
#599=CARTESIAN_POINT('',(8.325664206929E0,1.935E1,-1.539460654772E1));
#600=CARTESIAN_POINT('',(8.403733603017E0,1.935E1,-1.507315261496E1));
#601=CARTESIAN_POINT('',(8.475534381161E0,1.935E1,-1.475037533580E1));
#602=CARTESIAN_POINT('',(8.540654190326E0,1.935E1,-1.442630475312E1));
#603=CARTESIAN_POINT('',(8.598703149135E0,1.935E1,-1.410088720189E1));
#604=CARTESIAN_POINT('',(8.649272207441E0,1.935E1,-1.377425649533E1));
#605=CARTESIAN_POINT('',(8.677751693713E0,1.935E1,-1.355577070446E1));
#606=CARTESIAN_POINT('',(8.690631581930E0,1.935E1,-1.344632991620E1));
#608=DIRECTION('',(1.E0,0.E0,0.E0));
#609=VECTOR('',#608,5.E-1);
#610=CARTESIAN_POINT('',(3.500000000405E0,1.935E1,-1.286739748997E1));
#611=LINE('',#610,#609);
#612=DIRECTION('',(0.E0,0.E0,1.E0));
#613=VECTOR('',#612,2.847207967057E0);
#614=CARTESIAN_POINT('',(4.000000000405E0,1.935E1,-1.571460545703E1));
#615=LINE('',#614,#613);
#616=DIRECTION('',(0.E0,0.E0,1.E0));
#617=VECTOR('',#616,2.847207967057E0);
#618=CARTESIAN_POINT('',(4.000000000405E0,1.935E1,-1.163361019381E1));
#619=LINE('',#618,#617);
#620=DIRECTION('',(1.E0,0.E0,0.E0));
#621=VECTOR('',#620,5.E-1);
#622=CARTESIAN_POINT('',(3.500000000405E0,1.935E1,-1.163361019381E1));
#623=LINE('',#622,#621);
#624=DIRECTION('',(0.E0,0.E0,-1.E0));
#625=VECTOR('',#624,3.051237241868E0);
#626=CARTESIAN_POINT('',(4.800000000405E0,1.935E1,-1.100241915069E1));
#627=LINE('',#626,#625);
#628=DIRECTION('',(0.E0,0.E0,-1.E0));
#629=VECTOR('',#628,5.468114083974E0);
#630=CARTESIAN_POINT('',(5.000000000405E0,1.935E1,-9.798233821019E0));
#631=LINE('',#630,#629);
#632=DIRECTION('',(0.E0,0.E0,-1.E0));
#633=VECTOR('',#632,5.468114083974E0);
#634=CARTESIAN_POINT('',(8.000000000405E0,1.935E1,-9.798233821019E0));
#635=LINE('',#634,#633);
#636=CARTESIAN_POINT('',(4.000000000405E0,1.225E1,-1.225050384189E1));
#637=DIRECTION('',(1.E0,0.E0,0.E0));
#638=DIRECTION('',(0.E0,9.962466123329E-1,-8.656031085490E-2));
#639=AXIS2_PLACEMENT_3D('',#636,#637,#638);
#641=CARTESIAN_POINT('',(3.500000000405E0,1.225E1,-1.225050384189E1));
#642=DIRECTION('',(-1.E0,0.E0,0.E0));
#643=DIRECTION('',(0.E0,9.962466123329E-1,8.656031085490E-2));
#644=AXIS2_PLACEMENT_3D('',#641,#642,#643);
#646=DIRECTION('',(0.E0,1.E0,-3.992206936752E-12));
#647=VECTOR('',#646,2.693096811063E1);
#648=CARTESIAN_POINT('',(4.000000000405E0,2.446638244326E1,-1.330050384189E1));
#649=LINE('',#648,#647);
#650=CARTESIAN_POINT('',(4.000000000405E0,5.139735055390E1,-1.590050384189E1));
#651=DIRECTION('',(-1.E0,0.E0,0.E0));
#652=DIRECTION('',(0.E0,0.E0,1.E0));
#653=AXIS2_PLACEMENT_3D('',#650,#651,#652);
#655=CARTESIAN_POINT('',(4.000000000405E0,6.225E1,-1.225050384189E1));
#656=DIRECTION('',(-1.E0,0.E0,0.E0));
#657=DIRECTION('',(0.E0,-9.679455006443E-1,-2.511603228665E-1));
#658=AXIS2_PLACEMENT_3D('',#655,#656,#657);
#660=CARTESIAN_POINT('',(4.000000000405E0,6.225E1,-1.225050384189E1));
#661=DIRECTION('',(-1.E0,0.E0,0.E0));
#662=DIRECTION('',(0.E0,-1.E0,0.E0));
#663=AXIS2_PLACEMENT_3D('',#660,#661,#662);
#665=CARTESIAN_POINT('',(4.000000000405E0,5.139735055390E1,-8.600503841889E0));
#666=DIRECTION('',(-1.E0,0.E0,0.E0));
#667=DIRECTION('',(0.E0,8.421296982063E-1,-5.392750424403E-1));
#668=AXIS2_PLACEMENT_3D('',#665,#666,#667);
#670=DIRECTION('',(0.E0,-1.E0,-3.315592996113E-12));
#671=VECTOR('',#670,2.693096811063E1);
#672=CARTESIAN_POINT('',(4.000000000405E0,5.139735055389E1,-1.120050384180E1));
#673=LINE('',#672,#671);
#674=CARTESIAN_POINT('',(4.000000000405E0,2.446638244326E1,-8.600503841889E0));
#675=DIRECTION('',(-1.E0,0.E0,0.E0));
#676=DIRECTION('',(0.E0,0.E0,-1.E0));
#677=AXIS2_PLACEMENT_3D('',#674,#675,#676);
#679=CARTESIAN_POINT('',(4.000000000405E0,1.225E1,-1.225050384189E1));
#680=DIRECTION('',(1.E0,0.E0,0.E0));
#681=DIRECTION('',(0.E0,9.581476426087E-1,2.862745098039E-1));
#682=AXIS2_PLACEMENT_3D('',#679,#680,#681);
#684=CARTESIAN_POINT('',(4.000000000405E0,2.446638244326E1,-1.590050384189E1));
#685=DIRECTION('',(-1.E0,0.E0,0.E0));
#686=DIRECTION('',(0.E0,-9.581476426087E-1,2.862745098039E-1));
#687=AXIS2_PLACEMENT_3D('',#684,#685,#686);
#689=CARTESIAN_POINT('',(4.100000000405E0,2.446638244326E1,-1.330050384189E1));
#690=DIRECTION('',(0.E0,1.E0,0.E0));
#691=DIRECTION('',(0.E0,0.E0,-1.E0));
#692=AXIS2_PLACEMENT_3D('',#689,#690,#691);
#694=CARTESIAN_POINT('',(4.100000000405E0,2.197519857248E1,-1.515619011640E1));
#695=DIRECTION('',(0.E0,2.862745098039E-1,9.581476426087E-1));
#696=DIRECTION('',(0.E0,9.581476426087E-1,-2.862745098039E-1));
#697=AXIS2_PLACEMENT_3D('',#694,#695,#696);
#699=CARTESIAN_POINT('',(4.100000000405E0,2.446638244326E1,-1.590050384189E1));
#700=DIRECTION('',(-1.E0,0.E0,0.E0));
#701=DIRECTION('',(0.E0,-9.581476426087E-1,2.862745098039E-1));
#702=AXIS2_PLACEMENT_3D('',#699,#700,#701);
#704=CARTESIAN_POINT('',(4.800000000405E0,2.446638244326E1,-1.590050384189E1));
#705=DIRECTION('',(-1.E0,0.E0,0.E0));
#706=DIRECTION('',(0.E0,-9.581476426087E-1,2.862745098039E-1));
#707=AXIS2_PLACEMENT_3D('',#704,#705,#706);
#709=CARTESIAN_POINT('',(4.100000000405E0,1.225E1,-1.225050384189E1));
#710=DIRECTION('',(1.E0,0.E0,0.E0));
#711=DIRECTION('',(0.E0,9.581476426087E-1,2.862745098039E-1));
#712=AXIS2_PLACEMENT_3D('',#709,#710,#711);
#714=DIRECTION('',(-1.E0,6.202023022135E-12,-2.075292318945E-11));
#715=VECTOR('',#714,7.E-1);
#716=CARTESIAN_POINT('',(4.800000000405E0,2.207101333674E1,-9.316190116399E0));
#717=LINE('',#716,#715);
#718=DIRECTION('',(-1.E0,6.841511484319E-12,2.288708904936E-11));
#719=VECTOR('',#718,7.E-1);
#720=CARTESIAN_POINT('',(4.800000000405E0,2.207101333674E1,-1.518481756738E1));
#721=LINE('',#720,#719);
#722=CARTESIAN_POINT('',(4.100000000405E0,2.197519857248E1,-9.344817567380E0));
#723=DIRECTION('',(0.E0,-2.862745098039E-1,9.581476426087E-1));
#724=DIRECTION('',(0.E0,9.581476426087E-1,2.862745098039E-1));
#725=AXIS2_PLACEMENT_3D('',#722,#723,#724);
#727=CARTESIAN_POINT('',(4.100000000405E0,2.446638244326E1,-1.120050384189E1));
#728=DIRECTION('',(0.E0,-1.E0,0.E0));
#729=DIRECTION('',(0.E0,0.E0,1.E0));
#730=AXIS2_PLACEMENT_3D('',#727,#728,#729);
#732=CARTESIAN_POINT('',(4.100000000405E0,2.446638244326E1,-8.600503841889E0));
#733=DIRECTION('',(-1.E0,0.E0,0.E0));
#734=DIRECTION('',(0.E0,0.E0,-1.E0));
#735=AXIS2_PLACEMENT_3D('',#732,#733,#734);
#737=CARTESIAN_POINT('',(4.800000000405E0,2.446638244326E1,-8.600503841889E0));
#738=DIRECTION('',(-1.E0,0.E0,0.E0));
#739=DIRECTION('',(0.E0,0.E0,-1.E0));
#740=AXIS2_PLACEMENT_3D('',#737,#738,#739);
#742=DIRECTION('',(0.E0,-1.E0,0.E0));
#743=VECTOR('',#742,2.693096810940E1);
#744=CARTESIAN_POINT('',(4.100000000405E0,5.139735055266E1,-1.110050384189E1));
#745=LINE('',#744,#743);
#746=DIRECTION('',(-1.E0,-1.760186916856E-9,0.E0));
#747=VECTOR('',#746,7.E-1);
#748=CARTESIAN_POINT('',(4.800000000405E0,5.139735055390E1,-1.110050384189E1));
#749=LINE('',#748,#747);
#750=DIRECTION('',(-1.E0,1.015061051086E-14,0.E0));
#751=VECTOR('',#750,7.E-1);
#752=CARTESIAN_POINT('',(4.800000000405E0,2.446638244326E1,-1.110050384189E1));
#753=LINE('',#752,#751);
#754=CARTESIAN_POINT('',(4.100000000405E0,5.139735055390E1,-1.120050384189E1));
#755=DIRECTION('',(0.E0,-1.E0,0.E0));
#756=DIRECTION('',(0.E0,0.E0,1.E0));
#757=AXIS2_PLACEMENT_3D('',#754,#755,#756);
#759=CARTESIAN_POINT('',(4.000000000405E0,5.358688776926E1,-1.000261895215E1));
#760=CARTESIAN_POINT('',(4.000000000415E0,5.359833517343E1,-9.958501858969E0));
#761=CARTESIAN_POINT('',(4.005900548318E0,5.362278125518E1,-9.867062532619E0));
#762=CARTESIAN_POINT('',(4.027933284889E0,5.366450066366E1,-9.720684320716E0));
#763=CARTESIAN_POINT('',(4.060268292559E0,5.371200772673E1,-9.564494302734E0));
#764=CARTESIAN_POINT('',(4.086440555558E0,5.374781698411E1,-9.454260498901E0));
#765=CARTESIAN_POINT('',(4.100000000405E0,5.376692466877E1,-9.397447073330E0));
#767=CARTESIAN_POINT('',(4.100000000405E0,5.139735055390E1,-8.600503841889E0));
#768=DIRECTION('',(-1.E0,0.E0,0.E0));
#769=DIRECTION('',(0.E0,9.478296459479E-1,-3.187772925764E-1));
#770=AXIS2_PLACEMENT_3D('',#767,#768,#769);
#772=CARTESIAN_POINT('',(4.800000000405E0,5.139735055390E1,-8.600503841889E0));
#773=DIRECTION('',(-1.E0,0.E0,0.E0));
#774=DIRECTION('',(0.E0,9.478296459479E-1,-3.187772925764E-1));
#775=AXIS2_PLACEMENT_3D('',#772,#773,#774);
#777=DIRECTION('',(-1.E0,0.E0,0.E0));
#778=VECTOR('',#777,7.E-1);
#779=CARTESIAN_POINT('',(4.800000000405E0,5.376692466877E1,-9.397447073330E0));
#780=LINE('',#779,#778);
#781=CARTESIAN_POINT('',(3.600000000405E0,6.225E1,-1.225050384189E1));
#782=DIRECTION('',(-1.E0,0.E0,0.E0));
#783=DIRECTION('',(0.E0,-1.E0,0.E0));
#784=AXIS2_PLACEMENT_3D('',#781,#782,#783);
#786=CARTESIAN_POINT('',(4.800000000405E0,6.225E1,-1.225050384189E1));
#787=DIRECTION('',(-1.E0,0.E0,0.E0));
#788=DIRECTION('',(0.E0,-9.478296459479E-1,3.187772925764E-1));
#789=AXIS2_PLACEMENT_3D('',#786,#787,#788);
#791=DIRECTION('',(1.E0,0.E0,0.E0));
#792=VECTOR('',#791,7.E-1);
#793=CARTESIAN_POINT('',(4.100000000405E0,5.376692466877E1,-1.510356061045E1));
#794=LINE('',#793,#792);
#795=CARTESIAN_POINT('',(4.800000000405E0,6.225E1,-1.225050384189E1));
#796=DIRECTION('',(1.E0,0.E0,0.E0));
#797=DIRECTION('',(0.E0,-9.478296459479E-1,-3.187772925764E-1));
#798=AXIS2_PLACEMENT_3D('',#795,#796,#797);
#800=DIRECTION('',(-1.E0,-1.974598262482E-10,-8.868520731725E-10));
#801=VECTOR('',#800,1.200000000118E0);
#802=CARTESIAN_POINT('',(4.800000000405E0,7.12E1,-1.225050384189E1));
#803=LINE('',#802,#801);
#804=CARTESIAN_POINT('',(3.600000000405E0,6.225E1,-1.225050384189E1));
#805=DIRECTION('',(-1.E0,0.E0,0.E0));
#806=DIRECTION('',(0.E0,1.E0,0.E0));
#807=AXIS2_PLACEMENT_3D('',#804,#805,#806);
#809=DIRECTION('',(-1.E0,5.923794786277E-10,2.660538455424E-9));
#810=VECTOR('',#809,4.000000001185E-1);
#811=CARTESIAN_POINT('',(4.000000000405E0,5.33E1,-1.225050384189E1));
#812=LINE('',#811,#810);
#813=CARTESIAN_POINT('',(4.100000000405E0,5.139735055390E1,-1.330050384189E1));
#814=DIRECTION('',(0.E0,1.E0,0.E0));
#815=DIRECTION('',(1.776356839400E-14,0.E0,-1.E0));
#816=AXIS2_PLACEMENT_3D('',#813,#814,#815);
#818=CARTESIAN_POINT('',(4.100000000405E0,5.376692466877E1,-1.510356061045E1));
#819=CARTESIAN_POINT('',(4.086406504977E0,5.374776900074E1,-1.504660451457E1));
#820=CARTESIAN_POINT('',(4.060183459691E0,5.371189291656E1,-1.493615440272E1));
#821=CARTESIAN_POINT('',(4.027832518053E0,5.366433987549E1,-1.477977785136E1));
#822=CARTESIAN_POINT('',(4.005863962950E0,5.362267794551E1,-1.463356516953E1));
#823=CARTESIAN_POINT('',(4.000000000408E0,5.359829544425E1,-1.454235271269E1));
#824=CARTESIAN_POINT('',(4.000000000405E0,5.358688776924E1,-1.449838873157E1));
#826=CARTESIAN_POINT('',(4.100000000405E0,5.139735055390E1,-1.590050384189E1));
#827=DIRECTION('',(-1.E0,0.E0,0.E0));
#828=DIRECTION('',(0.E0,0.E0,1.E0));
#829=AXIS2_PLACEMENT_3D('',#826,#827,#828);
#831=CARTESIAN_POINT('',(4.800000000405E0,5.139735055390E1,-1.590050384189E1));
#832=DIRECTION('',(-1.E0,0.E0,0.E0));
#833=DIRECTION('',(0.E0,0.E0,1.E0));
#834=AXIS2_PLACEMENT_3D('',#831,#832,#833);
#836=DIRECTION('',(0.E0,1.E0,0.E0));
#837=VECTOR('',#836,2.693096810980E1);
#838=CARTESIAN_POINT('',(4.100000000405E0,2.446638244326E1,-1.340050384189E1));
#839=LINE('',#838,#837);
#840=DIRECTION('',(-1.E0,0.E0,0.E0));
#841=VECTOR('',#840,7.E-1);
#842=CARTESIAN_POINT('',(4.800000000405E0,2.446638244326E1,-1.340050384189E1));
#843=LINE('',#842,#841);
#844=DIRECTION('',(0.E0,1.E0,0.E0));
#845=VECTOR('',#844,2.693096811064E1);
#846=CARTESIAN_POINT('',(4.800000000405E0,2.446638244326E1,-1.340050384189E1));
#847=LINE('',#846,#845);
#848=DIRECTION('',(1.E0,1.201588669833E-9,0.E0));
#849=VECTOR('',#848,7.E-1);
#850=CARTESIAN_POINT('',(4.100000000405E0,5.139735055306E1,-1.340050384189E1));
#851=LINE('',#850,#849);
#852=DIRECTION('',(4.472135955E-1,8.944271909999E-1,1.754853742171E-10));
#853=VECTOR('',#852,1.118033988799E0);
#854=CARTESIAN_POINT('',(3.100000000264E0,7.019999999972E1,-1.225050384315E1));
#855=LINE('',#854,#853);
#856=CARTESIAN_POINT('',(3.100000000405E0,6.225E1,-1.225050384189E1));
#857=DIRECTION('',(-1.E0,0.E0,0.E0));
#858=DIRECTION('',(0.E0,-1.E0,0.E0));
#859=AXIS2_PLACEMENT_3D('',#856,#857,#858);
#861=CARTESIAN_POINT('',(3.100000000405E0,6.225E1,-1.225050384189E1));
#862=DIRECTION('',(-1.E0,0.E0,0.E0));
#863=DIRECTION('',(0.E0,1.E0,0.E0));
#864=AXIS2_PLACEMENT_3D('',#861,#862,#863);
#866=DIRECTION('',(0.E0,1.E0,0.E0));
#867=VECTOR('',#866,1.59287718E0);
#868=CARTESIAN_POINT('',(3.100000000405E0,6.114970122E1,-7.994325261889E0));
#869=LINE('',#868,#867);
#870=CARTESIAN_POINT('',(3.100000000405E0,6.27425784E1,-8.631062631889E0));
#871=DIRECTION('',(-1.E0,0.E0,0.E0));
#872=DIRECTION('',(0.E0,0.E0,1.E0));
#873=AXIS2_PLACEMENT_3D('',#870,#871,#872);
#875=CARTESIAN_POINT('',(3.100000000405E0,6.27425784E1,-9.484537371889E0));
#876=DIRECTION('',(-1.E0,0.E0,0.E0));
#877=DIRECTION('',(0.E0,7.421862385886E-1,6.701936938302E-1));
#878=AXIS2_PLACEMENT_3D('',#875,#876,#877);
#880=DIRECTION('',(0.E0,-1.E0,0.E0));
#881=VECTOR('',#880,1.59287718E0);
#882=CARTESIAN_POINT('',(3.100000000405E0,6.27425784E1,-1.012127474189E1));
#883=LINE('',#882,#881);
#884=DIRECTION('',(0.E0,0.E0,1.E0));
#885=VECTOR('',#884,4.2E-1);
#886=CARTESIAN_POINT('',(3.100000000405E0,6.114970122E1,-1.012127474189E1));
#887=LINE('',#886,#885);
#888=DIRECTION('',(0.E0,1.E0,0.E0));
#889=VECTOR('',#888,1.63123389E0);
#890=CARTESIAN_POINT('',(3.100000000405E0,6.114970122E1,-9.701274741889E0));
#891=LINE('',#890,#889);
#892=CARTESIAN_POINT('',(3.100000000405E0,6.278093511E1,-9.484537371889E0));
#893=DIRECTION('',(-1.E0,0.E0,0.E0));
#894=DIRECTION('',(0.E0,0.E0,1.E0));
#895=AXIS2_PLACEMENT_3D('',#892,#893,#894);
#897=DIRECTION('',(0.E0,-1.E0,0.E0));
#898=VECTOR('',#897,1.63123389E0);
#899=CARTESIAN_POINT('',(3.100000000405E0,6.278093511E1,-9.267800001889E0));
#900=LINE('',#899,#898);
#901=DIRECTION('',(0.E0,0.E0,1.E0));
#902=VECTOR('',#901,4.2E-1);
#903=CARTESIAN_POINT('',(3.100000000405E0,6.114970122E1,-9.267800001889E0));
#904=LINE('',#903,#902);
#905=DIRECTION('',(0.E0,1.E0,0.E0));
#906=VECTOR('',#905,1.59287718E0);
#907=CARTESIAN_POINT('',(3.100000000405E0,6.114970122E1,-8.847800001889E0));
#908=LINE('',#907,#906);
#909=CARTESIAN_POINT('',(3.100000000405E0,6.27425784E1,-8.631062631889E0));
#910=DIRECTION('',(-1.E0,0.E0,0.E0));
#911=DIRECTION('',(0.E0,0.E0,1.E0));
#912=AXIS2_PLACEMENT_3D('',#909,#910,#911);
#914=DIRECTION('',(0.E0,-1.E0,0.E0));
#915=VECTOR('',#914,1.59287718E0);
#916=CARTESIAN_POINT('',(3.100000000405E0,6.27425784E1,-8.414325261889E0));
#917=LINE('',#916,#915);
#918=DIRECTION('',(0.E0,0.E0,1.E0));
#919=VECTOR('',#918,4.2E-1);
#920=CARTESIAN_POINT('',(3.100000000405E0,6.114970122E1,-8.414325261889E0));
#921=LINE('',#920,#919);
#922=CARTESIAN_POINT('',(3.100000000405E0,6.182066028E1,-1.118963145189E1));
#923=DIRECTION('',(-1.E0,0.E0,0.E0));
#924=DIRECTION('',(0.E0,-1.E0,0.E0));
#925=AXIS2_PLACEMENT_3D('',#922,#923,#924);
#927=CARTESIAN_POINT('',(3.100000000405E0,6.27425784E1,-1.118963145189E1));
#928=DIRECTION('',(-1.E0,0.E0,0.E0));
#929=DIRECTION('',(0.E0,-6.870151809262E-1,7.266430631176E-1));
#930=AXIS2_PLACEMENT_3D('',#927,#928,#929);
#932=DIRECTION('',(0.E0,0.E0,-1.E0));
#933=VECTOR('',#932,6.7302657E-1);
#934=CARTESIAN_POINT('',(3.100000000405E0,6.341353746E1,-1.118963145189E1));
#935=LINE('',#934,#933);
#936=DIRECTION('',(0.E0,-1.E0,0.E0));
#937=VECTOR('',#936,4.2E-1);
#938=CARTESIAN_POINT('',(3.100000000405E0,6.341353746E1,-1.186265802189E1));
#939=LINE('',#938,#937);
#940=DIRECTION('',(0.E0,0.E0,1.E0));
#941=VECTOR('',#940,6.7302657E-1);
#942=CARTESIAN_POINT('',(3.100000000405E0,6.299353746E1,-1.186265802189E1));
#943=LINE('',#942,#941);
#944=CARTESIAN_POINT('',(3.100000000405E0,6.27425784E1,-1.118963145189E1));
#945=DIRECTION('',(-1.E0,0.E0,0.E0));
#946=DIRECTION('',(0.E0,-1.E0,0.E0));
#947=AXIS2_PLACEMENT_3D('',#944,#945,#946);
#949=DIRECTION('',(0.E0,0.E0,-1.E0));
#950=VECTOR('',#949,6.7302657E-1);
#951=CARTESIAN_POINT('',(3.100000000405E0,6.249161934E1,-1.118963145189E1));
#952=LINE('',#951,#950);
#953=DIRECTION('',(0.E0,-1.E0,0.E0));
#954=VECTOR('',#953,4.2E-1);
#955=CARTESIAN_POINT('',(3.100000000405E0,6.249161934E1,-1.186265802189E1));
#956=LINE('',#955,#954);
#957=DIRECTION('',(0.E0,0.E0,1.E0));
#958=VECTOR('',#957,6.7302657E-1);
#959=CARTESIAN_POINT('',(3.100000000405E0,6.207161934E1,-1.186265802189E1));
#960=LINE('',#959,#958);
#961=CARTESIAN_POINT('',(3.100000000405E0,6.182066028E1,-1.118963145189E1));
#962=DIRECTION('',(-1.E0,0.E0,0.E0));
#963=DIRECTION('',(0.E0,-1.E0,0.E0));
#964=AXIS2_PLACEMENT_3D('',#961,#962,#963);
#966=DIRECTION('',(0.E0,0.E0,-1.E0));
#967=VECTOR('',#966,6.7302657E-1);
#968=CARTESIAN_POINT('',(3.100000000405E0,6.156970122E1,-1.118963145189E1));
#969=LINE('',#968,#967);
#970=DIRECTION('',(0.E0,-1.E0,0.E0));
#971=VECTOR('',#970,4.2E-1);
#972=CARTESIAN_POINT('',(3.100000000405E0,6.156970122E1,-1.186265802189E1));
#973=LINE('',#972,#971);
#974=DIRECTION('',(0.E0,0.E0,1.E0));
#975=VECTOR('',#974,6.7302657E-1);
#976=CARTESIAN_POINT('',(3.100000000405E0,6.114970122E1,-1.186265802189E1));
#977=LINE('',#976,#975);
#978=DIRECTION('',(0.E0,1.E0,0.E0));
#979=VECTOR('',#978,4.2E-1);
#980=CARTESIAN_POINT('',(3.100000000405E0,6.114970122E1,-1.248050384189E1));
#981=LINE('',#980,#979);
#982=DIRECTION('',(0.E0,0.E0,-1.E0));
#983=VECTOR('',#982,4.2E-1);
#984=CARTESIAN_POINT('',(3.100000000405E0,6.156970122E1,-1.248050384189E1));
#985=LINE('',#984,#983);
#986=DIRECTION('',(0.E0,-1.E0,0.E0));
#987=VECTOR('',#986,4.2E-1);
#988=CARTESIAN_POINT('',(3.100000000405E0,6.156970122E1,-1.290050384189E1));
#989=LINE('',#988,#987);
#990=DIRECTION('',(0.E0,0.E0,1.E0));
#991=VECTOR('',#990,4.2E-1);
#992=CARTESIAN_POINT('',(3.100000000405E0,6.114970122E1,-1.290050384189E1));
#993=LINE('',#992,#991);
#994=DIRECTION('',(0.E0,1.E0,0.E0));
#995=VECTOR('',#994,1.63123389E0);
#996=CARTESIAN_POINT('',(3.100000000405E0,6.178230357E1,-1.248050384189E1));
#997=LINE('',#996,#995);
#998=DIRECTION('',(0.E0,0.E0,-1.E0));
#999=VECTOR('',#998,4.2E-1);
#1000=CARTESIAN_POINT('',(3.100000000405E0,6.341353746E1,-1.248050384189E1));
#1001=LINE('',#1000,#999);
#1002=DIRECTION('',(0.E0,-1.E0,0.E0));
#1003=VECTOR('',#1002,1.63123389E0);
#1004=CARTESIAN_POINT('',(3.100000000405E0,6.341353746E1,-1.290050384189E1));
#1005=LINE('',#1004,#1003);
#1006=DIRECTION('',(0.E0,0.E0,1.E0));
#1007=VECTOR('',#1006,4.2E-1);
#1008=CARTESIAN_POINT('',(3.100000000405E0,6.178230357E1,-1.290050384189E1));
#1009=LINE('',#1008,#1007);
#1010=DIRECTION('',(0.E0,1.E0,0.E0));
#1011=VECTOR('',#1010,2.26383624E0);
#1012=CARTESIAN_POINT('',(3.100000000405E0,6.114970122E1,-1.336820027189E1));
#1013=LINE('',#1012,#1011);
#1014=DIRECTION('',(0.E0,0.E0,-1.E0));
#1015=VECTOR('',#1014,4.2E-1);
#1016=CARTESIAN_POINT('',(3.100000000405E0,6.341353746E1,-1.336820027189E1));
#1017=LINE('',#1016,#1015);
#1018=DIRECTION('',(0.E0,-1.E0,0.E0));
#1019=VECTOR('',#1018,8.5347474E-1);
#1020=CARTESIAN_POINT('',(3.100000000405E0,6.341353746E1,-1.378820027189E1));
#1021=LINE('',#1020,#1019);
#1022=DIRECTION('',(0.E0,0.E0,-1.E0));
#1023=VECTOR('',#1022,3.5362413E-1);
#1024=CARTESIAN_POINT('',(3.100000000405E0,6.256006272E1,-1.378820027189E1));
#1025=LINE('',#1024,#1023);
#1026=CARTESIAN_POINT('',(3.100000000405E0,6.185488197E1,-1.414182440189E1));
#1027=DIRECTION('',(-1.E0,0.E0,0.E0));
#1028=DIRECTION('',(0.E0,1.E0,0.E0));
#1029=AXIS2_PLACEMENT_3D('',#1026,#1027,#1028);
#1031=DIRECTION('',(0.E0,-1.E0,0.E0));
#1032=VECTOR('',#1031,5.703615E-1);
#1033=CARTESIAN_POINT('',(3.100000000405E0,6.214006272E1,-1.378820027189E1));
#1034=LINE('',#1033,#1032);
#1035=DIRECTION('',(0.E0,0.E0,-1.E0));
#1036=VECTOR('',#1035,3.5362413E-1);
#1037=CARTESIAN_POINT('',(3.100000000405E0,6.156970122E1,-1.378820027189E1));
#1038=LINE('',#1037,#1036);
#1039=CARTESIAN_POINT('',(3.100000000405E0,6.185488197E1,-1.414182440189E1));
#1040=DIRECTION('',(-1.E0,0.E0,0.E0));
#1041=DIRECTION('',(0.E0,1.E0,0.E0));
#1042=AXIS2_PLACEMENT_3D('',#1039,#1040,#1041);
#1044=DIRECTION('',(0.E0,0.E0,1.E0));
#1045=VECTOR('',#1044,3.5362413E-1);
#1046=CARTESIAN_POINT('',(3.100000000405E0,6.214006272E1,-1.414182440189E1));
#1047=LINE('',#1046,#1045);
#1048=CARTESIAN_POINT('',(3.100000000405E0,6.27425784E1,-1.586224862189E1));
#1049=DIRECTION('',(-1.E0,0.E0,0.E0));
#1050=DIRECTION('',(0.E0,0.E0,1.E0));
#1051=AXIS2_PLACEMENT_3D('',#1048,#1049,#1050);
#1053=DIRECTION('',(0.E0,-1.E0,0.E0));
#1054=VECTOR('',#1053,1.59287718E0);
#1055=CARTESIAN_POINT('',(3.100000000405E0,6.27425784E1,-1.653320768189E1));
#1056=LINE('',#1055,#1054);
#1057=DIRECTION('',(0.E0,0.E0,1.E0));
#1058=VECTOR('',#1057,4.2E-1);
#1059=CARTESIAN_POINT('',(3.100000000405E0,6.114970122E1,-1.653320768189E1));
#1060=LINE('',#1059,#1058);
#1061=DIRECTION('',(0.E0,1.E0,0.E0));
#1062=VECTOR('',#1061,1.59287718E0);
#1063=CARTESIAN_POINT('',(3.100000000405E0,6.114970122E1,-1.611320768189E1));
#1064=LINE('',#1063,#1062);
#1065=CARTESIAN_POINT('',(3.100000000405E0,6.27425784E1,-1.586224862189E1));
#1066=DIRECTION('',(-1.E0,0.E0,0.E0));
#1067=DIRECTION('',(0.E0,0.E0,1.E0));
#1068=AXIS2_PLACEMENT_3D('',#1065,#1066,#1067);
#1070=DIRECTION('',(0.E0,-1.E0,0.E0));
#1071=VECTOR('',#1070,1.59287718E0);
#1072=CARTESIAN_POINT('',(3.100000000405E0,6.27425784E1,-1.561128956189E1));
#1073=LINE('',#1072,#1071);
#1074=DIRECTION('',(0.E0,0.E0,1.E0));
#1075=VECTOR('',#1074,4.2E-1);
#1076=CARTESIAN_POINT('',(3.100000000405E0,6.114970122E1,-1.561128956189E1));
#1077=LINE('',#1076,#1075);
#1078=DIRECTION('',(0.E0,1.E0,0.E0));
#1079=VECTOR('',#1078,1.59287718E0);
#1080=CARTESIAN_POINT('',(3.100000000405E0,6.114970122E1,-1.519128956189E1));
#1081=LINE('',#1080,#1079);
#1082=CARTESIAN_POINT('',(3.100000000405E0,6.225E1,-1.225050384189E1));
#1083=DIRECTION('',(-1.E0,0.E0,0.E0));
#1084=DIRECTION('',(0.E0,0.E0,-1.E0));
#1085=AXIS2_PLACEMENT_3D('',#1082,#1083,#1084);
#1087=CARTESIAN_POINT('',(3.100000000405E0,6.225E1,-1.225050384189E1));
#1088=DIRECTION('',(-1.E0,0.E0,0.E0));
#1089=DIRECTION('',(0.E0,0.E0,1.E0));
#1090=AXIS2_PLACEMENT_3D('',#1087,#1088,#1089);
#1092=CARTESIAN_POINT('',(3.100000000405E0,6.225E1,-1.225050384189E1));
#1093=DIRECTION('',(-1.E0,0.E0,0.E0));
#1094=DIRECTION('',(0.E0,0.E0,1.E0));
#1095=AXIS2_PLACEMENT_3D('',#1092,#1093,#1094);
#1097=CARTESIAN_POINT('',(3.100000000405E0,6.225E1,-1.225050384189E1));
#1098=DIRECTION('',(-1.E0,0.E0,0.E0));
#1099=DIRECTION('',(0.E0,0.E0,-1.E0));
#1100=AXIS2_PLACEMENT_3D('',#1097,#1098,#1099);
#1102=DIRECTION('',(4.472135955E-1,-8.944271909999E-1,-1.754837853952E-10));
#1103=VECTOR('',#1102,1.118033988799E0);
#1104=CARTESIAN_POINT('',(3.100000000264E0,5.430000000028E1,-1.225050384063E1));
#1105=LINE('',#1104,#1103);
#1106=DIRECTION('',(1.E0,0.E0,0.E0));
#1107=VECTOR('',#1106,3.E-1);
#1108=CARTESIAN_POINT('',(3.100000000405E0,6.114970122E1,-7.994325261889E0));
#1109=LINE('',#1108,#1107);
#1110=DIRECTION('',(1.E0,0.E0,0.E0));
#1111=VECTOR('',#1110,3.E-1);
#1112=CARTESIAN_POINT('',(3.100000000405E0,6.114970122E1,-8.414325261889E0));
#1113=LINE('',#1112,#1111);
#1114=DIRECTION('',(1.E0,0.E0,0.E0));
#1115=VECTOR('',#1114,3.E-1);
#1116=CARTESIAN_POINT('',(3.100000000405E0,6.27425784E1,-8.414325261889E0));
#1117=LINE('',#1116,#1115);
#1118=DIRECTION('',(1.E0,0.E0,0.E0));
#1119=VECTOR('',#1118,3.E-1);
#1120=CARTESIAN_POINT('',(3.100000000405E0,6.27425784E1,-8.847800001889E0));
#1121=LINE('',#1120,#1119);
#1122=DIRECTION('',(1.E0,0.E0,0.E0));
#1123=VECTOR('',#1122,3.E-1);
#1124=CARTESIAN_POINT('',(3.100000000405E0,6.114970122E1,-8.847800001889E0));
#1125=LINE('',#1124,#1123);
#1126=DIRECTION('',(1.E0,0.E0,0.E0));
#1127=VECTOR('',#1126,3.E-1);
#1128=CARTESIAN_POINT('',(3.100000000405E0,6.114970122E1,-9.267800001889E0));
#1129=LINE('',#1128,#1127);
#1130=DIRECTION('',(1.E0,0.E0,0.E0));
#1131=VECTOR('',#1130,3.E-1);
#1132=CARTESIAN_POINT('',(3.100000000405E0,6.278093511E1,-9.267800001889E0));
#1133=LINE('',#1132,#1131);
#1134=DIRECTION('',(1.E0,0.E0,0.E0));
#1135=VECTOR('',#1134,3.E-1);
#1136=CARTESIAN_POINT('',(3.100000000405E0,6.278093511E1,-9.701274741889E0));
#1137=LINE('',#1136,#1135);
#1138=DIRECTION('',(1.E0,0.E0,0.E0));
#1139=VECTOR('',#1138,3.E-1);
#1140=CARTESIAN_POINT('',(3.100000000405E0,6.114970122E1,-9.701274741889E0));
#1141=LINE('',#1140,#1139);
#1142=DIRECTION('',(1.E0,0.E0,0.E0));
#1143=VECTOR('',#1142,3.E-1);
#1144=CARTESIAN_POINT('',(3.100000000405E0,6.114970122E1,-1.012127474189E1));
#1145=LINE('',#1144,#1143);
#1146=DIRECTION('',(1.E0,0.E0,0.E0));
#1147=VECTOR('',#1146,3.E-1);
#1148=CARTESIAN_POINT('',(3.100000000405E0,6.27425784E1,-1.012127474189E1));
#1149=LINE('',#1148,#1147);
#1150=DIRECTION('',(1.E0,0.E0,0.E0));
#1151=VECTOR('',#1150,3.E-1);
#1152=CARTESIAN_POINT('',(3.100000000405E0,6.321515611361E1,-9.057800001889E0));
#1153=LINE('',#1152,#1151);
#1154=DIRECTION('',(1.E0,0.E0,0.E0));
#1155=VECTOR('',#1154,3.E-1);
#1156=CARTESIAN_POINT('',(3.100000000405E0,6.27425784E1,-7.994325261889E0));
#1157=LINE('',#1156,#1155);
#1158=DIRECTION('',(0.E0,1.E0,0.E0));
#1159=VECTOR('',#1158,1.59287718E0);
#1160=CARTESIAN_POINT('',(3.400000000405E0,6.114970122E1,-7.994325261889E0));
#1161=LINE('',#1160,#1159);
#1162=DIRECTION('',(0.E0,0.E0,1.E0));
#1163=VECTOR('',#1162,4.2E-1);
#1164=CARTESIAN_POINT('',(3.400000000405E0,6.114970122E1,-8.414325261889E0));
#1165=LINE('',#1164,#1163);
#1166=DIRECTION('',(0.E0,-1.E0,0.E0));
#1167=VECTOR('',#1166,1.59287718E0);
#1168=CARTESIAN_POINT('',(3.400000000405E0,6.27425784E1,-8.414325261889E0));
#1169=LINE('',#1168,#1167);
#1170=CARTESIAN_POINT('',(3.400000000405E0,6.27425784E1,-8.631062631889E0));
#1171=DIRECTION('',(1.E0,0.E0,0.E0));
#1172=DIRECTION('',(0.E0,0.E0,-1.E0));
#1173=AXIS2_PLACEMENT_3D('',#1170,#1171,#1172);
#1175=DIRECTION('',(0.E0,1.E0,0.E0));
#1176=VECTOR('',#1175,1.59287718E0);
#1177=CARTESIAN_POINT('',(3.400000000405E0,6.114970122E1,-8.847800001889E0));
#1178=LINE('',#1177,#1176);
#1179=DIRECTION('',(0.E0,0.E0,1.E0));
#1180=VECTOR('',#1179,4.2E-1);
#1181=CARTESIAN_POINT('',(3.400000000405E0,6.114970122E1,-9.267800001889E0));
#1182=LINE('',#1181,#1180);
#1183=DIRECTION('',(0.E0,-1.E0,0.E0));
#1184=VECTOR('',#1183,1.63123389E0);
#1185=CARTESIAN_POINT('',(3.400000000405E0,6.278093511E1,-9.267800001889E0));
#1186=LINE('',#1185,#1184);
#1187=CARTESIAN_POINT('',(3.400000000405E0,6.278093511E1,-9.484537371889E0));
#1188=DIRECTION('',(1.E0,0.E0,0.E0));
#1189=DIRECTION('',(0.E0,0.E0,-1.E0));
#1190=AXIS2_PLACEMENT_3D('',#1187,#1188,#1189);
#1192=DIRECTION('',(0.E0,1.E0,0.E0));
#1193=VECTOR('',#1192,1.63123389E0);
#1194=CARTESIAN_POINT('',(3.400000000405E0,6.114970122E1,-9.701274741889E0));
#1195=LINE('',#1194,#1193);
#1196=DIRECTION('',(0.E0,0.E0,1.E0));
#1197=VECTOR('',#1196,4.2E-1);
#1198=CARTESIAN_POINT('',(3.400000000405E0,6.114970122E1,-1.012127474189E1));
#1199=LINE('',#1198,#1197);
#1200=DIRECTION('',(0.E0,-1.E0,0.E0));
#1201=VECTOR('',#1200,1.59287718E0);
#1202=CARTESIAN_POINT('',(3.400000000405E0,6.27425784E1,-1.012127474189E1));
#1203=LINE('',#1202,#1201);
#1204=CARTESIAN_POINT('',(3.400000000405E0,6.27425784E1,-9.484537371889E0));
#1205=DIRECTION('',(-1.E0,0.E0,0.E0));
#1206=DIRECTION('',(0.E0,7.421862385886E-1,6.701936938302E-1));
#1207=AXIS2_PLACEMENT_3D('',#1204,#1205,#1206);
#1209=CARTESIAN_POINT('',(3.400000000405E0,6.27425784E1,-8.631062631889E0));
#1210=DIRECTION('',(-1.E0,0.E0,0.E0));
#1211=DIRECTION('',(0.E0,0.E0,1.E0));
#1212=AXIS2_PLACEMENT_3D('',#1209,#1210,#1211);
#1214=CARTESIAN_POINT('',(3.400000000405E0,6.182066028E1,-1.118963145189E1));
#1215=DIRECTION('',(-1.E0,0.E0,0.E0));
#1216=DIRECTION('',(0.E0,-1.E0,0.E0));
#1217=AXIS2_PLACEMENT_3D('',#1214,#1215,#1216);
#1219=DIRECTION('',(0.E0,0.E0,1.E0));
#1220=VECTOR('',#1219,6.7302657E-1);
#1221=CARTESIAN_POINT('',(3.400000000405E0,6.114970122E1,-1.186265802189E1));
#1222=LINE('',#1221,#1220);
#1223=DIRECTION('',(0.E0,-1.E0,0.E0));
#1224=VECTOR('',#1223,4.2E-1);
#1225=CARTESIAN_POINT('',(3.400000000405E0,6.156970122E1,-1.186265802189E1));
#1226=LINE('',#1225,#1224);
#1227=DIRECTION('',(0.E0,0.E0,-1.E0));
#1228=VECTOR('',#1227,6.7302657E-1);
#1229=CARTESIAN_POINT('',(3.400000000405E0,6.156970122E1,-1.118963145189E1));
#1230=LINE('',#1229,#1228);
#1231=CARTESIAN_POINT('',(3.400000000405E0,6.182066028E1,-1.118963145189E1));
#1232=DIRECTION('',(1.E0,0.E0,0.E0));
#1233=DIRECTION('',(0.E0,1.E0,0.E0));
#1234=AXIS2_PLACEMENT_3D('',#1231,#1232,#1233);
#1236=DIRECTION('',(0.E0,0.E0,1.E0));
#1237=VECTOR('',#1236,6.7302657E-1);
#1238=CARTESIAN_POINT('',(3.400000000405E0,6.207161934E1,-1.186265802189E1));
#1239=LINE('',#1238,#1237);
#1240=DIRECTION('',(0.E0,-1.E0,0.E0));
#1241=VECTOR('',#1240,4.2E-1);
#1242=CARTESIAN_POINT('',(3.400000000405E0,6.249161934E1,-1.186265802189E1));
#1243=LINE('',#1242,#1241);
#1244=DIRECTION('',(0.E0,0.E0,-1.E0));
#1245=VECTOR('',#1244,6.7302657E-1);
#1246=CARTESIAN_POINT('',(3.400000000405E0,6.249161934E1,-1.118963145189E1));
#1247=LINE('',#1246,#1245);
#1248=CARTESIAN_POINT('',(3.400000000405E0,6.27425784E1,-1.118963145189E1));
#1249=DIRECTION('',(1.E0,0.E0,0.E0));
#1250=DIRECTION('',(0.E0,1.E0,0.E0));
#1251=AXIS2_PLACEMENT_3D('',#1248,#1249,#1250);
#1253=DIRECTION('',(0.E0,0.E0,1.E0));
#1254=VECTOR('',#1253,6.7302657E-1);
#1255=CARTESIAN_POINT('',(3.400000000405E0,6.299353746E1,-1.186265802189E1));
#1256=LINE('',#1255,#1254);
#1257=DIRECTION('',(0.E0,-1.E0,0.E0));
#1258=VECTOR('',#1257,4.2E-1);
#1259=CARTESIAN_POINT('',(3.400000000405E0,6.341353746E1,-1.186265802189E1));
#1260=LINE('',#1259,#1258);
#1261=DIRECTION('',(0.E0,0.E0,-1.E0));
#1262=VECTOR('',#1261,6.7302657E-1);
#1263=CARTESIAN_POINT('',(3.400000000405E0,6.341353746E1,-1.118963145189E1));
#1264=LINE('',#1263,#1262);
#1265=CARTESIAN_POINT('',(3.400000000405E0,6.27425784E1,-1.118963145189E1));
#1266=DIRECTION('',(-1.E0,0.E0,0.E0));
#1267=DIRECTION('',(0.E0,-6.870151809262E-1,7.266430631176E-1));
#1268=AXIS2_PLACEMENT_3D('',#1265,#1266,#1267);
#1270=DIRECTION('',(0.E0,1.E0,0.E0));
#1271=VECTOR('',#1270,4.2E-1);
#1272=CARTESIAN_POINT('',(3.400000000405E0,6.114970122E1,-1.248050384189E1));
#1273=LINE('',#1272,#1271);
#1274=DIRECTION('',(0.E0,0.E0,1.E0));
#1275=VECTOR('',#1274,4.2E-1);
#1276=CARTESIAN_POINT('',(3.400000000405E0,6.114970122E1,-1.290050384189E1));
#1277=LINE('',#1276,#1275);
#1278=DIRECTION('',(0.E0,-1.E0,0.E0));
#1279=VECTOR('',#1278,4.2E-1);
#1280=CARTESIAN_POINT('',(3.400000000405E0,6.156970122E1,-1.290050384189E1));
#1281=LINE('',#1280,#1279);
#1282=DIRECTION('',(0.E0,0.E0,-1.E0));
#1283=VECTOR('',#1282,4.2E-1);
#1284=CARTESIAN_POINT('',(3.400000000405E0,6.156970122E1,-1.248050384189E1));
#1285=LINE('',#1284,#1283);
#1286=DIRECTION('',(0.E0,1.E0,0.E0));
#1287=VECTOR('',#1286,1.63123389E0);
#1288=CARTESIAN_POINT('',(3.400000000405E0,6.178230357E1,-1.248050384189E1));
#1289=LINE('',#1288,#1287);
#1290=DIRECTION('',(0.E0,0.E0,1.E0));
#1291=VECTOR('',#1290,4.2E-1);
#1292=CARTESIAN_POINT('',(3.400000000405E0,6.178230357E1,-1.290050384189E1));
#1293=LINE('',#1292,#1291);
#1294=DIRECTION('',(0.E0,-1.E0,0.E0));
#1295=VECTOR('',#1294,1.63123389E0);
#1296=CARTESIAN_POINT('',(3.400000000405E0,6.341353746E1,-1.290050384189E1));
#1297=LINE('',#1296,#1295);
#1298=DIRECTION('',(0.E0,0.E0,-1.E0));
#1299=VECTOR('',#1298,4.2E-1);
#1300=CARTESIAN_POINT('',(3.400000000405E0,6.341353746E1,-1.248050384189E1));
#1301=LINE('',#1300,#1299);
#1302=DIRECTION('',(0.E0,1.E0,0.E0));
#1303=VECTOR('',#1302,2.26383624E0);
#1304=CARTESIAN_POINT('',(3.400000000405E0,6.114970122E1,-1.336820027189E1));
#1305=LINE('',#1304,#1303);
#1306=CARTESIAN_POINT('',(3.400000000405E0,6.185488197E1,-1.414182440189E1));
#1307=DIRECTION('',(-1.E0,0.E0,0.E0));
#1308=DIRECTION('',(0.E0,1.E0,0.E0));
#1309=AXIS2_PLACEMENT_3D('',#1306,#1307,#1308);
#1311=DIRECTION('',(0.E0,0.E0,-1.E0));
#1312=VECTOR('',#1311,3.5362413E-1);
#1313=CARTESIAN_POINT('',(3.400000000405E0,6.256006272E1,-1.378820027189E1));
#1314=LINE('',#1313,#1312);
#1315=DIRECTION('',(0.E0,-1.E0,0.E0));
#1316=VECTOR('',#1315,8.5347474E-1);
#1317=CARTESIAN_POINT('',(3.400000000405E0,6.341353746E1,-1.378820027189E1));
#1318=LINE('',#1317,#1316);
#1319=DIRECTION('',(0.E0,0.E0,-1.E0));
#1320=VECTOR('',#1319,4.2E-1);
#1321=CARTESIAN_POINT('',(3.400000000405E0,6.341353746E1,-1.336820027189E1));
#1322=LINE('',#1321,#1320);
#1323=DIRECTION('',(0.E0,-1.E0,0.E0));
#1324=VECTOR('',#1323,5.703615E-1);
#1325=CARTESIAN_POINT('',(3.400000000405E0,6.214006272E1,-1.378820027189E1));
#1326=LINE('',#1325,#1324);
#1327=DIRECTION('',(0.E0,0.E0,1.E0));
#1328=VECTOR('',#1327,3.5362413E-1);
#1329=CARTESIAN_POINT('',(3.400000000405E0,6.214006272E1,-1.414182440189E1));
#1330=LINE('',#1329,#1328);
#1331=CARTESIAN_POINT('',(3.400000000405E0,6.185488197E1,-1.414182440189E1));
#1332=DIRECTION('',(1.E0,0.E0,0.E0));
#1333=DIRECTION('',(0.E0,-1.E0,0.E0));
#1334=AXIS2_PLACEMENT_3D('',#1331,#1332,#1333);
#1336=DIRECTION('',(0.E0,0.E0,-1.E0));
#1337=VECTOR('',#1336,3.5362413E-1);
#1338=CARTESIAN_POINT('',(3.400000000405E0,6.156970122E1,-1.378820027189E1));
#1339=LINE('',#1338,#1337);
#1340=CARTESIAN_POINT('',(3.400000000405E0,6.27425784E1,-1.586224862189E1));
#1341=DIRECTION('',(-1.E0,0.E0,0.E0));
#1342=DIRECTION('',(0.E0,0.E0,1.E0));
#1343=AXIS2_PLACEMENT_3D('',#1340,#1341,#1342);
#1345=DIRECTION('',(0.E0,1.E0,0.E0));
#1346=VECTOR('',#1345,1.59287718E0);
#1347=CARTESIAN_POINT('',(3.400000000405E0,6.114970122E1,-1.519128956189E1));
#1348=LINE('',#1347,#1346);
#1349=DIRECTION('',(0.E0,0.E0,1.E0));
#1350=VECTOR('',#1349,4.2E-1);
#1351=CARTESIAN_POINT('',(3.400000000405E0,6.114970122E1,-1.561128956189E1));
#1352=LINE('',#1351,#1350);
#1353=DIRECTION('',(0.E0,-1.E0,0.E0));
#1354=VECTOR('',#1353,1.59287718E0);
#1355=CARTESIAN_POINT('',(3.400000000405E0,6.27425784E1,-1.561128956189E1));
#1356=LINE('',#1355,#1354);
#1357=CARTESIAN_POINT('',(3.400000000405E0,6.27425784E1,-1.586224862189E1));
#1358=DIRECTION('',(1.E0,0.E0,0.E0));
#1359=DIRECTION('',(0.E0,0.E0,-1.E0));
#1360=AXIS2_PLACEMENT_3D('',#1357,#1358,#1359);
#1362=DIRECTION('',(0.E0,1.E0,0.E0));
#1363=VECTOR('',#1362,1.59287718E0);
#1364=CARTESIAN_POINT('',(3.400000000405E0,6.114970122E1,-1.611320768189E1));
#1365=LINE('',#1364,#1363);
#1366=DIRECTION('',(0.E0,0.E0,1.E0));
#1367=VECTOR('',#1366,4.2E-1);
#1368=CARTESIAN_POINT('',(3.400000000405E0,6.114970122E1,-1.653320768189E1));
#1369=LINE('',#1368,#1367);
#1370=DIRECTION('',(0.E0,-1.E0,0.E0));
#1371=VECTOR('',#1370,1.59287718E0);
#1372=CARTESIAN_POINT('',(3.400000000405E0,6.27425784E1,-1.653320768189E1));
#1373=LINE('',#1372,#1371);
#1374=DIRECTION('',(1.E0,0.E0,0.E0));
#1375=VECTOR('',#1374,3.E-1);
#1376=CARTESIAN_POINT('',(3.100000000405E0,6.114970122E1,-1.118963145189E1));
#1377=LINE('',#1376,#1375);
#1378=DIRECTION('',(1.E0,0.E0,0.E0));
#1379=VECTOR('',#1378,3.E-1);
#1380=CARTESIAN_POINT('',(3.100000000405E0,6.114970122E1,-1.186265802189E1));
#1381=LINE('',#1380,#1379);
#1382=DIRECTION('',(1.E0,0.E0,0.E0));
#1383=VECTOR('',#1382,3.E-1);
#1384=CARTESIAN_POINT('',(3.100000000405E0,6.156970122E1,-1.186265802189E1));
#1385=LINE('',#1384,#1383);
#1386=DIRECTION('',(1.E0,0.E0,0.E0));
#1387=VECTOR('',#1386,3.E-1);
#1388=CARTESIAN_POINT('',(3.100000000405E0,6.156970122E1,-1.118963145189E1));
#1389=LINE('',#1388,#1387);
#1390=DIRECTION('',(1.E0,0.E0,0.E0));
#1391=VECTOR('',#1390,3.E-1);
#1392=CARTESIAN_POINT('',(3.100000000405E0,6.207161934E1,-1.118963145189E1));
#1393=LINE('',#1392,#1391);
#1394=DIRECTION('',(1.E0,0.E0,0.E0));
#1395=VECTOR('',#1394,3.E-1);
#1396=CARTESIAN_POINT('',(3.100000000405E0,6.207161934E1,-1.186265802189E1));
#1397=LINE('',#1396,#1395);
#1398=DIRECTION('',(1.E0,0.E0,0.E0));
#1399=VECTOR('',#1398,3.E-1);
#1400=CARTESIAN_POINT('',(3.100000000405E0,6.249161934E1,-1.186265802189E1));
#1401=LINE('',#1400,#1399);
#1402=DIRECTION('',(1.E0,0.E0,0.E0));
#1403=VECTOR('',#1402,3.E-1);
#1404=CARTESIAN_POINT('',(3.100000000405E0,6.249161934E1,-1.118963145189E1));
#1405=LINE('',#1404,#1403);
#1406=DIRECTION('',(1.E0,0.E0,0.E0));
#1407=VECTOR('',#1406,3.E-1);
#1408=CARTESIAN_POINT('',(3.100000000405E0,6.299353746E1,-1.118963145189E1));
#1409=LINE('',#1408,#1407);
#1410=DIRECTION('',(1.E0,0.E0,0.E0));
#1411=VECTOR('',#1410,3.E-1);
#1412=CARTESIAN_POINT('',(3.100000000405E0,6.299353746E1,-1.186265802189E1));
#1413=LINE('',#1412,#1411);
#1414=DIRECTION('',(1.E0,0.E0,0.E0));
#1415=VECTOR('',#1414,3.E-1);
#1416=CARTESIAN_POINT('',(3.100000000405E0,6.341353746E1,-1.186265802189E1));
#1417=LINE('',#1416,#1415);
#1418=DIRECTION('',(1.E0,0.E0,0.E0));
#1419=VECTOR('',#1418,3.E-1);
#1420=CARTESIAN_POINT('',(3.100000000405E0,6.341353746E1,-1.118963145189E1));
#1421=LINE('',#1420,#1419);
#1422=DIRECTION('',(1.E0,0.E0,0.E0));
#1423=VECTOR('',#1422,3.E-1);
#1424=CARTESIAN_POINT('',(3.100000000405E0,6.228161934E1,-1.070208370530E1));
#1425=LINE('',#1424,#1423);
#1426=DIRECTION('',(1.E0,0.E0,0.E0));
#1427=VECTOR('',#1426,3.E-1);
#1428=CARTESIAN_POINT('',(3.100000000405E0,6.114970122E1,-1.248050384189E1));
#1429=LINE('',#1428,#1427);
#1430=DIRECTION('',(1.E0,0.E0,0.E0));
#1431=VECTOR('',#1430,3.E-1);
#1432=CARTESIAN_POINT('',(3.100000000405E0,6.114970122E1,-1.290050384189E1));
#1433=LINE('',#1432,#1431);
#1434=DIRECTION('',(1.E0,0.E0,0.E0));
#1435=VECTOR('',#1434,3.E-1);
#1436=CARTESIAN_POINT('',(3.100000000405E0,6.156970122E1,-1.290050384189E1));
#1437=LINE('',#1436,#1435);
#1438=DIRECTION('',(1.E0,0.E0,0.E0));
#1439=VECTOR('',#1438,3.E-1);
#1440=CARTESIAN_POINT('',(3.100000000405E0,6.156970122E1,-1.248050384189E1));
#1441=LINE('',#1440,#1439);
#1442=DIRECTION('',(1.E0,0.E0,0.E0));
#1443=VECTOR('',#1442,3.E-1);
#1444=CARTESIAN_POINT('',(3.100000000405E0,6.178230357E1,-1.248050384189E1));
#1445=LINE('',#1444,#1443);
#1446=DIRECTION('',(1.E0,0.E0,0.E0));
#1447=VECTOR('',#1446,3.E-1);
#1448=CARTESIAN_POINT('',(3.100000000405E0,6.178230357E1,-1.290050384189E1));
#1449=LINE('',#1448,#1447);
#1450=DIRECTION('',(1.E0,0.E0,0.E0));
#1451=VECTOR('',#1450,3.E-1);
#1452=CARTESIAN_POINT('',(3.100000000405E0,6.341353746E1,-1.290050384189E1));
#1453=LINE('',#1452,#1451);
#1454=DIRECTION('',(1.E0,0.E0,0.E0));
#1455=VECTOR('',#1454,3.E-1);
#1456=CARTESIAN_POINT('',(3.100000000405E0,6.341353746E1,-1.248050384189E1));
#1457=LINE('',#1456,#1455);
#1458=DIRECTION('',(1.E0,0.E0,0.E0));
#1459=VECTOR('',#1458,3.E-1);
#1460=CARTESIAN_POINT('',(3.100000000405E0,6.114970122E1,-1.336820027189E1));
#1461=LINE('',#1460,#1459);
#1462=DIRECTION('',(0.E0,0.E0,1.E0));
#1463=VECTOR('',#1462,7.7362413E-1);
#1464=CARTESIAN_POINT('',(3.400000000405E0,6.114970122E1,-1.414182440189E1));
#1465=LINE('',#1464,#1463);
#1466=DIRECTION('',(0.E0,0.E0,-1.E0));
#1467=VECTOR('',#1466,7.7362413E-1);
#1468=CARTESIAN_POINT('',(3.100000000405E0,6.114970122E1,-1.336820027189E1));
#1469=LINE('',#1468,#1467);
#1470=DIRECTION('',(1.E0,0.E0,1.184237892934E-14));
#1471=VECTOR('',#1470,3.E-1);
#1472=CARTESIAN_POINT('',(3.100000000405E0,6.114970122E1,-1.414182440189E1));
#1473=LINE('',#1472,#1471);
#1474=DIRECTION('',(1.E0,0.E0,0.E0));
#1475=VECTOR('',#1474,3.E-1);
#1476=CARTESIAN_POINT('',(3.100000000405E0,6.256006272E1,-1.414182440189E1));
#1477=LINE('',#1476,#1475);
#1478=DIRECTION('',(1.E0,0.E0,0.E0));
#1479=VECTOR('',#1478,3.E-1);
#1480=CARTESIAN_POINT('',(3.100000000405E0,6.256006272E1,-1.378820027189E1));
#1481=LINE('',#1480,#1479);
#1482=DIRECTION('',(1.E0,0.E0,0.E0));
#1483=VECTOR('',#1482,3.E-1);
#1484=CARTESIAN_POINT('',(3.100000000405E0,6.341353746E1,-1.378820027189E1));
#1485=LINE('',#1484,#1483);
#1486=DIRECTION('',(1.E0,0.E0,0.E0));
#1487=VECTOR('',#1486,3.E-1);
#1488=CARTESIAN_POINT('',(3.100000000405E0,6.341353746E1,-1.336820027189E1));
#1489=LINE('',#1488,#1487);
#1490=DIRECTION('',(1.E0,0.E0,0.E0));
#1491=VECTOR('',#1490,3.E-1);
#1492=CARTESIAN_POINT('',(3.100000000405E0,6.214006272E1,-1.378820027189E1));
#1493=LINE('',#1492,#1491);
#1494=DIRECTION('',(1.E0,0.E0,0.E0));
#1495=VECTOR('',#1494,3.E-1);
#1496=CARTESIAN_POINT('',(3.100000000405E0,6.214006272E1,-1.414182440189E1));
#1497=LINE('',#1496,#1495);
#1498=DIRECTION('',(1.E0,0.E0,0.E0));
#1499=VECTOR('',#1498,3.E-1);
#1500=CARTESIAN_POINT('',(3.100000000405E0,6.156970122E1,-1.414182440189E1));
#1501=LINE('',#1500,#1499);
#1502=DIRECTION('',(1.E0,0.E0,0.E0));
#1503=VECTOR('',#1502,3.E-1);
#1504=CARTESIAN_POINT('',(3.100000000405E0,6.156970122E1,-1.378820027189E1));
#1505=LINE('',#1504,#1503);
#1506=DIRECTION('',(1.E0,0.E0,0.E0));
#1507=VECTOR('',#1506,3.E-1);
#1508=CARTESIAN_POINT('',(3.100000000405E0,6.27425784E1,-1.519128956189E1));
#1509=LINE('',#1508,#1507);
#1510=DIRECTION('',(1.E0,0.E0,0.E0));
#1511=VECTOR('',#1510,3.E-1);
#1512=CARTESIAN_POINT('',(3.100000000405E0,6.114970122E1,-1.519128956189E1));
#1513=LINE('',#1512,#1511);
#1514=DIRECTION('',(1.E0,0.E0,0.E0));
#1515=VECTOR('',#1514,3.E-1);
#1516=CARTESIAN_POINT('',(3.100000000405E0,6.114970122E1,-1.561128956189E1));
#1517=LINE('',#1516,#1515);
#1518=DIRECTION('',(1.E0,0.E0,0.E0));
#1519=VECTOR('',#1518,3.E-1);
#1520=CARTESIAN_POINT('',(3.100000000405E0,6.27425784E1,-1.561128956189E1));
#1521=LINE('',#1520,#1519);
#1522=DIRECTION('',(1.E0,0.E0,0.E0));
#1523=VECTOR('',#1522,3.E-1);
#1524=CARTESIAN_POINT('',(3.100000000405E0,6.27425784E1,-1.611320768189E1));
#1525=LINE('',#1524,#1523);
#1526=DIRECTION('',(1.E0,0.E0,0.E0));
#1527=VECTOR('',#1526,3.E-1);
#1528=CARTESIAN_POINT('',(3.100000000405E0,6.114970122E1,-1.611320768189E1));
#1529=LINE('',#1528,#1527);
#1530=DIRECTION('',(1.E0,0.E0,0.E0));
#1531=VECTOR('',#1530,3.E-1);
#1532=CARTESIAN_POINT('',(3.100000000405E0,6.114970122E1,-1.653320768189E1));
#1533=LINE('',#1532,#1531);
#1534=DIRECTION('',(1.E0,0.E0,0.E0));
#1535=VECTOR('',#1534,3.E-1);
#1536=CARTESIAN_POINT('',(3.100000000405E0,6.27425784E1,-1.653320768189E1));
#1537=LINE('',#1536,#1535);
#1538=DIRECTION('',(1.E0,0.E0,0.E0));
#1539=VECTOR('',#1538,2.E-1);
#1540=CARTESIAN_POINT('',(3.100000000405E0,6.225E1,-1.950050384189E1));
#1541=LINE('',#1540,#1539);
#1542=DIRECTION('',(1.E0,0.E0,0.E0));
#1543=VECTOR('',#1542,2.E-1);
#1544=CARTESIAN_POINT('',(3.100000000405E0,6.225E1,-5.000503841889E0));
#1545=LINE('',#1544,#1543);
#1546=CARTESIAN_POINT('',(3.300000000405E0,6.225E1,-1.225050384189E1));
#1547=DIRECTION('',(-1.E0,0.E0,0.E0));
#1548=DIRECTION('',(0.E0,0.E0,-1.E0));
#1549=AXIS2_PLACEMENT_3D('',#1546,#1547,#1548);
#1551=CARTESIAN_POINT('',(3.300000000405E0,6.225E1,-1.225050384189E1));
#1552=DIRECTION('',(-1.E0,0.E0,0.E0));
#1553=DIRECTION('',(0.E0,0.E0,1.E0));
#1554=AXIS2_PLACEMENT_3D('',#1551,#1552,#1553);
#1556=CARTESIAN_POINT('',(3.300000000405E0,6.225E1,-1.225050384189E1));
#1557=DIRECTION('',(1.E0,0.E0,0.E0));
#1558=DIRECTION('',(0.E0,0.E0,-1.E0));
#1559=AXIS2_PLACEMENT_3D('',#1556,#1557,#1558);
#1561=CARTESIAN_POINT('',(3.300000000405E0,6.225E1,-1.225050384189E1));
#1562=DIRECTION('',(1.E0,0.E0,0.E0));
#1563=DIRECTION('',(0.E0,0.E0,1.E0));
#1564=AXIS2_PLACEMENT_3D('',#1561,#1562,#1563);
#1566=DIRECTION('',(1.E0,0.E0,0.E0));
#1567=VECTOR('',#1566,2.E-1);
#1568=CARTESIAN_POINT('',(3.100000000405E0,6.225E1,-1.830050384189E1));
#1569=LINE('',#1568,#1567);
#1570=DIRECTION('',(1.E0,0.E0,0.E0));
#1571=VECTOR('',#1570,2.E-1);
#1572=CARTESIAN_POINT('',(3.100000000405E0,6.225E1,-6.200503841889E0));
#1573=LINE('',#1572,#1571);
#1574=CARTESIAN_POINT('',(3.500000000405E0,1.225E1,-1.225050384189E1));
#1575=DIRECTION('',(-1.E0,0.E0,0.E0));
#1576=DIRECTION('',(0.E0,1.E0,0.E0));
#1577=AXIS2_PLACEMENT_3D('',#1574,#1575,#1576);
#1579=CARTESIAN_POINT('',(3.500000000405E0,1.225E1,-1.225050384189E1));
#1580=DIRECTION('',(-1.E0,0.E0,0.E0));
#1581=DIRECTION('',(0.E0,-1.E0,0.E0));
#1582=AXIS2_PLACEMENT_3D('',#1579,#1580,#1581);
#1584=DIRECTION('',(0.E0,0.E0,-1.E0));
#1585=VECTOR('',#1584,2.847207967057E0);
#1586=CARTESIAN_POINT('',(3.500000000405E0,1.935E1,-8.786402226752E0));
#1587=LINE('',#1586,#1585);
#1588=DIRECTION('',(0.E0,0.E0,-1.E0));
#1589=VECTOR('',#1588,2.847207967057E0);
#1590=CARTESIAN_POINT('',(3.500000000405E0,1.935E1,-1.286739748997E1));
#1591=LINE('',#1590,#1589);
#1592=DIRECTION('',(7.071067811865E-1,-7.071067811866E-1,-2.639304488396E-10));
#1593=VECTOR('',#1592,4.242640687256E-1);
#1594=CARTESIAN_POINT('',(3.200000000437E0,2.299999999997E1,-1.225050384227E1));
#1595=LINE('',#1594,#1593);
#1596=CARTESIAN_POINT('',(3.200000000405E0,1.225E1,-1.225050384189E1));
#1597=DIRECTION('',(-1.E0,0.E0,0.E0));
#1598=DIRECTION('',(0.E0,1.E0,0.E0));
#1599=AXIS2_PLACEMENT_3D('',#1596,#1597,#1598);
#1601=CARTESIAN_POINT('',(1.600000000405E0,1.225E1,-1.225050384189E1));
#1602=DIRECTION('',(-1.E0,0.E0,0.E0));
#1603=DIRECTION('',(0.E0,1.E0,0.E0));
#1604=AXIS2_PLACEMENT_3D('',#1601,#1602,#1603);
#1606=CARTESIAN_POINT('',(3.200000000405E0,1.225E1,-1.225050384189E1));
#1607=DIRECTION('',(-1.E0,0.E0,0.E0));
#1608=DIRECTION('',(0.E0,-1.E0,0.E0));
#1609=AXIS2_PLACEMENT_3D('',#1606,#1607,#1608);
#1611=DIRECTION('',(-1.E0,8.922307336956E-12,-1.257443038520E-9));
#1612=VECTOR('',#1611,1.600000000080E0);
#1613=CARTESIAN_POINT('',(3.200000000437E0,1.500000000033E0,-1.225050384151E1));
#1614=LINE('',#1613,#1612);
#1615=CARTESIAN_POINT('',(1.600000000405E0,1.225E1,-1.225050384189E1));
#1616=DIRECTION('',(-1.E0,0.E0,0.E0));
#1617=DIRECTION('',(0.E0,-1.E0,0.E0));
#1618=AXIS2_PLACEMENT_3D('',#1615,#1616,#1617);
#1620=DIRECTION('',(-1.E0,-8.912870441247E-12,1.257441928297E-9));
#1621=VECTOR('',#1620,1.600000000080E0);
#1622=CARTESIAN_POINT('',(3.200000000437E0,2.299999999997E1,-1.225050384227E1));
#1623=LINE('',#1622,#1621);
#1624=DIRECTION('',(7.071067811866E-1,7.071067811865E-1,2.639304488396E-10));
#1625=VECTOR('',#1624,4.242640687256E-1);
#1626=CARTESIAN_POINT('',(3.200000000437E0,1.500000000033E0,-1.225050384151E1));
#1627=LINE('',#1626,#1625);
#1628=DIRECTION('',(7.071067811865E-1,-7.071067811866E-1,1.140318377014E-9));
#1629=VECTOR('',#1628,4.242640687316E-1);
#1630=CARTESIAN_POINT('',(1.300000000344E0,1.800000000061E0,-1.225050384401E1));
#1631=LINE('',#1630,#1629);
#1632=CARTESIAN_POINT('',(1.300000000405E0,1.225E1,-1.225050384189E1));
#1633=DIRECTION('',(-1.E0,0.E0,0.E0));
#1634=DIRECTION('',(0.E0,1.E0,0.E0));
#1635=AXIS2_PLACEMENT_3D('',#1632,#1633,#1634);
#1637=CARTESIAN_POINT('',(1.300000000405E0,1.225E1,-1.225050384189E1));
#1638=DIRECTION('',(-1.E0,0.E0,0.E0));
#1639=DIRECTION('',(0.E0,-1.E0,0.E0));
#1640=AXIS2_PLACEMENT_3D('',#1637,#1638,#1639);
#1642=CARTESIAN_POINT('',(3.000000004045E-1,1.225E1,-1.225050384189E1));
#1643=DIRECTION('',(-1.E0,0.E0,0.E0));
#1644=DIRECTION('',(0.E0,-1.E0,-1.243449787580E-13));
#1645=AXIS2_PLACEMENT_3D('',#1642,#1643,#1644);
#1647=CARTESIAN_POINT('',(1.300000000405E0,1.225E1,-1.225050384189E1));
#1648=DIRECTION('',(-1.E0,0.E0,0.E0));
#1649=DIRECTION('',(0.E0,-1.E0,-1.243449787580E-13));
#1650=AXIS2_PLACEMENT_3D('',#1647,#1648,#1649);
#1652=DIRECTION('',(7.071067811865E-1,-7.071067811866E-1,-1.200496880649E-9));
#1653=VECTOR('',#1652,4.242640687734E-1);
#1654=CARTESIAN_POINT('',(1.951416805923E-10,6.950000000209E0,
-1.225050383944E1));
#1655=LINE('',#1654,#1653);
#1656=CARTESIAN_POINT('',(4.045244139661E-10,1.225E1,-1.225050384189E1));
#1657=DIRECTION('',(-1.E0,0.E0,0.E0));
#1658=DIRECTION('',(0.E0,-1.E0,0.E0));
#1659=AXIS2_PLACEMENT_3D('',#1656,#1657,#1658);
#1661=CARTESIAN_POINT('',(4.045244139661E-10,1.225E1,-1.225050384189E1));
#1662=DIRECTION('',(-1.E0,0.E0,0.E0));
#1663=DIRECTION('',(0.E0,1.E0,0.E0));
#1664=AXIS2_PLACEMENT_3D('',#1661,#1662,#1663);
#1666=CARTESIAN_POINT('',(4.045395129992E-10,1.225E1,-1.225050384189E1));
#1667=DIRECTION('',(-1.E0,0.E0,0.E0));
#1668=DIRECTION('',(0.E0,1.E0,0.E0));
#1669=AXIS2_PLACEMENT_3D('',#1666,#1667,#1668);
#1671=CARTESIAN_POINT('',(4.045395129992E-10,1.225E1,-1.225050384189E1));
#1672=DIRECTION('',(-1.E0,0.E0,0.E0));
#1673=DIRECTION('',(0.E0,-1.E0,-1.219988470833E-13));
#1674=AXIS2_PLACEMENT_3D('',#1671,#1672,#1673);
#1676=DIRECTION('',(1.E0,0.E0,0.E0));
#1677=VECTOR('',#1676,1.2E0);
#1678=CARTESIAN_POINT('',(4.045244139661E-10,7.4E0,-1.225050384189E1));
#1679=LINE('',#1678,#1677);
#1680=DIRECTION('',(-1.E0,0.E0,0.E0));
#1681=VECTOR('',#1680,1.2E0);
#1682=CARTESIAN_POINT('',(1.200000000405E0,1.71E1,-1.225050384189E1));
#1683=LINE('',#1682,#1681);
#1684=CARTESIAN_POINT('',(1.200000000405E0,1.225E1,-1.225050384189E1));
#1685=DIRECTION('',(1.E0,0.E0,0.E0));
#1686=DIRECTION('',(0.E0,-1.E0,0.E0));
#1687=AXIS2_PLACEMENT_3D('',#1684,#1685,#1686);
#1689=CARTESIAN_POINT('',(1.200000000405E0,1.225E1,-1.225050384189E1));
#1690=DIRECTION('',(1.E0,0.E0,0.E0));
#1691=DIRECTION('',(0.E0,1.E0,0.E0));
#1692=AXIS2_PLACEMENT_3D('',#1689,#1690,#1691);
#1694=CARTESIAN_POINT('',(1.200000000405E0,1.340000000009E1,-1.424236227075E1));
#1695=DIRECTION('',(-1.E0,0.E0,0.E0));
#1696=DIRECTION('',(0.E0,-5.374993982659E-1,-8.432641323238E-1));
#1697=AXIS2_PLACEMENT_3D('',#1694,#1695,#1696);
#1699=DIRECTION('',(0.E0,-8.660254037845E-1,-4.999999999999E-1));
#1700=VECTOR('',#1699,2.306512518798E0);
#1701=CARTESIAN_POINT('',(1.200000000405E0,1.469874921780E1,-1.418534938332E1));
#1702=LINE('',#1701,#1700);
#1703=CARTESIAN_POINT('',(1.200000000405E0,1.340000000009E1,-1.025864541303E1));
#1704=DIRECTION('',(-1.E0,0.E0,0.E0));
#1705=DIRECTION('',(0.E0,9.990378598256E-1,-4.385606725509E-2));
#1706=AXIS2_PLACEMENT_3D('',#1703,#1704,#1705);
#1708=DIRECTION('',(0.E0,8.660254037845E-1,-4.999999999999E-1));
#1709=VECTOR('',#1708,2.306512518798E0);
#1710=CARTESIAN_POINT('',(1.200000000405E0,1.270125078238E1,-9.162402041058E0));
#1711=LINE('',#1710,#1709);
#1712=CARTESIAN_POINT('',(1.200000000405E0,9.949999999818E0,-1.225050384189E1));
#1713=DIRECTION('',(-1.E0,0.E0,0.E0));
#1714=DIRECTION('',(0.E0,-4.615384615597E-1,8.871201995790E-1));
#1715=AXIS2_PLACEMENT_3D('',#1712,#1713,#1714);
#1717=DIRECTION('',(0.E0,0.E0,1.E0));
#1718=VECTOR('',#1717,2.306512518798E0);
#1719=CARTESIAN_POINT('',(1.200000000405E0,9.349999999819E0,-1.340376010129E1));
#1720=LINE('',#1719,#1718);
#1721=CARTESIAN_POINT('',(1.200000000405E0,1.340000000009E1,-1.424236227075E1));
#1722=DIRECTION('',(-1.E0,0.E0,0.E0));
#1723=DIRECTION('',(0.E0,0.E0,-1.E0));
#1724=AXIS2_PLACEMENT_3D('',#1721,#1722,#1723);
#1726=CARTESIAN_POINT('',(1.200000000405E0,1.340000000009E1,-1.424236227075E1));
#1727=DIRECTION('',(-1.E0,0.E0,0.E0));
#1728=DIRECTION('',(0.E0,0.E0,1.E0));
#1729=AXIS2_PLACEMENT_3D('',#1726,#1727,#1728);
#1731=CARTESIAN_POINT('',(1.200000000405E0,1.340000000009E1,-1.025864541303E1));
#1732=DIRECTION('',(-1.E0,0.E0,0.E0));
#1733=DIRECTION('',(0.E0,0.E0,-1.E0));
#1734=AXIS2_PLACEMENT_3D('',#1731,#1732,#1733);
#1736=CARTESIAN_POINT('',(1.200000000405E0,1.340000000009E1,-1.025864541303E1));
#1737=DIRECTION('',(-1.E0,0.E0,0.E0));
#1738=DIRECTION('',(0.E0,0.E0,1.E0));
#1739=AXIS2_PLACEMENT_3D('',#1736,#1737,#1738);
#1741=CARTESIAN_POINT('',(1.200000000405E0,9.949999999818E0,-1.225050384189E1));
#1742=DIRECTION('',(-1.E0,0.E0,0.E0));
#1743=DIRECTION('',(0.E0,0.E0,-1.E0));
#1744=AXIS2_PLACEMENT_3D('',#1741,#1742,#1743);
#1746=CARTESIAN_POINT('',(1.200000000405E0,9.949999999818E0,-1.225050384189E1));
#1747=DIRECTION('',(-1.E0,0.E0,0.E0));
#1748=DIRECTION('',(0.E0,0.E0,1.E0));
#1749=AXIS2_PLACEMENT_3D('',#1746,#1747,#1748);
#1751=DIRECTION('',(-1.E0,0.E0,0.E0));
#1752=VECTOR('',#1751,8.999999999999E-1);
#1753=CARTESIAN_POINT('',(1.200000000405E0,1.270125078238E1,-1.533860564272E1));
#1754=LINE('',#1753,#1752);
#1755=CARTESIAN_POINT('',(-3.199999999595E0,1.212878573588E1,
-1.451441795311E1));
#1756=CARTESIAN_POINT('',(-3.045953791506E0,1.212878573588E1,
-1.451441795311E1));
#1757=CARTESIAN_POINT('',(-2.739123732427E0,1.213107888381E1,
-1.452547856571E1));
#1758=CARTESIAN_POINT('',(-2.282205210556E0,1.214248187682E1,
-1.457409553988E1));
#1759=CARTESIAN_POINT('',(-1.829993308258E0,1.216515241660E1,
-1.465252003598E1));
#1760=CARTESIAN_POINT('',(-1.383063512391E0,1.220425712836E1,
-1.475770900164E1));
#1761=CARTESIAN_POINT('',(-9.414806607405E-1,1.226699556495E1,
-1.488621854923E1));
#1762=CARTESIAN_POINT('',(-5.102048291202E-1,1.236150572360E1,
-1.503202787222E1));
#1763=CARTESIAN_POINT('',(-9.079386071533E-2,1.249900503577E1,
-1.518841671553E1));
#1764=CARTESIAN_POINT('',(1.728987115062E-1,1.262607522924E1,
-1.529068849194E1));
#1765=CARTESIAN_POINT('',(3.000000004046E-1,1.270125078238E1,
-1.533860564272E1));
#1767=CARTESIAN_POINT('',(3.000000004049E-1,1.469874921780E1,
-1.418534938332E1));
#1768=CARTESIAN_POINT('',(1.728830810843E-1,1.469483904372E1,
-1.409627591661E1));
#1769=CARTESIAN_POINT('',(-9.086357768357E-2,1.466979846280E1,
-1.393506060591E1));
#1770=CARTESIAN_POINT('',(-5.104834252923E-1,1.460307027649E1,
-1.373771005371E1));
#1771=CARTESIAN_POINT('',(-9.419650119799E-1,1.452400779840E1,
-1.358292443897E1));
#1772=CARTESIAN_POINT('',(-1.383652774805E0,1.444407263583E1,
-1.346435729296E1));
#1773=CARTESIAN_POINT('',(-1.830486591594E0,1.437256139199E1,
-1.337795647360E1));
#1774=CARTESIAN_POINT('',(-2.282495706157E0,1.431602195800E1,
-1.331916111335E1));
#1775=CARTESIAN_POINT('',(-2.739195733767E0,1.427964541950E1,
-1.328500168912E1));
#1776=CARTESIAN_POINT('',(-3.045968547220E0,1.427121426436E1,
-1.327748626547E1));
#1777=CARTESIAN_POINT('',(-3.199999999595E0,1.427121426436E1,
-1.327748626547E1));
#1779=DIRECTION('',(-1.E0,0.E0,0.E0));
#1780=VECTOR('',#1779,8.999999999997E-1);
#1781=CARTESIAN_POINT('',(1.200000000405E0,1.469874921780E1,-1.418534938332E1));
#1782=LINE('',#1781,#1780);
#1783=DIRECTION('',(1.125328975591E-13,8.660254037845E-1,4.999999999999E-1));
#1784=VECTOR('',#1783,4.824358661489E-1);
#1785=CARTESIAN_POINT('',(3.000000004048E-1,1.428094750202E1,
-1.442656731640E1));
#1786=LINE('',#1785,#1784);
#1787=DIRECTION('',(-1.E0,1.421085471521E-14,0.E0));
#1788=VECTOR('',#1787,4.999999999997E-1);
#1789=CARTESIAN_POINT('',(8.000000004045E-1,1.428094750202E1,
-1.442656731640E1));
#1790=LINE('',#1789,#1788);
#1791=CARTESIAN_POINT('',(8.000000004045E-1,1.428094750202E1,
-1.442656731640E1));
#1792=CARTESIAN_POINT('',(8.266560612145E-1,1.422940219701E1,
-1.445632701212E1));
#1793=CARTESIAN_POINT('',(8.744089612450E-1,1.413093955503E1,
-1.451317444497E1));
#1794=CARTESIAN_POINT('',(9.277282990139E-1,1.399744182583E1,
-1.459024939486E1));
#1795=CARTESIAN_POINT('',(9.629504634415E-1,1.387538122629E1,
-1.466072111486E1));
#1796=CARTESIAN_POINT('',(9.810388865107E-1,1.375823047033E1,
-1.472835813536E1));
#1797=CARTESIAN_POINT('',(9.809236508126E-1,1.364081080498E1,
-1.479615041075E1));
#1798=CARTESIAN_POINT('',(9.628911868583E-1,1.352420548862E1,
-1.486347252154E1));
#1799=CARTESIAN_POINT('',(9.390340513237E-1,1.344193613940E1,
-1.491097075246E1));
#1800=CARTESIAN_POINT('',(9.244861093603E-1,1.340000000009E1,
-1.493518259378E1));
#1802=CARTESIAN_POINT('',(9.244861093603E-1,1.340000000009E1,
-1.493518259378E1));
#1803=CARTESIAN_POINT('',(9.146264343078E-1,1.337157833690E1,
-1.495159184867E1));
#1804=CARTESIAN_POINT('',(8.921536202542E-1,1.331290952082E1,
-1.498546430543E1));
#1805=CARTESIAN_POINT('',(8.508101400157E-1,1.322003754772E1,
-1.503908396410E1));
#1806=CARTESIAN_POINT('',(8.177798995142E-1,1.315343380938E1,
-1.507753765036E1));
#1807=CARTESIAN_POINT('',(8.000000004045E-1,1.311905249816E1,
-1.509738770965E1));
#1809=DIRECTION('',(-1.E0,0.E0,-1.065814103640E-14));
#1810=VECTOR('',#1809,4.999999999999E-1);
#1811=CARTESIAN_POINT('',(8.000000004045E-1,1.311905249816E1,
-1.509738770965E1));
#1812=LINE('',#1811,#1810);
#1813=DIRECTION('',(1.091960324986E-13,8.660254037845E-1,4.999999999999E-1));
#1814=VECTOR('',#1813,4.824358661489E-1);
#1815=CARTESIAN_POINT('',(3.000000004046E-1,1.270125078238E1,
-1.533860564272E1));
#1816=LINE('',#1815,#1814);
#1817=DIRECTION('',(0.E0,0.E0,-1.E0));
#1818=VECTOR('',#1817,4.307059127814E-1);
#1819=CARTESIAN_POINT('',(-3.199999999595E0,1.034999999976E1,
-1.101357215425E1));
#1820=LINE('',#1819,#1818);
#1821=DIRECTION('',(0.E0,0.E0,-1.E0));
#1822=VECTOR('',#1821,4.307059127814E-1);
#1823=CARTESIAN_POINT('',(-3.199999999595E0,1.034999999976E1,
-1.305672961675E1));
#1824=LINE('',#1823,#1822);
#1825=CARTESIAN_POINT('',(-3.199999999595E0,9.949999999818E0,
-1.225050384189E1));
#1826=DIRECTION('',(-1.E0,0.E0,0.E0));
#1827=DIRECTION('',(0.E0,3.076923076601E-1,9.514859136145E-1));
#1828=AXIS2_PLACEMENT_3D('',#1825,#1826,#1827);
#1830=DIRECTION('',(0.E0,8.660254037844E-1,5.E-1));
#1831=VECTOR('',#1830,4.307059127814E-1);
#1832=CARTESIAN_POINT('',(-3.199999999595E0,1.212878573588E1,
-1.451441795311E1));
#1833=LINE('',#1832,#1831);
#1834=DIRECTION('',(0.E0,8.660254037844E-1,5.E-1));
#1835=VECTOR('',#1834,4.307059127815E-1);
#1836=CARTESIAN_POINT('',(-3.199999999595E0,1.389821200234E1,
-1.349283922186E1));
#1837=LINE('',#1836,#1835);
#1838=CARTESIAN_POINT('',(-3.199999999595E0,1.340000000009E1,
-1.424236227075E1));
#1839=DIRECTION('',(-1.E0,0.E0,0.E0));
#1840=DIRECTION('',(0.E0,-9.778571263633E-1,-2.092736018244E-1));
#1841=AXIS2_PLACEMENT_3D('',#1838,#1839,#1840);
#1843=DIRECTION('',(0.E0,-8.660254037844E-1,5.E-1));
#1844=VECTOR('',#1843,4.307059127814E-1);
#1845=CARTESIAN_POINT('',(-3.199999999595E0,1.427121426436E1,
-1.122352141831E1));
#1846=LINE('',#1845,#1844);
#1847=DIRECTION('',(0.E0,-8.660254037844E-1,5.E-1));
#1848=VECTOR('',#1847,4.307059127814E-1);
#1849=CARTESIAN_POINT('',(-3.199999999595E0,1.250178799791E1,
-1.020194268706E1));
#1850=LINE('',#1849,#1848);
#1851=CARTESIAN_POINT('',(-3.199999999595E0,1.340000000009E1,
-1.025864541303E1));
#1852=DIRECTION('',(-1.E0,0.E0,0.E0));
#1853=DIRECTION('',(0.E0,6.701648187033E-1,-7.422123117898E-1));
#1854=AXIS2_PLACEMENT_3D('',#1851,#1852,#1853);
#1856=DIRECTION('',(-1.E0,0.E0,0.E0));
#1857=VECTOR('',#1856,9.E-1);
#1858=CARTESIAN_POINT('',(1.200000000405E0,9.349999999819E0,-1.109724758249E1));
#1859=LINE('',#1858,#1857);
#1860=CARTESIAN_POINT('',(-3.199999999595E0,1.034999999976E1,
-1.101357215425E1));
#1861=CARTESIAN_POINT('',(-3.045953791506E0,1.034999999976E1,
-1.101357215425E1));
#1862=CARTESIAN_POINT('',(-2.739123732427E0,1.033927465430E1,
-1.101002777231E1));
#1863=CARTESIAN_POINT('',(-2.282205210556E0,1.029146962311E1,
-1.099559456685E1));
#1864=CARTESIAN_POINT('',(-1.829993308258E0,1.021221674731E1,
-1.097601558217E1));
#1865=CARTESIAN_POINT('',(-1.383063512391E0,1.010156807498E1,
-1.095728677313E1));
#1866=CARTESIAN_POINT('',(-9.414806607405E-1,9.958906323837E0,
-1.094736507922E1));
#1867=CARTESIAN_POINT('',(-5.102048291202E-1,9.785376666697E0,
-1.095630861603E1));
#1868=CARTESIAN_POINT('',(-9.079386071535E-2,9.581190299440E0,
-1.099719209172E1));
#1869=CARTESIAN_POINT('',(1.728987115061E-1,9.429085246239E0,
-1.105610221912E1));
#1870=CARTESIAN_POINT('',(3.000000004045E-1,9.349999999819E0,
-1.109724758249E1));
#1872=CARTESIAN_POINT('',(3.000000004045E-1,9.349999999819E0,
-1.340376010129E1));
#1873=CARTESIAN_POINT('',(1.728830810841E-1,9.429094971835E0,
-1.344491052456E1));
#1874=CARTESIAN_POINT('',(-9.086357768367E-2,9.581231816839E0,
-1.350383240070E1));
#1875=CARTESIAN_POINT('',(-5.104834252925E-1,9.785506501650E0,
-1.354471937231E1));
#1876=CARTESIAN_POINT('',(-9.419650119800E-1,9.959086015206E0,
-1.355364206517E1));
#1877=CARTESIAN_POINT('',(-1.383652774805E0,1.010173575699E1,
-1.354369975673E1));
#1878=CARTESIAN_POINT('',(-1.830486591594E0,1.021231668338E1,
-1.352496961259E1));
#1879=CARTESIAN_POINT('',(-2.282495706157E0,1.029150467598E1,
-1.350540270656E1));
#1880=CARTESIAN_POINT('',(-2.739195733767E0,1.033927587439E1,
-1.349097941223E1));
#1881=CARTESIAN_POINT('',(-3.045968547220E0,1.034999999976E1,
-1.348743552953E1));
#1882=CARTESIAN_POINT('',(-3.199999999595E0,1.034999999976E1,
-1.348743552953E1));
#1884=DIRECTION('',(-1.E0,0.E0,0.E0));
#1885=VECTOR('',#1884,9.E-1);
#1886=CARTESIAN_POINT('',(1.200000000405E0,9.349999999819E0,-1.340376010129E1));
#1887=LINE('',#1886,#1885);
#1888=DIRECTION('',(0.E0,0.E0,-1.E0));
#1889=VECTOR('',#1888,4.824358661489E-1);
#1890=CARTESIAN_POINT('',(3.000000004045E-1,9.349999999819E0,
-1.292132423514E1));
#1891=LINE('',#1890,#1889);
#1892=DIRECTION('',(-1.E0,0.E0,0.E0));
#1893=VECTOR('',#1892,5.E-1);
#1894=CARTESIAN_POINT('',(8.000000004045E-1,9.349999999819E0,
-1.292132423514E1));
#1895=LINE('',#1894,#1893);
#1896=CARTESIAN_POINT('',(8.000000004045E-1,9.349999999819E0,
-1.292132423514E1));
#1897=CARTESIAN_POINT('',(8.265346218161E-1,9.349999999819E0,
-1.286207600150E1));
#1898=CARTESIAN_POINT('',(8.740929614415E-1,9.349999999819E0,
-1.274887043932E1));
#1899=CARTESIAN_POINT('',(9.272284713136E-1,9.349999999819E0,
-1.259553596067E1));
#1900=CARTESIAN_POINT('',(9.626017780198E-1,9.349999999819E0,
-1.245482018527E1));
#1901=CARTESIAN_POINT('',(9.809282337931E-1,9.349999999819E0,
-1.231930522486E1));
#1902=CARTESIAN_POINT('',(9.810645361414E-1,9.349999999819E0,
-1.218371796006E1));
#1903=CARTESIAN_POINT('',(9.630288063538E-1,9.349999999819E0,
-1.204850805230E1));
#1904=CARTESIAN_POINT('',(9.281378233958E-1,9.349999999819E0,
-1.190841157844E1));
#1905=CARTESIAN_POINT('',(8.746436646909E-1,9.349999999819E0,
-1.175343760070E1));
#1906=CARTESIAN_POINT('',(8.267534619367E-1,9.349999999819E0,
-1.163942032277E1));
#1907=CARTESIAN_POINT('',(8.000000004045E-1,9.349999999819E0,
-1.157968344864E1));
#1909=DIRECTION('',(-1.E0,0.E0,0.E0));
#1910=VECTOR('',#1909,5.E-1);
#1911=CARTESIAN_POINT('',(8.000000004045E-1,9.349999999819E0,
-1.157968344864E1));
#1912=LINE('',#1911,#1910);
#1913=DIRECTION('',(0.E0,0.E0,-1.E0));
#1914=VECTOR('',#1913,4.824358661489E-1);
#1915=CARTESIAN_POINT('',(3.000000004045E-1,9.349999999819E0,
-1.109724758249E1));
#1916=LINE('',#1915,#1914);
#1917=CARTESIAN_POINT('',(3.000000004045E-1,9.349999999819E0,
-1.157968344864E1));
#1918=CARTESIAN_POINT('',(2.374201339441E-1,9.388938583391E0,
-1.154485572071E1));
#1919=CARTESIAN_POINT('',(1.064113611151E-1,9.467561904206E0,
-1.148650528028E1));
#1920=CARTESIAN_POINT('',(-1.058545793848E-1,9.584768902927E0,
-1.142480135524E1));
#1921=CARTESIAN_POINT('',(-3.240769453422E-1,9.694879283018E0,
-1.138510476936E1));
#1922=CARTESIAN_POINT('',(-5.433461729741E-1,9.795559318426E0,
-1.136209748140E1));
#1923=CARTESIAN_POINT('',(-7.635127289639E-1,9.887303139744E0,
-1.135119313777E1));
#1924=CARTESIAN_POINT('',(-1.002499642277E0,9.976831881599E0,
-1.134942708510E1));
#1925=CARTESIAN_POINT('',(-1.274839590792E0,1.006665597697E1,
-1.135653075703E1));
#1926=CARTESIAN_POINT('',(-1.597234225742E0,1.015640124632E1,
-1.137301683801E1));
#1927=CARTESIAN_POINT('',(-1.952697785795E0,1.023517460188E1,
-1.139577474156E1));
#1928=CARTESIAN_POINT('',(-2.339899736132E0,1.029811874336E1,
-1.141989695041E1));
#1929=CARTESIAN_POINT('',(-2.756635277785E0,1.033979124943E1,
-1.143910476208E1));
#1930=CARTESIAN_POINT('',(-3.049450241181E0,1.034999999976E1,
-1.144427806703E1));
#1931=CARTESIAN_POINT('',(-3.199999999595E0,1.034999999976E1,
-1.144427806703E1));
#1933=CARTESIAN_POINT('',(8.000000004045E-1,9.949999999818E0,
-1.225050384189E1));
#1934=DIRECTION('',(-1.E0,0.E0,0.E0));
#1935=DIRECTION('',(0.E0,-6.666666666664E-1,7.453559925002E-1));
#1936=AXIS2_PLACEMENT_3D('',#1933,#1934,#1935);
#1938=CARTESIAN_POINT('',(8.000000004045E-1,9.949999999818E0,
-1.225050384189E1));
#1939=DIRECTION('',(1.E0,0.E0,0.E0));
#1940=DIRECTION('',(0.E0,0.E0,-1.E0));
#1941=AXIS2_PLACEMENT_3D('',#1938,#1939,#1940);
#1943=CARTESIAN_POINT('',(8.000000004045E-1,9.949999999818E0,
-1.225050384189E1));
#1944=DIRECTION('',(-1.E0,0.E0,0.E0));
#1945=DIRECTION('',(0.E0,0.E0,-1.E0));
#1946=AXIS2_PLACEMENT_3D('',#1943,#1944,#1945);
#1948=CARTESIAN_POINT('',(-3.199999999595E0,1.034999999976E1,
-1.305672961675E1));
#1949=CARTESIAN_POINT('',(-3.048921787413E0,1.034999999976E1,
-1.305672961675E1));
#1950=CARTESIAN_POINT('',(-2.754190505302E0,1.033974430270E1,
-1.306193240406E1));
#1951=CARTESIAN_POINT('',(-2.330431559333E0,1.029702713288E1,
-1.308160248608E1));
#1952=CARTESIAN_POINT('',(-1.936779677050E0,1.023222685965E1,
-1.310628081218E1));
#1953=CARTESIAN_POINT('',(-1.577477334378E0,1.015143904548E1,
-1.312917348352E1));
#1954=CARTESIAN_POINT('',(-1.259492848759E0,1.006188582816E1,
-1.314505682291E1));
#1955=CARTESIAN_POINT('',(-9.913621540616E-1,9.972859602280E0,
-1.315166561107E1));
#1956=CARTESIAN_POINT('',(-7.552022024863E-1,9.883978926759E0,
-1.314955793162E1));
#1957=CARTESIAN_POINT('',(-5.369912789074E-1,9.792753116325E0,
-1.313840383150E1));
#1958=CARTESIAN_POINT('',(-3.191822957108E-1,9.692497369156E0,
-1.311517879032E1));
#1959=CARTESIAN_POINT('',(-1.026258565945E-1,9.583036703061E0,
-1.307540268146E1));
#1960=CARTESIAN_POINT('',(1.079419964216E-1,9.466654795902E0,
-1.301387392355E1));
#1961=CARTESIAN_POINT('',(2.379082141233E-1,9.388634889057E0,
-1.295588033060E1));
#1962=CARTESIAN_POINT('',(3.000000004045E-1,9.349999999819E0,
-1.292132423514E1));
#1964=CARTESIAN_POINT('',(-3.199999999595E0,9.949999999818E0,
-1.225050384189E1));
#1965=DIRECTION('',(1.E0,0.E0,0.E0));
#1966=DIRECTION('',(0.E0,4.444444443772E-1,-8.958064165110E-1));
#1967=AXIS2_PLACEMENT_3D('',#1964,#1965,#1966);
#1969=DIRECTION('',(-5.150380749101E-1,0.E0,-8.571673007021E-1));
#1970=VECTOR('',#1969,7.766416105641E-1);
#1971=CARTESIAN_POINT('',(1.200000000405E0,9.949999999818E0,-1.248479204895E1));
#1972=LINE('',#1971,#1970);
#1973=DIRECTION('',(-5.150380749101E-1,0.E0,8.571673007021E-1));
#1974=VECTOR('',#1973,7.766416105641E-1);
#1975=CARTESIAN_POINT('',(1.200000000405E0,9.949999999818E0,-1.201621563483E1));
#1976=LINE('',#1975,#1974);
#1977=CARTESIAN_POINT('',(3.000000004046E-1,1.311905249816E1,
-1.509738770965E1));
#1978=CARTESIAN_POINT('',(2.374201339442E-1,1.306942150923E1,
-1.508107977105E1));
#1979=CARTESIAN_POINT('',(1.064113611151E-1,1.297957688509E1,
-1.504216519811E1));
#1980=CARTESIAN_POINT('',(-1.058545793848E-1,1.286753621913E1,
-1.497151292223E1));
#1981=CARTESIAN_POINT('',(-3.240769453422E-1,1.277810277727E1,
-1.489600282880E1));
#1982=CARTESIAN_POINT('',(-5.433461729741E-1,1.270783786372E1,
-1.482031500446E1));
#1983=CARTESIAN_POINT('',(-7.635127289639E-1,1.265252251446E1,
-1.474631469638E1));
#1984=CARTESIAN_POINT('',(-1.002499642277E0,1.260622869706E1,
-1.466966355789E1));
#1985=CARTESIAN_POINT('',(-1.274839590792E0,1.256746860973E1,
-1.458832177346E1));
#1986=CARTESIAN_POINT('',(-1.597234225742E0,1.253687333999E1,
-1.450235704985E1));
#1987=CARTESIAN_POINT('',(-1.952697785795E0,1.251719558482E1,
-1.442275837101E1));
#1988=CARTESIAN_POINT('',(-2.339899736132E0,1.250661395974E1,
-1.435618604105E1));
#1989=CARTESIAN_POINT('',(-2.756635277785E0,1.250241215956E1,
-1.431049268632E1));
#1990=CARTESIAN_POINT('',(-3.049450241181E0,1.250178799791E1,
-1.429906499672E1));
#1991=CARTESIAN_POINT('',(-3.199999999595E0,1.250178799791E1,
-1.429906499672E1));
#1993=CARTESIAN_POINT('',(8.000000004045E-1,1.340000000009E1,
-1.424236227075E1));
#1994=DIRECTION('',(-1.E0,0.E0,0.E0));
#1995=DIRECTION('',(0.E0,-3.121638910350E-1,-9.500282654395E-1));
#1996=AXIS2_PLACEMENT_3D('',#1993,#1994,#1995);
#1998=CARTESIAN_POINT('',(8.000000004045E-1,1.340000000009E1,
-1.424236227075E1));
#1999=DIRECTION('',(1.E0,0.E0,0.E0));
#2000=DIRECTION('',(0.E0,9.788305577013E-1,-2.046722729394E-1));
#2001=AXIS2_PLACEMENT_3D('',#1998,#1999,#2000);
#2003=CARTESIAN_POINT('',(-3.199999999595E0,1.389821200234E1,
-1.349283922186E1));
#2004=CARTESIAN_POINT('',(-3.048921787413E0,1.389821200234E1,
-1.349283922186E1));
#2005=CARTESIAN_POINT('',(-2.754190505302E0,1.390784559685E1,
-1.349911952239E1));
#2006=CARTESIAN_POINT('',(-2.330431559333E0,1.394623897248E1,
-1.352627863562E1));
#2007=CARTESIAN_POINT('',(-1.936779677050E0,1.400001116642E1,
-1.357005815536E1));
#2008=CARTESIAN_POINT('',(-1.577477334378E0,1.406023070845E1,
-1.362857611908E1));
#2009=CARTESIAN_POINT('',(-1.259492848759E0,1.411876269252E1,
-1.369818981057E1));
#2010=CARTESIAN_POINT('',(-9.913621540615E-1,1.416899918389E1,
-1.377198438971E1));
#2011=CARTESIAN_POINT('',(-7.552022024863E-1,1.421161421771E1,
-1.385001115234E1));
#2012=CARTESIAN_POINT('',(-5.369912789073E-1,1.424756738886E1,
-1.393459207172E1));
#2013=CARTESIAN_POINT('',(-3.191822957107E-1,1.427758178678E1,
-1.403302861623E1));
#2014=CARTESIAN_POINT('',(-1.026258565944E-1,1.429786499909E1,
-1.414771238821E1));
#2015=CARTESIAN_POINT('',(1.079419964217E-1,1.430277048525E1,
-1.427926645531E1));
#2016=CARTESIAN_POINT('',(2.379082141235E-1,1.429155651392E1,
-1.437583047311E1));
#2017=CARTESIAN_POINT('',(3.000000004048E-1,1.428094750202E1,
-1.442656731640E1));
#2019=CARTESIAN_POINT('',(-3.199999999595E0,1.340000000009E1,
-1.424236227075E1));
#2020=DIRECTION('',(1.E0,0.E0,0.E0));
#2021=DIRECTION('',(0.E0,5.535688913828E-1,8.328033876571E-1));
#2022=AXIS2_PLACEMENT_3D('',#2019,#2020,#2021);
#2024=DIRECTION('',(-5.150380749101E-1,0.E0,-8.571673007021E-1));
#2025=VECTOR('',#2024,5.349388801834E-1);
#2026=CARTESIAN_POINT('',(1.200000000405E0,1.340000000009E1,-1.447665047781E1));
#2027=LINE('',#2026,#2025);
#2028=DIRECTION('',(-5.150380749101E-1,0.E0,8.571673007021E-1));
#2029=VECTOR('',#2028,7.766416105641E-1);
#2030=CARTESIAN_POINT('',(1.200000000405E0,1.340000000009E1,-1.400807406369E1));
#2031=LINE('',#2030,#2029);
#2032=DIRECTION('',(-1.E0,0.E0,0.E0));
#2033=VECTOR('',#2032,9.000000000003E-1);
#2034=CARTESIAN_POINT('',(1.200000000405E0,1.469874921780E1,-1.031565830046E1));
#2035=LINE('',#2034,#2033);
#2036=CARTESIAN_POINT('',(-3.199999999595E0,1.427121426436E1,
-1.122352141831E1));
#2037=CARTESIAN_POINT('',(-3.045953791506E0,1.427121426436E1,
-1.122352141831E1));
#2038=CARTESIAN_POINT('',(-2.739123732427E0,1.427964646190E1,
-1.121600518765E1));
#2039=CARTESIAN_POINT('',(-2.282205210556E0,1.431604850007E1,
-1.118182141893E1));
#2040=CARTESIAN_POINT('',(-1.829993308258E0,1.437263083609E1,
-1.112297590752E1));
#2041=CARTESIAN_POINT('',(-1.383063512391E0,1.444417479666E1,
-1.103651575089E1));
#2042=CARTESIAN_POINT('',(-9.414806607406E-1,1.452409811121E1,
-1.091792789722E1));
#2043=CARTESIAN_POINT('',(-5.102048291204E-1,1.460311760970E1,
-1.076317503742E1));
#2044=CARTESIAN_POINT('',(-9.079386071545E-2,1.466980466479E1,
-1.056590271842E1));
#2045=CARTESIAN_POINT('',(1.728987115059E-1,1.469483952452E1,
-1.040472081461E1));
#2046=CARTESIAN_POINT('',(3.000000004042E-1,1.469874921780E1,
-1.031565830046E1));
#2048=CARTESIAN_POINT('',(3.000000004039E-1,1.270125078238E1,
-9.162402041058E0));
#2049=CARTESIAN_POINT('',(1.728830810836E-1,1.262606598444E1,
-9.210325084502E0));
#2050=CARTESIAN_POINT('',(-9.086357768387E-2,1.249896972036E1,
-9.312618519053E0));
#2051=CARTESIAN_POINT('',(-5.104834252927E-1,1.236142322186E1,
-9.469082099648E0));
#2052=CARTESIAN_POINT('',(-9.419650119802E-1,1.226690618640E1,
-9.614945021534E0));
#2053=CARTESIAN_POINT('',(-1.383652774805E0,1.220419160718E1,
-9.743454475978E0));
#2054=CARTESIAN_POINT('',(-1.830486591595E0,1.216512192463E1,
-9.848585439475E0));
#2055=CARTESIAN_POINT('',(-2.282495706157E0,1.214247336602E1,
-9.926947705759E0));
#2056=CARTESIAN_POINT('',(-2.739195733767E0,1.213107870611E1,
-9.975530424317E0));
#2057=CARTESIAN_POINT('',(-3.045968547220E0,1.212878573588E1,
-9.986589730669E0));
#2058=CARTESIAN_POINT('',(-3.199999999595E0,1.212878573588E1,
-9.986589730669E0));
#2060=DIRECTION('',(-1.E0,1.776356839399E-14,0.E0));
#2061=VECTOR('',#2060,9.000000000006E-1);
#2062=CARTESIAN_POINT('',(1.200000000405E0,1.270125078238E1,-9.162402041058E0));
#2063=LINE('',#2062,#2061);
#2064=DIRECTION('',(-1.204723351170E-13,-8.660254037845E-1,4.999999999999E-1));
#2065=VECTOR('',#2064,4.824358661489E-1);
#2066=CARTESIAN_POINT('',(3.000000004040E-1,1.311905249816E1,
-9.403619974133E0));
#2067=LINE('',#2066,#2065);
#2068=DIRECTION('',(-1.E0,2.842170943037E-14,-1.065814103639E-14));
#2069=VECTOR('',#2068,5.000000000005E-1);
#2070=CARTESIAN_POINT('',(8.000000004045E-1,1.311905249816E1,
-9.403619974133E0));
#2071=LINE('',#2070,#2069);
#2072=CARTESIAN_POINT('',(8.000000004045E-1,1.311905249816E1,
-9.403619974133E0));
#2073=CARTESIAN_POINT('',(8.178086343967E-1,1.315348937454E1,
-9.423502113983E0));
#2074=CARTESIAN_POINT('',(8.508813307843E-1,1.322017185061E1,
-9.462001259489E0));
#2075=CARTESIAN_POINT('',(8.924140317958E-1,1.331352869726E1,
-9.515900860036E0));
#2076=CARTESIAN_POINT('',(9.147209615094E-1,1.337185082259E1,
-9.549573154791E0));
#2077=CARTESIAN_POINT('',(9.244861093603E-1,1.340000000009E1,
-9.565825090001E0));
#2079=CARTESIAN_POINT('',(9.244861093603E-1,1.340000000009E1,
-9.565825090001E0));
#2080=CARTESIAN_POINT('',(9.388920336438E-1,1.344152675688E1,
-9.589800574210E0));
#2081=CARTESIAN_POINT('',(9.627249220910E-1,1.352337984022E1,
-9.637058473914E0));
#2082=CARTESIAN_POINT('',(9.810571418824E-1,1.364136053431E1,
-9.705174659404E0));
#2083=CARTESIAN_POINT('',(9.809441461274E-1,1.376035827646E1,
-9.773878037870E0));
#2084=CARTESIAN_POINT('',(9.622387770594E-1,1.387850715359E1,
-9.842091323882E0));
#2085=CARTESIAN_POINT('',(9.268592808792E-1,1.399979038324E1,
-9.912114229171E0));
#2086=CARTESIAN_POINT('',(8.738024554242E-1,1.413222226174E1,
-9.988573809870E0));
#2087=CARTESIAN_POINT('',(8.264215712667E-1,1.422985563445E1,
-1.004494246388E1));
#2088=CARTESIAN_POINT('',(8.000000004045E-1,1.428094750202E1,
-1.007444036738E1));
#2090=DIRECTION('',(-1.E0,-1.065814103639E-14,1.776356839399E-14));
#2091=VECTOR('',#2090,5.000000000004E-1);
#2092=CARTESIAN_POINT('',(8.000000004045E-1,1.428094750202E1,
-1.007444036738E1));
#2093=LINE('',#2092,#2091);
#2094=DIRECTION('',(-1.408387184175E-13,-8.660254037845E-1,4.999999999999E-1));
#2095=VECTOR('',#2094,4.824358661489E-1);
#2096=CARTESIAN_POINT('',(3.000000004042E-1,1.469874921780E1,
-1.031565830046E1));
#2097=LINE('',#2096,#2095);
#2098=CARTESIAN_POINT('',(3.000000004042E-1,1.428094750202E1,
-1.007444036738E1));
#2099=CARTESIAN_POINT('',(2.374201339439E-1,1.429163990738E1,
-1.012557603391E1));
#2100=CARTESIAN_POINT('',(1.064113611150E-1,1.430286121070E1,
-1.022284104728E1));
#2101=CARTESIAN_POINT('',(-1.058545793850E-1,1.429769487794E1,
-1.035519724819E1));
#2102=CARTESIAN_POINT('',(-3.240769453424E-1,1.427701793972E1,
-1.047040392751E1));
#2103=CARTESIAN_POINT('',(-5.433461729742E-1,1.424660281786E1,
-1.056909903981E1));
#2104=CARTESIAN_POINT('',(-7.635127289640E-1,1.421017434580E1,
-1.065400369153E1));
#2105=CARTESIAN_POINT('',(-1.002499642277E0,1.416693942134E1,
-1.073242088267E1));
#2106=CARTESIAN_POINT('',(-1.274839590792E0,1.411587541330E1,
-1.080665899518E1));
#2107=CARTESIAN_POINT('',(-1.597234225742E0,1.405672541369E1,
-1.087613763781E1));
#2108=CARTESIAN_POINT('',(-1.952697785795E0,1.399762981330E1,
-1.093297841309E1));
#2109=CARTESIAN_POINT('',(-2.339899736132E0,1.394526729690E1,
-1.097542853421E1));
#2110=CARTESIAN_POINT('',(-2.756635277785E0,1.390779659101E1,
-1.100191407727E1));
#2111=CARTESIAN_POINT('',(-3.049450241181E0,1.389821200234E1,
-1.100816846192E1));
#2112=CARTESIAN_POINT('',(-3.199999999595E0,1.389821200234E1,
-1.100816846192E1));
#2114=CARTESIAN_POINT('',(8.000000004045E-1,1.340000000009E1,
-1.025864541303E1));
#2115=DIRECTION('',(1.E0,0.E0,0.E0));
#2116=DIRECTION('',(0.E0,0.E0,-1.E0));
#2117=AXIS2_PLACEMENT_3D('',#2114,#2115,#2116);
#2119=CARTESIAN_POINT('',(8.000000004045E-1,1.340000000009E1,
-1.025864541303E1));
#2120=DIRECTION('',(-1.E0,0.E0,0.E0));
#2121=DIRECTION('',(0.E0,0.E0,-1.E0));
#2122=AXIS2_PLACEMENT_3D('',#2119,#2120,#2121);
#2124=CARTESIAN_POINT('',(-3.199999999595E0,1.250178799791E1,
-1.020194268706E1));
#2125=CARTESIAN_POINT('',(-3.048921787413E0,1.250178799791E1,
-1.020194268706E1));
#2126=CARTESIAN_POINT('',(-2.754190505302E0,1.250241010045E1,
-1.019045959922E1));
#2127=CARTESIAN_POINT('',(-2.330431559333E0,1.250673389464E1,
-1.014363040397E1));
#2128=CARTESIAN_POINT('',(-1.936779677050E0,1.251776197393E1,
-1.007517255813E1));
#2129=CARTESIAN_POINT('',(-1.577477334378E0,1.253833024608E1,
-9.993761923069E0));
#2130=CARTESIAN_POINT('',(-1.259492848759E0,1.256935147932E1,
-9.908264892183E0));
#2131=CARTESIAN_POINT('',(-9.913621540617E-1,1.260814121383E1,
-9.827861524889E0));
#2132=CARTESIAN_POINT('',(-7.552022024865E-1,1.265440685553E1,
-9.751942441706E0));
#2133=CARTESIAN_POINT('',(-5.369912789075E-1,1.270967949482E1,
-9.678515622453E0));
#2134=CARTESIAN_POINT('',(-3.191822957110E-1,1.277992084407E1,
-9.603304119118E0));
#2135=CARTESIAN_POINT('',(-1.026258565947E-1,1.286909829785E1,
-9.528396455994E0));
#2136=CARTESIAN_POINT('',(1.079419964214E-1,1.298057471884E1,
-9.458371146811E0));
#2137=CARTESIAN_POINT('',(2.379082141230E-1,1.306980859702E1,
-9.419800721958E0));
#2138=CARTESIAN_POINT('',(3.000000004040E-1,1.311905249816E1,
-9.403619974133E0));
#2140=CARTESIAN_POINT('',(-3.199999999595E0,1.340000000009E1,
-1.025864541303E1));
#2141=DIRECTION('',(1.E0,0.E0,0.E0));
#2142=DIRECTION('',(0.E0,-9.980133357602E-1,6.300302885427E-2));
#2143=AXIS2_PLACEMENT_3D('',#2140,#2141,#2142);
#2145=DIRECTION('',(-5.150380749101E-1,0.E0,-8.571673007021E-1));
#2146=VECTOR('',#2145,7.766416105641E-1);
#2147=CARTESIAN_POINT('',(1.200000000405E0,1.340000000009E1,-1.049293362009E1));
#2148=LINE('',#2147,#2146);
#2149=DIRECTION('',(-5.150380749101E-1,0.E0,8.571673007021E-1));
#2150=VECTOR('',#2149,5.349388801834E-1);
#2151=CARTESIAN_POINT('',(1.200000000405E0,1.340000000009E1,-1.002435720597E1));
#2152=LINE('',#2151,#2150);
#2153=DIRECTION('',(7.071067811865E-1,7.071067811866E-1,1.200408955471E-9));
#2154=VECTOR('',#2153,4.242640687734E-1);
#2155=CARTESIAN_POINT('',(1.951422727113E-10,1.754999999979E1,
-1.225050384434E1));
#2156=LINE('',#2155,#2154);
#2157=CARTESIAN_POINT('',(3.000000004045E-1,1.225E1,-1.225050384189E1));
#2158=DIRECTION('',(-1.E0,0.E0,0.E0));
#2159=DIRECTION('',(0.E0,1.E0,0.E0));
#2160=AXIS2_PLACEMENT_3D('',#2157,#2158,#2159);
#2162=DIRECTION('',(1.E0,-1.659348214114E-10,-1.944560068200E-9));
#2163=VECTOR('',#2162,1.000000000166E0);
#2164=CARTESIAN_POINT('',(3.000000002386E-1,6.650000000166E0,
-1.225050383995E1));
#2165=LINE('',#2164,#2163);
#2166=CARTESIAN_POINT('',(1.300000000405E0,1.225E1,-1.225050384189E1));
#2167=DIRECTION('',(-1.E0,0.E0,0.E0));
#2168=DIRECTION('',(0.E0,1.E0,0.E0));
#2169=AXIS2_PLACEMENT_3D('',#2166,#2167,#2168);
#2171=DIRECTION('',(-1.E0,-1.659330450545E-10,-1.944563620914E-9));
#2172=VECTOR('',#2171,1.000000000166E0);
#2173=CARTESIAN_POINT('',(1.300000000405E0,1.785E1,-1.225050384189E1));
#2174=LINE('',#2173,#2172);
#2175=DIRECTION('',(7.071067811866E-1,7.071067811865E-1,-1.140314190100E-9));
#2176=VECTOR('',#2175,4.242640687316E-1);
#2177=CARTESIAN_POINT('',(1.300000000344E0,2.269999999994E1,-1.225050383977E1));
#2178=LINE('',#2177,#2176);
#2179=CARTESIAN_POINT('',(4.800000000405E0,1.929753031908E1,-1.077662582739E1));
#2180=CARTESIAN_POINT('',(4.800000000405E0,1.930688852528E1,-1.081414602863E1));
#2181=CARTESIAN_POINT('',(4.800000000405E0,1.932499038607E1,-1.088929878209E1));
#2182=CARTESIAN_POINT('',(4.800000000405E0,1.934186713236E1,-1.096467518642E1));
#2183=CARTESIAN_POINT('',(4.800000000405E0,1.935E1,-1.100241915069E1));
#2185=CARTESIAN_POINT('',(5.000000000405E0,1.935E1,-9.798233821019E0));
#2186=CARTESIAN_POINT('',(4.979225302264E0,1.935E1,-9.897866816831E0));
#2187=CARTESIAN_POINT('',(4.939596421383E0,1.935E1,-1.009747990023E1));
#2188=CARTESIAN_POINT('',(4.886203788163E0,1.935E1,-1.039806843676E1));
#2189=CARTESIAN_POINT('',(4.839189399957E0,1.935E1,-1.069969235265E1));
#2190=CARTESIAN_POINT('',(4.812294483053E0,1.935E1,-1.090139799126E1));
#2191=CARTESIAN_POINT('',(4.800000000405E0,1.935E1,-1.100241915069E1));
#2193=CARTESIAN_POINT('',(5.000000000405E0,1.935E1,-9.798233821019E0));
#2194=CARTESIAN_POINT('',(5.000000000405E0,1.920258084536E1,-9.417299961449E0));
#2195=CARTESIAN_POINT('',(5.000000000405E0,1.885174411290E1,-8.693673344246E0));
#2196=CARTESIAN_POINT('',(5.000000000405E0,1.816496630827E1,-7.712891132986E0));
#2197=CARTESIAN_POINT('',(5.000000000405E0,1.732891007156E1,-6.853888881901E0));
#2198=CARTESIAN_POINT('',(5.000000000405E0,1.636902792648E1,-6.144212281831E0));
#2199=CARTESIAN_POINT('',(5.000000000405E0,1.531871100010E1,-5.603215352268E0));
#2200=CARTESIAN_POINT('',(5.000000000405E0,1.419103584267E1,-5.237726128567E0));
#2201=CARTESIAN_POINT('',(5.000000000405E0,1.341948310969E1,-5.119927880524E0));
#2202=CARTESIAN_POINT('',(5.000000000405E0,1.302606534705E1,-5.092450854023E0));
#2204=CARTESIAN_POINT('',(4.800000000405E0,1.935E1,-1.405365639256E1));
#2205=CARTESIAN_POINT('',(4.800000000405E0,1.925777351742E1,-1.448404638086E1));
#2206=CARTESIAN_POINT('',(4.800000000405E0,1.900042664650E1,-1.531574023236E1));
#2207=CARTESIAN_POINT('',(4.800000000405E0,1.838323240962E1,-1.650380256231E1));
#2208=CARTESIAN_POINT('',(4.800000000405E0,1.757427509258E1,-1.754946126122E1));
#2209=CARTESIAN_POINT('',(4.800000000405E0,1.658056237231E1,-1.844960007179E1));
#2210=CARTESIAN_POINT('',(4.800000000405E0,1.543395780281E1,-1.916341587013E1));
#2211=CARTESIAN_POINT('',(4.800000000405E0,1.417011651626E1,-1.966743335974E1));
#2212=CARTESIAN_POINT('',(4.800000000405E0,1.281655987987E1,-1.993896603892E1));
#2213=CARTESIAN_POINT('',(4.800000000405E0,1.149496548842E1,-1.996722901896E1));
#2214=CARTESIAN_POINT('',(4.800000000405E0,1.020281722106E1,-1.977596789415E1));
#2215=CARTESIAN_POINT('',(4.800000000405E0,8.977523323447E0,-1.937937479887E1));
#2216=CARTESIAN_POINT('',(4.800000000405E0,7.820194763544E0,-1.877968332202E1));
#2217=CARTESIAN_POINT('',(4.800000000405E0,7.124257486432E0,-1.825788642970E1));
#2218=CARTESIAN_POINT('',(4.800000000405E0,6.794020871769E0,-1.796384714965E1));
#2220=CARTESIAN_POINT('',(5.000000000405E0,1.599772211110E1,-1.920496852136E1));
#2221=CARTESIAN_POINT('',(5.000000000405E0,1.638435022420E1,-1.897887415429E1));
#2222=CARTESIAN_POINT('',(5.000000000405E0,1.710519177419E1,-1.847059579457E1));
#2223=CARTESIAN_POINT('',(5.000000000405E0,1.804824937817E1,-1.753370829488E1));
#2224=CARTESIAN_POINT('',(5.000000000405E0,1.881001983467E1,-1.646490785408E1));
#2225=CARTESIAN_POINT('',(5.000000000405E0,1.919176183331E1,-1.567927158382E1));
#2226=CARTESIAN_POINT('',(5.000000000405E0,1.935E1,-1.526634790499E1));
#2228=CARTESIAN_POINT('',(4.800000000405E0,1.935E1,-1.405365639256E1));
#2229=CARTESIAN_POINT('',(4.812320200446E0,1.935E1,-1.415542797310E1));
#2230=CARTESIAN_POINT('',(4.839260956959E0,1.935E1,-1.435860326363E1));
#2231=CARTESIAN_POINT('',(4.886302530397E0,1.935E1,-1.466232943818E1));
#2232=CARTESIAN_POINT('',(4.939666521972E0,1.935E1,-1.496495404758E1));
#2233=CARTESIAN_POINT('',(4.979253752219E0,1.935E1,-1.516599371842E1));
#2234=CARTESIAN_POINT('',(5.000000000405E0,1.935E1,-1.526634790499E1));
#2236=DIRECTION('',(0.E0,-8.660254037844E-1,-5.E-1));
#2237=VECTOR('',#2236,1.118078709215E1);
#2238=CARTESIAN_POINT('',(5.000000000405E0,1.164142282805E1,
-1.563016760132E-2));
#2239=LINE('',#2238,#2237);
#2240=CARTESIAN_POINT('',(5.000000000405E0,1.225E1,-1.225050384189E1));
#2241=DIRECTION('',(1.E0,0.E0,0.E0));
#2242=DIRECTION('',(0.E0,-8.401161492289E-1,5.424065410786E-1));
#2243=AXIS2_PLACEMENT_3D('',#2240,#2241,#2242);
#2245=DIRECTION('',(0.E0,0.E0,-1.E0));
#2246=VECTOR('',#2245,1.118078709215E1);
#2247=CARTESIAN_POINT('',(5.000000000405E0,1.35E0,-6.660110295814E0));
#2248=LINE('',#2247,#2246);
#2249=CARTESIAN_POINT('',(5.000000000405E0,1.225E1,-1.225050384189E1));
#2250=DIRECTION('',(1.E0,0.E0,0.E0));
#2251=DIRECTION('',(0.E0,-8.897959183673E-1,-4.563586568225E-1));
#2252=AXIS2_PLACEMENT_3D('',#2249,#2250,#2251);
#2254=DIRECTION('',(0.E0,8.660254037844E-1,-5.E-1));
#2255=VECTOR('',#2254,1.118078709215E1);
#2256=CARTESIAN_POINT('',(5.000000000405E0,1.958577171946E0,-1.889498397010E1));
#2257=LINE('',#2256,#2255);
#2258=DIRECTION('',(0.E0,8.660254037844E-1,5.E-1));
#2259=VECTOR('',#2258,1.118078709215E1);
#2260=CARTESIAN_POINT('',(5.000000000405E0,1.285857717195E1,-2.448537751618E1));
#2261=LINE('',#2260,#2259);
#2262=CARTESIAN_POINT('',(5.000000000405E0,1.225E1,-1.225050384189E1));
#2263=DIRECTION('',(1.E0,0.E0,0.E0));
#2264=DIRECTION('',(0.E0,8.401161492289E-1,-5.424065410786E-1));
#2265=AXIS2_PLACEMENT_3D('',#2262,#2263,#2264);
#2267=DIRECTION('',(0.E0,0.E0,1.E0));
#2268=VECTOR('',#2267,1.118078709215E1);
#2269=CARTESIAN_POINT('',(5.000000000405E0,2.315E1,-1.784089738796E1));
#2270=LINE('',#2269,#2268);
#2271=CARTESIAN_POINT('',(5.000000000405E0,1.225E1,-1.225050384189E1));
#2272=DIRECTION('',(1.E0,0.E0,0.E0));
#2273=DIRECTION('',(0.E0,8.897959183673E-1,4.563586568225E-1));
#2274=AXIS2_PLACEMENT_3D('',#2271,#2272,#2273);
#2276=DIRECTION('',(0.E0,-8.660254037844E-1,5.E-1));
#2277=VECTOR('',#2276,1.118078709215E1);
#2278=CARTESIAN_POINT('',(5.000000000405E0,2.254142282805E1,-5.606023713677E0));
#2279=LINE('',#2278,#2277);
#2280=CARTESIAN_POINT('',(4.800000000405E0,4.376513661522E0,-1.160381003659E1));
#2281=CARTESIAN_POINT('',(4.800000000405E0,4.433756038624E0,-1.111608568700E1));
#2282=CARTESIAN_POINT('',(4.800000000405E0,4.634543725393E0,-1.017046158736E1));
#2283=CARTESIAN_POINT('',(4.800000000405E0,5.202916678618E0,-8.808043889738E0));
#2284=CARTESIAN_POINT('',(4.800000000405E0,5.998886902958E0,-7.600273691008E0));
#2285=CARTESIAN_POINT('',(4.800000000405E0,7.009889399455E0,-6.553821411886E0));
#2286=CARTESIAN_POINT('',(4.800000000405E0,8.189356018378E0,-5.723347101831E0));
#2287=CARTESIAN_POINT('',(4.800000000405E0,9.480411078155E0,-5.134261525560E0));
#2288=CARTESIAN_POINT('',(4.800000000405E0,1.086925246487E1,-4.792432902612E0));
#2289=CARTESIAN_POINT('',(4.800000000405E0,1.229642735590E1,-4.716260807608E0));
#2290=CARTESIAN_POINT('',(4.800000000405E0,1.373515952065E1,-4.919693846584E0));
#2291=CARTESIAN_POINT('',(4.800000000405E0,1.502617132719E1,-5.366739678984E0));
#2292=CARTESIAN_POINT('',(4.800000000405E0,1.612991453947E1,-5.983594789634E0));
#2293=CARTESIAN_POINT('',(4.800000000405E0,1.707019196197E1,-6.736129469544E0));
#2294=CARTESIAN_POINT('',(4.800000000405E0,1.787182380290E1,-7.626157333585E0));
#2295=CARTESIAN_POINT('',(4.800000000405E0,1.830668676848E1,-8.306944587271E0));
#2296=CARTESIAN_POINT('',(4.800000000405E0,1.849714627963E1,-8.670955915004E0));
#2298=CARTESIAN_POINT('',(5.000000000405E0,1.077612198550E1,-5.202973522808E0));
#2299=CARTESIAN_POINT('',(4.992592592997E0,1.110412894070E1,-5.134376125139E0));
#2300=CARTESIAN_POINT('',(4.977777778182E0,1.176973402065E1,-5.043054696955E0));
#2301=CARTESIAN_POINT('',(4.955555555960E0,1.277749139848E1,-5.046356951150E0));
#2302=CARTESIAN_POINT('',(4.933333333738E0,1.377498123961E1,-5.189879837316E0));
#2303=CARTESIAN_POINT('',(4.911111111516E0,1.474278919523E1,-5.470829711819E0));
#2304=CARTESIAN_POINT('',(4.888888889293E0,1.566207780257E1,-5.883738230447E0));
#2305=CARTESIAN_POINT('',(4.866666667071E0,1.651495422541E1,-6.420568630393E0));
#2306=CARTESIAN_POINT('',(4.844444444849E0,1.728481809265E1,-7.070871965707E0));
#2307=CARTESIAN_POINT('',(4.822222222627E0,1.795668521568E1,-7.821991401252E0));
#2308=CARTESIAN_POINT('',(4.807407407812E0,1.833054655415E1,-8.380200524515E0));
#2309=CARTESIAN_POINT('',(4.800000000405E0,1.849714627963E1,-8.670955915004E0));
#2311=CARTESIAN_POINT('',(5.000000000405E0,1.077612198550E1,-5.202973522808E0));
#2312=CARTESIAN_POINT('',(5.000000000405E0,1.033397753700E1,-5.277912641591E0));
#2313=CARTESIAN_POINT('',(5.000000000405E0,9.479766163728E0,-5.506554461338E0));
#2314=CARTESIAN_POINT('',(5.000000000405E0,8.275314683796E0,-6.077671869153E0));
#2315=CARTESIAN_POINT('',(5.000000000405E0,7.182154241335E0,-6.868077513585E0));
#2316=CARTESIAN_POINT('',(5.000000000405E0,6.248615321328E0,-7.848856791939E0));
#2317=CARTESIAN_POINT('',(5.000000000405E0,5.508286256856E0,-8.979556847609E0));
#2318=CARTESIAN_POINT('',(5.000000000405E0,4.976393560392E0,-1.025033269133E1));
#2319=CARTESIAN_POINT('',(5.000000000405E0,4.686578200555E0,-1.157890749920E1));
#2320=CARTESIAN_POINT('',(5.000000000405E0,4.639481364807E0,-1.296767223216E1));
#2321=CARTESIAN_POINT('',(5.000000000405E0,4.844233728299E0,-1.433348837369E1));
#2322=CARTESIAN_POINT('',(5.000000000405E0,5.292565252882E0,-1.565131574956E1));
#2323=CARTESIAN_POINT('',(5.000000000405E0,5.981159778920E0,-1.688060473765E1));
#2324=CARTESIAN_POINT('',(5.000000000405E0,6.867621767136E0,-1.795528516310E1));
#2325=CARTESIAN_POINT('',(5.000000000405E0,7.959152355217E0,-1.887560768684E1));
#2326=CARTESIAN_POINT('',(5.000000000405E0,8.770549232633E0,-1.934044318214E1));
#2327=CARTESIAN_POINT('',(5.000000000405E0,9.201916558858E0,-1.953879495407E1));
#2329=CARTESIAN_POINT('',(4.800000000405E0,1.849714627963E1,-8.670955915004E0));
#2330=CARTESIAN_POINT('',(4.800000000405E0,1.868403393849E1,-8.997118482617E0));
#2331=CARTESIAN_POINT('',(4.800000000405E0,1.900445208709E1,-9.673967897542E0));
#2332=CARTESIAN_POINT('',(4.800000000405E0,1.921887844392E1,-1.040054214247E1));
#2333=CARTESIAN_POINT('',(4.800000000405E0,1.929753031908E1,-1.077662582739E1));
#2335=CARTESIAN_POINT('',(5.000000000405E0,1.302606534705E1,-5.092450854023E0));
#2336=CARTESIAN_POINT('',(4.992592592997E0,1.335921626084E1,-5.128570575401E0));
#2337=CARTESIAN_POINT('',(4.977777778182E0,1.402046418266E1,-5.247402017294E0));
#2338=CARTESIAN_POINT('',(4.955555555960E0,1.497787795103E1,-5.561956803622E0));
#2339=CARTESIAN_POINT('',(4.933333333738E0,1.588219615346E1,-6.006696492372E0));
#2340=CARTESIAN_POINT('',(4.911111111516E0,1.671581793039E1,-6.572964806850E0));
#2341=CARTESIAN_POINT('',(4.888888889293E0,1.746251760137E1,-7.249739946525E0));
#2342=CARTESIAN_POINT('',(4.866666667071E0,1.810776156424E1,-8.023849305301E0));
#2343=CARTESIAN_POINT('',(4.844444444849E0,1.863899082972E1,-8.880225548251E0));
#2344=CARTESIAN_POINT('',(4.822222222627E0,1.904586576478E1,-9.802200940921E0));
#2345=CARTESIAN_POINT('',(4.807407407812E0,1.922893292141E1,-1.044861887218E1));
#2346=CARTESIAN_POINT('',(4.800000000405E0,1.929753031908E1,-1.077662582739E1));
#2348=CARTESIAN_POINT('',(5.000000000405E0,1.302606534705E1,-5.092450854023E0));
#2349=CARTESIAN_POINT('',(5.000000000405E0,1.265144983064E1,-5.051835602746E0));
#2350=CARTESIAN_POINT('',(5.000000000405E0,1.190197398827E1,-5.029697690345E0));
#2351=CARTESIAN_POINT('',(5.000000000405E0,1.115132462862E1,-5.124505903423E0));
#2352=CARTESIAN_POINT('',(5.000000000405E0,1.077612198550E1,-5.202973522808E0));
#2354=CARTESIAN_POINT('',(7.220577136999E0,1.225E1,-1.225050384189E1));
#2355=DIRECTION('',(1.E0,0.E0,0.E0));
#2356=DIRECTION('',(0.E0,4.967976913847E-2,9.987651979011E-1));
#2357=AXIS2_PLACEMENT_3D('',#2354,#2355,#2356);
#2359=CARTESIAN_POINT('',(5.000000000405E0,1.225E1,-1.225050384189E1));
#2360=DIRECTION('',(-1.E0,0.E0,0.E0));
#2361=DIRECTION('',(0.E0,-4.967976913847E-2,9.987651979011E-1));
#2362=AXIS2_PLACEMENT_3D('',#2359,#2360,#2361);
#2364=CARTESIAN_POINT('',(7.220577136999E0,1.225E1,-1.225050384189E1));
#2365=DIRECTION('',(1.E0,0.E0,0.E0));
#2366=DIRECTION('',(0.E0,-8.401161492289E-1,5.424065410786E-1));
#2367=AXIS2_PLACEMENT_3D('',#2364,#2365,#2366);
#2369=CARTESIAN_POINT('',(7.220577136999E0,1.225E1,-1.225050384189E1));
#2370=DIRECTION('',(1.E0,0.E0,0.E0));
#2371=DIRECTION('',(0.E0,8.897959183673E-1,4.563586568225E-1));
#2372=AXIS2_PLACEMENT_3D('',#2369,#2370,#2371);
#2374=CARTESIAN_POINT('',(7.220577136999E0,1.225E1,-1.225050384189E1));
#2375=DIRECTION('',(1.E0,0.E0,0.E0));
#2376=DIRECTION('',(0.E0,-8.897959183673E-1,-4.563586568225E-1));
#2377=AXIS2_PLACEMENT_3D('',#2374,#2375,#2376);
#2379=CARTESIAN_POINT('',(7.220577136999E0,1.225E1,-1.225050384189E1));
#2380=DIRECTION('',(1.E0,0.E0,0.E0));
#2381=DIRECTION('',(0.E0,-4.967976913847E-2,-9.987651979011E-1));
#2382=AXIS2_PLACEMENT_3D('',#2379,#2380,#2381);
#2384=CARTESIAN_POINT('',(5.000000000405E0,1.225E1,-1.225050384189E1));
#2385=DIRECTION('',(-1.E0,0.E0,0.E0));
#2386=DIRECTION('',(0.E0,4.967976913847E-2,-9.987651979011E-1));
#2387=AXIS2_PLACEMENT_3D('',#2384,#2385,#2386);
#2389=CARTESIAN_POINT('',(7.220577136999E0,1.225E1,-1.225050384189E1));
#2390=DIRECTION('',(1.E0,0.E0,0.E0));
#2391=DIRECTION('',(0.E0,8.401161492289E-1,-5.424065410786E-1));
#2392=AXIS2_PLACEMENT_3D('',#2389,#2390,#2391);
#2394=CARTESIAN_POINT('',(7.220577136999E0,2.254142282805E1,-5.606023713677E0));
#2395=CARTESIAN_POINT('',(7.323175722140E0,2.220419272315E1,-5.411323821834E0));
#2396=CARTESIAN_POINT('',(7.508744284683E0,2.153799072258E1,-5.026691917467E0));
#2397=CARTESIAN_POINT('',(7.724795002627E0,2.057146560722E1,-4.468668381933E0));
#2398=CARTESIAN_POINT('',(7.882355138489E0,1.961223836140E1,-3.914858273346E0));
#2399=CARTESIAN_POINT('',(7.978415056852E0,1.865616010785E1,-3.362866236295E0));
#2400=CARTESIAN_POINT('',(8.000000000405E0,1.801862055826E1,-2.994782605722E0));
#2401=CARTESIAN_POINT('',(8.000000000405E0,1.77E1,-2.810826940639E0));
#2403=CARTESIAN_POINT('',(8.000000000405E0,1.77E1,-2.810826940639E0));
#2404=CARTESIAN_POINT('',(8.000000000405E0,1.738132252948E1,-2.626838417252E0));
#2405=CARTESIAN_POINT('',(7.978406518511E0,1.674368484627E1,-2.258698129202E0));
#2406=CARTESIAN_POINT('',(7.882327461285E0,1.578753292389E1,-1.706663559430E0));
#2407=CARTESIAN_POINT('',(7.724731777541E0,1.482822614712E1,-1.152807533628E0));
#2408=CARTESIAN_POINT('',(7.508745621144E0,1.386203232100E1,
-5.949752680250E-1));
#2409=CARTESIAN_POINT('',(7.323180828872E0,1.319582406210E1,
-2.103397504174E-1));
#2410=CARTESIAN_POINT('',(7.220577136999E0,1.285857717195E1,
-1.563016760132E-2));
#2412=DIRECTION('',(1.E0,0.E0,0.E0));
#2413=VECTOR('',#2412,2.220577136594E0);
#2414=CARTESIAN_POINT('',(5.000000000405E0,1.285857717195E1,
-1.563016760132E-2));
#2415=LINE('',#2414,#2413);
#2416=DIRECTION('',(1.E0,0.E0,0.E0));
#2417=VECTOR('',#2416,2.220577136594E0);
#2418=CARTESIAN_POINT('',(5.000000000405E0,2.254142282805E1,-5.606023713677E0));
#2419=LINE('',#2418,#2417);
#2420=CARTESIAN_POINT('',(8.000000000405E0,2.315E1,-1.225050384189E1));
#2421=CARTESIAN_POINT('',(8.000000000405E0,2.315E1,-1.187989549273E1));
#2422=CARTESIAN_POINT('',(7.978107088188E0,2.315E1,-1.113914241185E1));
#2423=CARTESIAN_POINT('',(7.880987525314E0,2.315E1,-1.003007491560E1));
#2424=CARTESIAN_POINT('',(7.722467631552E0,2.315E1,-8.921053849906E0));
#2425=CARTESIAN_POINT('',(7.506108266142E0,2.315E1,-7.807149069750E0));
#2426=CARTESIAN_POINT('',(7.321965011371E0,2.315E1,-7.044914981907E0));
#2427=CARTESIAN_POINT('',(7.220577136999E0,2.315E1,-6.660110295814E0));
#2429=DIRECTION('',(1.E0,0.E0,0.E0));
#2430=VECTOR('',#2429,2.220577136594E0);
#2431=CARTESIAN_POINT('',(5.000000000405E0,2.315E1,-6.660110295814E0));
#2432=LINE('',#2431,#2430);
#2433=DIRECTION('',(1.E0,0.E0,0.E0));
#2434=VECTOR('',#2433,2.220577136594E0);
#2435=CARTESIAN_POINT('',(5.000000000405E0,2.315E1,-1.784089738796E1));
#2436=LINE('',#2435,#2434);
#2437=CARTESIAN_POINT('',(7.220577136999E0,2.315E1,-1.784089738796E1));
#2438=CARTESIAN_POINT('',(7.322625613192E0,2.315E1,-1.745358547230E1));
#2439=CARTESIAN_POINT('',(7.507557452311E0,2.315E1,-1.668749756245E1));
#2440=CARTESIAN_POINT('',(7.723829252500E0,2.315E1,-1.557192481807E1));
#2441=CARTESIAN_POINT('',(7.881758272443E0,2.315E1,-1.446391813957E1));
#2442=CARTESIAN_POINT('',(7.978272733132E0,2.315E1,-1.335789075126E1));
#2443=CARTESIAN_POINT('',(8.000000000405E0,2.315E1,-1.261965751959E1));
#2444=CARTESIAN_POINT('',(8.000000000405E0,2.315E1,-1.225050384189E1));
#2446=CARTESIAN_POINT('',(7.220577136999E0,1.958577171946E0,-1.889498397010E1));
#2447=CARTESIAN_POINT('',(7.323175722140E0,2.295807276846E0,-1.908968386194E1));
#2448=CARTESIAN_POINT('',(7.508744284683E0,2.962009277421E0,-1.947431576631E1));
#2449=CARTESIAN_POINT('',(7.724795002627E0,3.928534392785E0,-2.003233930185E1));
#2450=CARTESIAN_POINT('',(7.882355138489E0,4.887761638603E0,-2.058614941043E1));
#2451=CARTESIAN_POINT('',(7.978415056852E0,5.843839892150E0,-2.113814144748E1));
#2452=CARTESIAN_POINT('',(8.000000000405E0,6.481379441736E0,-2.150622507806E1));
#2453=CARTESIAN_POINT('',(8.000000000405E0,6.8E0,-2.169018074314E1));
#2455=CARTESIAN_POINT('',(8.000000000405E0,6.8E0,-2.169018074314E1));
#2456=CARTESIAN_POINT('',(8.000000000405E0,7.118677470515E0,-2.187416926653E1));
#2457=CARTESIAN_POINT('',(7.978406518511E0,7.756315153731E0,-2.224230955458E1));
#2458=CARTESIAN_POINT('',(7.882327461285E0,8.712467076112E0,-2.279434412435E1));
#2459=CARTESIAN_POINT('',(7.724731777541E0,9.671773852879E0,-2.334820015015E1));
#2460=CARTESIAN_POINT('',(7.508745621144E0,1.063796767900E1,-2.390603241575E1));
#2461=CARTESIAN_POINT('',(7.323180828872E0,1.130417593790E1,-2.429066793336E1));
#2462=CARTESIAN_POINT('',(7.220577136999E0,1.164142282805E1,-2.448537751618E1));
#2464=DIRECTION('',(1.E0,0.E0,0.E0));
#2465=VECTOR('',#2464,2.220577136594E0);
#2466=CARTESIAN_POINT('',(5.000000000405E0,1.164142282805E1,-2.448537751618E1));
#2467=LINE('',#2466,#2465);
#2468=DIRECTION('',(1.E0,0.E0,0.E0));
#2469=VECTOR('',#2468,2.220577136594E0);
#2470=CARTESIAN_POINT('',(5.000000000405E0,1.958577171946E0,-1.889498397010E1));
#2471=LINE('',#2470,#2469);
#2472=CARTESIAN_POINT('',(7.220577136999E0,1.35E0,-6.660110295814E0));
#2473=CARTESIAN_POINT('',(7.322625613192E0,1.35E0,-7.047422211476E0));
#2474=CARTESIAN_POINT('',(7.507557452311E0,1.35E0,-7.813510121333E0));
#2475=CARTESIAN_POINT('',(7.723829252500E0,1.35E0,-8.929082865706E0));
#2476=CARTESIAN_POINT('',(7.881758272443E0,1.35E0,-1.003708954421E1));
#2477=CARTESIAN_POINT('',(7.978272733132E0,1.35E0,-1.114311693252E1));
#2478=CARTESIAN_POINT('',(8.000000000405E0,1.35E0,-1.188135016418E1));
#2479=CARTESIAN_POINT('',(8.000000000405E0,1.35E0,-1.225050384189E1));
#2481=CARTESIAN_POINT('',(8.000000000405E0,1.35E0,-1.225050384189E1));
#2482=CARTESIAN_POINT('',(8.000000000405E0,1.35E0,-1.262111219105E1));
#2483=CARTESIAN_POINT('',(7.978107088188E0,1.35E0,-1.336186527193E1));
#2484=CARTESIAN_POINT('',(7.880987525314E0,1.35E0,-1.447093276818E1));
#2485=CARTESIAN_POINT('',(7.722467631552E0,1.35E0,-1.557995383387E1));
#2486=CARTESIAN_POINT('',(7.506108266142E0,1.35E0,-1.669385861403E1));
#2487=CARTESIAN_POINT('',(7.321965011371E0,1.35E0,-1.745609270187E1));
#2488=CARTESIAN_POINT('',(7.220577136999E0,1.35E0,-1.784089738796E1));
#2490=DIRECTION('',(1.E0,0.E0,0.E0));
#2491=VECTOR('',#2490,2.220577136594E0);
#2492=CARTESIAN_POINT('',(5.000000000405E0,1.35E0,-1.784089738796E1));
#2493=LINE('',#2492,#2491);
#2494=DIRECTION('',(1.E0,0.E0,0.E0));
#2495=VECTOR('',#2494,2.220577136594E0);
#2496=CARTESIAN_POINT('',(5.000000000405E0,1.35E0,-6.660110295814E0));
#2497=LINE('',#2496,#2495);
#2498=CARTESIAN_POINT('',(8.000000000405E0,1.225E1,-1.225050384189E1));
#2499=DIRECTION('',(1.E0,0.E0,0.E0));
#2500=DIRECTION('',(0.E0,1.E0,0.E0));
#2501=AXIS2_PLACEMENT_3D('',#2498,#2499,#2500);
#2503=CARTESIAN_POINT('',(8.000000000405E0,1.225E1,-1.225050384189E1));
#2504=DIRECTION('',(1.E0,0.E0,0.E0));
#2505=DIRECTION('',(0.E0,5.E-1,-8.660254037844E-1));
#2506=AXIS2_PLACEMENT_3D('',#2503,#2504,#2505);
#2508=CARTESIAN_POINT('',(8.000000000405E0,1.225E1,-1.225050384189E1));
#2509=DIRECTION('',(1.E0,0.E0,0.E0));
#2510=DIRECTION('',(0.E0,-5.E-1,-8.660254037844E-1));
#2511=AXIS2_PLACEMENT_3D('',#2508,#2509,#2510);
#2513=CARTESIAN_POINT('',(8.000000000405E0,1.225E1,-1.225050384189E1));
#2514=DIRECTION('',(1.E0,0.E0,0.E0));
#2515=DIRECTION('',(0.E0,-1.E0,0.E0));
#2516=AXIS2_PLACEMENT_3D('',#2513,#2514,#2515);
#2518=CARTESIAN_POINT('',(8.000000000405E0,1.225E1,-1.225050384189E1));
#2519=DIRECTION('',(1.E0,0.E0,0.E0));
#2520=DIRECTION('',(0.E0,-5.E-1,8.660254037844E-1));
#2521=AXIS2_PLACEMENT_3D('',#2518,#2519,#2520);
#2523=CARTESIAN_POINT('',(8.000000000405E0,1.225E1,-1.225050384189E1));
#2524=DIRECTION('',(1.E0,0.E0,0.E0));
#2525=DIRECTION('',(0.E0,5.E-1,8.660254037844E-1));
#2526=AXIS2_PLACEMENT_3D('',#2523,#2524,#2525);
#2528=CARTESIAN_POINT('',(1.124357734697E1,1.935E1,-8.786402226752E0));
#2529=CARTESIAN_POINT('',(1.121467827861E1,1.935E1,-8.892934468106E0));
#2530=CARTESIAN_POINT('',(1.115871667250E1,1.935E1,-9.106383735081E0));
#2531=CARTESIAN_POINT('',(1.108064901161E1,1.935E1,-9.427828672645E0));
#2532=CARTESIAN_POINT('',(1.100884915934E1,1.935E1,-9.750598698960E0));
#2533=CARTESIAN_POINT('',(1.094372756236E1,1.935E1,-1.007467452970E1));
#2534=CARTESIAN_POINT('',(1.088567700399E1,1.935E1,-1.040009759950E1));
#2535=CARTESIAN_POINT('',(1.083510561084E1,1.935E1,-1.072674058852E1));
#2536=CARTESIAN_POINT('',(1.080662514212E1,1.935E1,-1.094523333221E1));
#2537=CARTESIAN_POINT('',(1.079374482468E1,1.935E1,-1.105467776758E1));
#2539=DIRECTION('',(-5.E-1,-6.688230508502E-1,-5.501597283076E-1));
#2540=VECTOR('',#2539,8.082903768655E-1);
#2541=CARTESIAN_POINT('',(1.128088892796E1,1.835109366149E1,-7.231872939565E0));
#2542=LINE('',#2541,#2540);
#2543=CARTESIAN_POINT('',(1.074063158193E1,1.935E1,-1.344632991620E1));
#2544=CARTESIAN_POINT('',(1.074872294644E1,1.935E1,-1.355553616220E1));
#2545=CARTESIAN_POINT('',(1.076771050030E1,1.935E1,-1.377365807519E1));
#2546=CARTESIAN_POINT('',(1.080437132581E1,1.935E1,-1.410008986406E1));
#2547=CARTESIAN_POINT('',(1.084888911911E1,1.935E1,-1.442548486545E1));
#2548=CARTESIAN_POINT('',(1.090088565399E1,1.935E1,-1.474959667643E1));
#2549=CARTESIAN_POINT('',(1.095999985290E1,1.935E1,-1.507248690781E1));
#2550=CARTESIAN_POINT('',(1.102585276819E1,1.935E1,-1.539416878858E1));
#2551=CARTESIAN_POINT('',(1.107400862811E1,1.935E1,-1.560790516650E1));
#2552=CARTESIAN_POINT('',(1.109908943650E1,1.935E1,-1.571460545703E1));
#2554=CARTESIAN_POINT('',(1.024357734697E1,1.935E1,-8.786402226752E0));
#2555=CARTESIAN_POINT('',(1.021481755227E1,1.935E1,-8.892421055883E0));
#2556=CARTESIAN_POINT('',(1.015909880263E1,1.935E1,-9.104905633188E0));
#2557=CARTESIAN_POINT('',(1.008128720718E1,1.935E1,-9.425121981427E0));
#2558=CARTESIAN_POINT('',(1.000966362820E1,1.935E1,-9.746792531298E0));
#2559=CARTESIAN_POINT('',(9.944655708687E0,1.935E1,-1.006982881687E1));
#2560=CARTESIAN_POINT('',(9.886614456306E0,1.935E1,-1.039449713843E1));
#2561=CARTESIAN_POINT('',(9.835767781151E0,1.935E1,-1.072196803176E1));
#2562=CARTESIAN_POINT('',(9.806849958124E0,1.935E1,-1.094332306398E1));
#2563=CARTESIAN_POINT('',(9.793744824677E0,1.935E1,-1.105467776758E1));
#2565=CARTESIAN_POINT('',(9.740631581930E0,1.935E1,-1.344632991620E1));
#2566=CARTESIAN_POINT('',(9.751862031600E0,1.935E1,-1.359790326919E1));
#2567=CARTESIAN_POINT('',(9.779876093558E0,1.935E1,-1.390309053076E1));
#2568=CARTESIAN_POINT('',(9.839688023749E0,1.935E1,-1.437231527684E1));
#2569=CARTESIAN_POINT('',(9.914918112875E0,1.935E1,-1.483694173606E1));
#2570=CARTESIAN_POINT('',(1.000304799608E1,1.935E1,-1.529123921065E1));
#2571=CARTESIAN_POINT('',(1.006646394180E1,1.935E1,-1.557580810614E1));
#2572=CARTESIAN_POINT('',(1.009908943650E1,1.935E1,-1.571460545703E1));
#2574=CARTESIAN_POINT('',(9.243577346974E0,1.935E1,-8.786402226752E0));
#2575=CARTESIAN_POINT('',(9.214678278614E0,1.935E1,-8.892934468106E0));
#2576=CARTESIAN_POINT('',(9.158716672496E0,1.935E1,-9.106383735081E0));
#2577=CARTESIAN_POINT('',(9.080649011606E0,1.935E1,-9.427828672645E0));
#2578=CARTESIAN_POINT('',(9.008849159339E0,1.935E1,-9.750598698960E0));
#2579=CARTESIAN_POINT('',(8.943727562356E0,1.935E1,-1.007467452970E1));
#2580=CARTESIAN_POINT('',(8.885677003993E0,1.935E1,-1.040009759950E1));
#2581=CARTESIAN_POINT('',(8.835105610845E0,1.935E1,-1.072674058852E1));
#2582=CARTESIAN_POINT('',(8.806625142115E0,1.935E1,-1.094523333221E1));
#2583=CARTESIAN_POINT('',(8.793744824677E0,1.935E1,-1.105467776758E1));
#2585=CARTESIAN_POINT('',(8.000000000405E0,1.302606534705E1,-5.092450854023E0));
#2586=CARTESIAN_POINT('',(8.000000000405E0,1.341637873733E1,-5.119711065398E0));
#2587=CARTESIAN_POINT('',(8.000000000405E0,1.418396814048E1,-5.235940040049E0));
#2588=CARTESIAN_POINT('',(8.000000000405E0,1.531851642320E1,-5.602797048985E0));
#2589=CARTESIAN_POINT('',(8.000000000405E0,1.636909153323E1,-6.144429936109E0));
#2590=CARTESIAN_POINT('',(8.000000000405E0,1.732711532581E1,-6.852357820300E0));
#2591=CARTESIAN_POINT('',(8.000000000405E0,1.816575774541E1,-7.713274478611E0));
#2592=CARTESIAN_POINT('',(8.000000000405E0,1.885535913154E1,-8.699696446873E0));
#2593=CARTESIAN_POINT('',(8.000000000405E0,1.920368873378E1,-9.420162765896E0));
#2594=CARTESIAN_POINT('',(8.000000000405E0,1.935E1,-9.798233821019E0));
#2596=CARTESIAN_POINT('',(8.243577346974E0,1.935E1,-8.786402226752E0));
#2597=CARTESIAN_POINT('',(8.213132718230E0,1.935E1,-8.898631953221E0));
#2598=CARTESIAN_POINT('',(8.154378559867E0,1.935E1,-9.123179166596E0));
#2599=CARTESIAN_POINT('',(8.073200631972E0,1.935E1,-9.459504861358E0));
#2600=CARTESIAN_POINT('',(8.023575662983E0,1.935E1,-9.685167730958E0));
#2601=CARTESIAN_POINT('',(8.000000000405E0,1.935E1,-9.798233821019E0));
#2603=CARTESIAN_POINT('',(8.740631581930E0,1.935E1,-1.344632991620E1));
#2604=CARTESIAN_POINT('',(8.748722946442E0,1.935E1,-1.355553616220E1));
#2605=CARTESIAN_POINT('',(8.767710500300E0,1.935E1,-1.377365807519E1));
#2606=CARTESIAN_POINT('',(8.804371325814E0,1.935E1,-1.410008986406E1));
#2607=CARTESIAN_POINT('',(8.848889119107E0,1.935E1,-1.442548486545E1));
#2608=CARTESIAN_POINT('',(8.900885653994E0,1.935E1,-1.474959667643E1));
#2609=CARTESIAN_POINT('',(8.959999852897E0,1.935E1,-1.507248690781E1));
#2610=CARTESIAN_POINT('',(9.025852768195E0,1.935E1,-1.539416878858E1));
#2611=CARTESIAN_POINT('',(9.074008628105E0,1.935E1,-1.560790516650E1));
#2612=CARTESIAN_POINT('',(9.099089436498E0,1.935E1,-1.571460545703E1));
#2614=CARTESIAN_POINT('',(8.000000000405E0,1.935E1,-1.526634790499E1));
#2615=CARTESIAN_POINT('',(8.000000000405E0,1.919333548295E1,-1.567516513333E1));
#2616=CARTESIAN_POINT('',(8.000000000405E0,1.881614198521E1,-1.645600902677E1));
#2617=CARTESIAN_POINT('',(8.000000000405E0,1.804205173296E1,-1.754135881363E1));
#2618=CARTESIAN_POINT('',(8.000000000405E0,1.710851974417E1,-1.846694224665E1));
#2619=CARTESIAN_POINT('',(8.000000000405E0,1.638583433242E1,-1.897800626989E1));
#2620=CARTESIAN_POINT('',(8.000000000405E0,1.599772211110E1,-1.920496852136E1));
#2622=CARTESIAN_POINT('',(8.000000000405E0,1.935E1,-1.526634790499E1));
#2623=CARTESIAN_POINT('',(8.015481018444E0,1.935E1,-1.534123300994E1));
#2624=CARTESIAN_POINT('',(8.047504674919E0,1.935E1,-1.549082216474E1));
#2625=CARTESIAN_POINT('',(8.081568141051E0,1.935E1,-1.564006530324E1));
#2626=CARTESIAN_POINT('',(8.099089436498E0,1.935E1,-1.571460545703E1));
#2628=CARTESIAN_POINT('',(1.187734957648E1,1.935E1,-1.045851038814E1));
#2629=CARTESIAN_POINT('',(1.186062184923E1,1.935E1,-1.056153747646E1));
#2630=CARTESIAN_POINT('',(1.183007538520E1,1.935E1,-1.076394586646E1));
#2631=CARTESIAN_POINT('',(1.180500507856E1,1.935E1,-1.095899905982E1));
#2632=CARTESIAN_POINT('',(1.179374482468E1,1.935E1,-1.105467776758E1));
#2634=CARTESIAN_POINT('',(1.174063158193E1,1.935E1,-1.344632991620E1));
#2635=CARTESIAN_POINT('',(1.174724005115E1,1.935E1,-1.353552205611E1));
#2636=CARTESIAN_POINT('',(1.176232824402E1,1.935E1,-1.371372028419E1));
#2637=CARTESIAN_POINT('',(1.179045248993E1,1.935E1,-1.398054730004E1));
#2638=CARTESIAN_POINT('',(1.181274541180E1,1.935E1,-1.415796958321E1));
#2639=CARTESIAN_POINT('',(1.182475095756E1,1.935E1,-1.424658249168E1));
#2641=CARTESIAN_POINT('',(1.187734957648E1,1.935E1,-1.045851038814E1));
#2642=CARTESIAN_POINT('',(1.188122874534E1,1.935E1,-1.047436190015E1));
#2643=CARTESIAN_POINT('',(1.188888329633E1,1.935E1,-1.050603628643E1));
#2644=CARTESIAN_POINT('',(1.189633040509E1,1.935E1,-1.053765336419E1));
#2645=CARTESIAN_POINT('',(1.190000213811E1,1.935E1,-1.055344756704E1));
#2647=CARTESIAN_POINT('',(1.190000213811E1,1.225E1,-1.225050384189E1));
#2648=DIRECTION('',(1.E0,0.E0,0.E0));
#2649=DIRECTION('',(0.E0,9.726027397260E-1,2.324734623079E-1));
#2650=AXIS2_PLACEMENT_3D('',#2647,#2648,#2649);
#2652=CARTESIAN_POINT('',(1.190000213811E1,1.875270370488E1,-8.933148792075E0));
#2653=CARTESIAN_POINT('',(1.189622556655E1,1.888023237366E1,-9.174820896053E0));
#2654=CARTESIAN_POINT('',(1.188867356805E1,1.910827873046E1,-9.672804493825E0));
#2655=CARTESIAN_POINT('',(1.188112385880E1,1.927930899770E1,-1.019385073925E1));
#2656=CARTESIAN_POINT('',(1.187734957648E1,1.935E1,-1.045851038814E1));
#2658=CARTESIAN_POINT('',(1.190000213811E1,1.225E1,-1.225050384189E1));
#2659=DIRECTION('',(1.E0,0.E0,0.E0));
#2660=DIRECTION('',(0.E0,5.934773086732E-2,9.982373699882E-1));
#2661=AXIS2_PLACEMENT_3D('',#2658,#2659,#2660);
#2663=CARTESIAN_POINT('',(1.190000213811E1,1.935E1,-1.394756011674E1));
#2664=CARTESIAN_POINT('',(1.188847711305E1,1.935E1,-1.399713577559E1));
#2665=CARTESIAN_POINT('',(1.186441071754E1,1.935E1,-1.409654861132E1));
#2666=CARTESIAN_POINT('',(1.183830986938E1,1.935E1,-1.419648407478E1));
#2667=CARTESIAN_POINT('',(1.182475095756E1,1.935E1,-1.424658249168E1));
#2669=CARTESIAN_POINT('',(1.182475095756E1,1.935E1,-1.424658249168E1));
#2670=CARTESIAN_POINT('',(1.181956132953E1,1.925233106888E1,-1.461316334827E1));
#2671=CARTESIAN_POINT('',(1.180918479633E1,1.900015226536E1,-1.533180160384E1));
#2672=CARTESIAN_POINT('',(1.179362817712E1,1.845990909451E1,-1.634043652654E1));
#2673=CARTESIAN_POINT('',(1.177807970263E1,1.777010696265E1,-1.725558818645E1));
#2674=CARTESIAN_POINT('',(1.176253935023E1,1.694673229973E1,-1.805528206971E1));
#2675=CARTESIAN_POINT('',(1.174700709576E1,1.600896595656E1,-1.872024698384E1));
#2676=CARTESIAN_POINT('',(1.173148291690E1,1.497872990744E1,-1.923437482752E1));
#2677=CARTESIAN_POINT('',(1.171596678809E1,1.388016942785E1,-1.958510336828E1));
#2678=CARTESIAN_POINT('',(1.170045868337E1,1.273908324804E1,-1.976371512150E1));
#2679=CARTESIAN_POINT('',(1.168495857963E1,1.158231512052E1,-1.976554528842E1));
#2680=CARTESIAN_POINT('',(1.166946645472E1,1.043712062420E1,-1.959009410331E1));
#2681=CARTESIAN_POINT('',(1.165398228550E1,9.330524545816E0,-1.924104075620E1));
#2682=CARTESIAN_POINT('',(1.163850604658E1,8.288684111669E0,-1.872615875173E1));
#2683=CARTESIAN_POINT('',(1.162303771380E1,7.336273332186E0,-1.805713512992E1));
#2684=CARTESIAN_POINT('',(1.160757726575E1,6.495902285928E0,-1.724929791690E1));
#2685=CARTESIAN_POINT('',(1.159212467992E1,5.787584896241E0,-1.632125789569E1));
#2686=CARTESIAN_POINT('',(1.157667993305E1,5.228268024697E0,-1.529447365464E1));
#2687=CARTESIAN_POINT('',(1.156124299868E1,4.831433318940E0,-1.419274993677E1));
#2688=CARTESIAN_POINT('',(1.154581386195E1,4.606778291487E0,-1.304168260654E1));
#2689=CARTESIAN_POINT('',(1.153039247584E1,4.559993617631E0,-1.186805787469E1));
#2690=CARTESIAN_POINT('',(1.151497975159E1,4.692602877814E0,-1.069930149235E1));
#2691=CARTESIAN_POINT('',(1.149957443988E1,5.001960022151E0,-9.562600691604E0));
#2692=CARTESIAN_POINT('',(1.148417676560E1,5.481303531170E0,-8.484550008241E0));
#2693=CARTESIAN_POINT('',(1.146878685405E1,6.119889192411E0,-7.490407668359E0));
#2694=CARTESIAN_POINT('',(1.145340456895E1,6.903263483335E0,-6.603499894295E0));
#2695=CARTESIAN_POINT('',(1.143802998480E1,7.813576912968E0,-5.844708434436E0));
#2696=CARTESIAN_POINT('',(1.142266309885E1,8.830008136462E0,-5.231964556753E0));
#2697=CARTESIAN_POINT('',(1.140730386964E1,9.929246707463E0,-4.779836269702E0));
#2698=CARTESIAN_POINT('',(1.139195214089E1,1.108603886162E1,-4.499190365900E0));
#2699=CARTESIAN_POINT('',(1.137660787943E1,1.227375329630E1,-4.396948045633E0));
#2700=CARTESIAN_POINT('',(1.136127144546E1,1.346497271705E1,-4.475909910004E0));
#2701=CARTESIAN_POINT('',(1.134594284715E1,1.463218778596E1,-4.734681940377E0));
#2702=CARTESIAN_POINT('',(1.133062163009E1,1.574843978353E1,-5.167733297456E0));
#2703=CARTESIAN_POINT('',(1.131530741379E1,1.678789299429E1,-5.765528399722E0));
#2704=CARTESIAN_POINT('',(1.130510306727E1,1.741354233539E1,-6.264957512106E0));
#2705=CARTESIAN_POINT('',(1.130000213811E1,1.770590238846E1,-6.537087252180E0));
#2707=CARTESIAN_POINT('',(1.130000213811E1,1.225E1,-1.225050384189E1));
#2708=DIRECTION('',(-1.E0,0.E0,0.E0));
#2709=DIRECTION('',(0.E0,6.906205555017E-1,7.232172898366E-1));
#2710=AXIS2_PLACEMENT_3D('',#2707,#2708,#2709);
#2712=CARTESIAN_POINT('',(1.130000213811E1,1.935E1,-8.786402226752E0));
#2713=CARTESIAN_POINT('',(1.133250272363E1,1.935E1,-8.860520902863E0));
#2714=CARTESIAN_POINT('',(1.139542128346E1,1.935E1,-9.007852366527E0));
#2715=CARTESIAN_POINT('',(1.145417694638E1,1.935E1,-9.153370846882E0));
#2716=CARTESIAN_POINT('',(1.148251653025E1,1.935E1,-9.225675895119E0));
#2718=CARTESIAN_POINT('',(1.148251653025E1,1.935E1,-9.225675895119E0));
#2719=CARTESIAN_POINT('',(1.149979404294E1,1.919531993591E1,-8.906686016541E0));
#2720=CARTESIAN_POINT('',(1.153437808739E1,1.884265758165E1,-8.291690988352E0));
#2721=CARTESIAN_POINT('',(1.158634067540E1,1.819491541100E1,-7.455135316755E0));
#2722=CARTESIAN_POINT('',(1.163839139212E1,1.744178222166E1,-6.719744290058E0));
#2723=CARTESIAN_POINT('',(1.169053069204E1,1.659858261869E1,-6.098744680421E0));
#2724=CARTESIAN_POINT('',(1.174275870838E1,1.568230868382E1,-5.603091535314E0));
#2725=CARTESIAN_POINT('',(1.179507639795E1,1.471126533319E1,-5.241247803453E0));
#2726=CARTESIAN_POINT('',(1.184748539300E1,1.370470947823E1,-5.019036062124E0));
#2727=CARTESIAN_POINT('',(1.188248632955E1,1.302323709096E1,-4.966038082137E0));
#2728=CARTESIAN_POINT('',(1.190000213811E1,1.268323843533E1,-4.963371040976E0));
#2730=DIRECTION('',(0.E0,0.E0,-1.E0));
#2731=VECTOR('',#2730,3.394112549695E0);
#2732=CARTESIAN_POINT('',(1.190000213811E1,1.935E1,-1.055344756704E1));
#2733=LINE('',#2732,#2731);
#2734=CARTESIAN_POINT('',(1.190000213811E1,1.519995380774E1,-5.682568661620E0));
#2735=CARTESIAN_POINT('',(1.190000213811E1,1.493676395739E1,-5.552036975502E0));
#2736=CARTESIAN_POINT('',(1.190000213811E1,1.439909716240E1,-5.325193262404E0));
#2737=CARTESIAN_POINT('',(1.190000213811E1,1.355417309062E1,-5.083810393503E0));
#2738=CARTESIAN_POINT('',(1.190000213811E1,1.297658492262E1,-4.991952822106E0));
#2739=CARTESIAN_POINT('',(1.190000213811E1,1.268323843533E1,-4.963371040976E0));
#2741=CARTESIAN_POINT('',(1.190000213811E1,1.708517638027E1,-6.915612149302E0));
#2742=CARTESIAN_POINT('',(1.190000213811E1,1.689921102401E1,-6.747066028787E0));
#2743=CARTESIAN_POINT('',(1.190000213811E1,1.651162439039E1,-6.430855081220E0));
#2744=CARTESIAN_POINT('',(1.190000213811E1,1.587720646207E1,-6.015607459397E0));
#2745=CARTESIAN_POINT('',(1.190000213811E1,1.543036262982E1,-5.786055581538E0));
#2746=CARTESIAN_POINT('',(1.190000213811E1,1.519995380774E1,-5.682568661620E0));
#2748=CARTESIAN_POINT('',(1.190000213811E1,1.875270370488E1,-8.933148792075E0));
#2749=CARTESIAN_POINT('',(1.190000213811E1,1.860779383787E1,-8.673767418738E0));
#2750=CARTESIAN_POINT('',(1.190000213811E1,1.829006290772E1,-8.178978696186E0));
#2751=CARTESIAN_POINT('',(1.190000213811E1,1.773122275516E1,-7.503809254531E0));
#2752=CARTESIAN_POINT('',(1.190000213811E1,1.730917561793E1,-7.103532431520E0));
#2753=CARTESIAN_POINT('',(1.190000213811E1,1.708517638027E1,-6.915612149302E0));
#2755=CARTESIAN_POINT('',(1.190000213811E1,1.225E1,-1.225050384189E1));
#2756=DIRECTION('',(1.E0,0.E0,0.E0));
#2757=DIRECTION('',(0.E0,1.E0,0.E0));
#2758=AXIS2_PLACEMENT_3D('',#2755,#2756,#2757);
#2760=DIRECTION('',(1.E0,0.E0,0.E0));
#2761=VECTOR('',#2760,6.299997862296E0);
#2762=CARTESIAN_POINT('',(1.190000213811E1,1.915E1,-1.225050384189E1));
#2763=LINE('',#2762,#2761);
#2764=CARTESIAN_POINT('',(1.820000000040E1,1.915E1,-1.225050384189E1));
#2765=CARTESIAN_POINT('',(1.820000000040E1,1.915E1,-1.220086331073E1));
#2766=CARTESIAN_POINT('',(1.821418470731E1,1.914895221383E1,-1.210651750162E1));
#2767=CARTESIAN_POINT('',(1.827435505365E1,1.914486734320E1,-1.197536251060E1));
#2768=CARTESIAN_POINT('',(1.836802327216E1,1.913959370043E1,-1.186799951314E1));
#2769=CARTESIAN_POINT('',(1.848559273485E1,1.913479001191E1,-1.179135301250E1));
#2770=CARTESIAN_POINT('',(1.862531986911E1,1.913176017346E1,-1.174905280640E1));
#2771=CARTESIAN_POINT('',(1.877011478073E1,1.913171336327E1,-1.174843703686E1));
#2772=CARTESIAN_POINT('',(1.890957149895E1,1.913463822556E1,-1.178913618805E1));
#2773=CARTESIAN_POINT('',(1.902902875392E1,1.913943924288E1,-1.186523486366E1));
#2774=CARTESIAN_POINT('',(1.912462115467E1,1.914479860836E1,-1.197338422822E1));
#2775=CARTESIAN_POINT('',(1.918596869704E1,1.914896223467E1,-1.210656737793E1));
#2776=CARTESIAN_POINT('',(1.920000000040E1,1.915E1,-1.220097858738E1));
#2777=CARTESIAN_POINT('',(1.920000000040E1,1.915E1,-1.225050384198E1));
#2779=DIRECTION('',(9.999999999983E-1,1.836178647894E-6,-3.421085838796E-10));
#2780=VECTOR('',#2779,5.999999646086E-1);
#2781=CARTESIAN_POINT('',(1.920000000040E1,1.915E1,-1.225050384198E1));
#2782=LINE('',#2781,#2780);
#2783=CARTESIAN_POINT('',(1.980000327013E1,1.225E1,-1.225050384189E1));
#2784=DIRECTION('',(1.E0,0.E0,0.E0));
#2785=DIRECTION('',(0.E0,1.E0,-2.554684322380E-11));
#2786=AXIS2_PLACEMENT_3D('',#2783,#2784,#2785);
#2788=CARTESIAN_POINT('',(1.570000000040E1,5.35E0,-1.225050384189E1));
#2789=CARTESIAN_POINT('',(1.570000000040E1,5.35E0,-1.216036590920E1));
#2790=CARTESIAN_POINT('',(1.572565561588E1,5.353355239803E0,-1.198886245631E1));
#2791=CARTESIAN_POINT('',(1.584824173666E1,5.367734015518E0,-1.173945172830E1));
#2792=CARTESIAN_POINT('',(1.603412223618E1,5.384685251002E0,-1.155445716643E1));
#2793=CARTESIAN_POINT('',(1.625473738531E1,5.397486136980E0,-1.144130803058E1));
#2794=CARTESIAN_POINT('',(1.650040361816E1,5.402454414857E0,-1.140151431396E1));
#2795=CARTESIAN_POINT('',(1.674595735150E1,5.397458037817E0,-1.144153769272E1));
#2796=CARTESIAN_POINT('',(1.696650658988E1,5.384636113494E0,-1.155492789149E1));
#2797=CARTESIAN_POINT('',(1.715196361046E1,5.367709085157E0,-1.173984495797E1));
#2798=CARTESIAN_POINT('',(1.727428144962E1,5.353362877484E0,-1.198876194037E1));
#2799=CARTESIAN_POINT('',(1.730000000040E1,5.35E0,-1.216030648425E1));
#2800=CARTESIAN_POINT('',(1.730000000040E1,5.35E0,-1.225050384189E1));
#2802=CARTESIAN_POINT('',(1.650000000040E1,5.95E0,-1.225050384189E1));
#2803=DIRECTION('',(0.E0,0.E0,-1.E0));
#2804=DIRECTION('',(8.E-1,-6.E-1,0.E0));
#2805=AXIS2_PLACEMENT_3D('',#2802,#2803,#2804);
#2807=CARTESIAN_POINT('',(1.710000000040E1,6.75E0,-1.225050384189E1));
#2808=CARTESIAN_POINT('',(1.710000000040E1,6.75E0,-1.219347192753E1));
#2809=CARTESIAN_POINT('',(1.708286474688E1,6.751674130784E0,-1.208324345807E1));
#2810=CARTESIAN_POINT('',(1.699540338510E1,6.759455631320E0,-1.191619626320E1));
#2811=CARTESIAN_POINT('',(1.685475989271E1,6.769207688681E0,-1.178749852953E1));
#2812=CARTESIAN_POINT('',(1.668792871865E1,6.776677018084E0,-1.170867872607E1));
#2813=CARTESIAN_POINT('',(1.648742935479E1,6.779684421218E0,-1.167996588333E1));
#2814=CARTESIAN_POINT('',(1.628967011256E1,6.775943988473E0,-1.171586354176E1));
#2815=CARTESIAN_POINT('',(1.612527589993E1,6.768001356477E0,-1.180151281404E1));
#2816=CARTESIAN_POINT('',(1.599524328748E1,6.758641581175E0,-1.193089240063E1));
#2817=CARTESIAN_POINT('',(1.591700826586E1,6.751651934923E0,-1.208702686207E1));
#2818=CARTESIAN_POINT('',(1.590000000040E1,6.75E0,-1.219464562955E1));
#2819=CARTESIAN_POINT('',(1.590000000040E1,6.75E0,-1.225050384189E1));
#2821=CARTESIAN_POINT('',(1.650000000040E1,5.95E0,-1.225050384189E1));
#2822=DIRECTION('',(0.E0,0.E0,-1.E0));
#2823=DIRECTION('',(0.E0,1.E0,0.E0));
#2824=AXIS2_PLACEMENT_3D('',#2821,#2822,#2823);
#2826=CARTESIAN_POINT('',(1.590000000040E1,6.75E0,-1.225050384189E1));
#2827=CARTESIAN_POINT('',(1.590000000040E1,6.75E0,-1.231330654940E1));
#2828=CARTESIAN_POINT('',(1.592110525194E1,6.752067541088E0,-1.243142538859E1));
#2829=CARTESIAN_POINT('',(1.601426784588E1,6.760213150990E0,-1.259609136141E1));
#2830=CARTESIAN_POINT('',(1.615272218446E1,6.769622955543E0,-1.271797912390E1));
#2831=CARTESIAN_POINT('',(1.631719821974E1,6.776719580213E0,-1.279267682969E1));
#2832=CARTESIAN_POINT('',(1.649677162148E1,6.779449732847E0,-1.281877819694E1));
#2833=CARTESIAN_POINT('',(1.667719154128E1,6.776905521076E0,-1.279448929757E1));
#2834=CARTESIAN_POINT('',(1.684606876756E1,6.769728760368E0,-1.271942502424E1));
#2835=CARTESIAN_POINT('',(1.698762912016E1,6.760068414864E0,-1.259402786896E1));
#2836=CARTESIAN_POINT('',(1.707917427660E1,6.752034712048E0,-1.243001024649E1));
#2837=CARTESIAN_POINT('',(1.710000000040E1,6.75E0,-1.231264373148E1));
#2838=CARTESIAN_POINT('',(1.710000000040E1,6.75E0,-1.225050384189E1));
#2840=CARTESIAN_POINT('',(1.650000000040E1,5.95E0,-1.225050384189E1));
#2841=DIRECTION('',(0.E0,0.E0,1.E0));
#2842=DIRECTION('',(0.E0,1.E0,0.E0));
#2843=AXIS2_PLACEMENT_3D('',#2840,#2841,#2842);
#2845=CARTESIAN_POINT('',(1.730000000040E1,5.35E0,-1.225050384189E1));
#2846=CARTESIAN_POINT('',(1.730000000040E1,5.35E0,-1.231534193621E1));
#2847=CARTESIAN_POINT('',(1.728624188109E1,5.351771693682E0,-1.244323899852E1));
#2848=CARTESIAN_POINT('',(1.721850000825E1,5.360040642578E0,-1.263821590925E1));
#2849=CARTESIAN_POINT('',(1.710492606676E1,5.372197245475E0,-1.281039087007E1));
#2850=CARTESIAN_POINT('',(1.696557915690E1,5.384143192869E0,-1.293873269152E1));
#2851=CARTESIAN_POINT('',(1.681754067066E1,5.393412279657E0,-1.302424230915E1));
#2852=CARTESIAN_POINT('',(1.665958991224E1,5.399452629773E0,-1.307532569973E1));
#2853=CARTESIAN_POINT('',(1.649923949386E1,5.401471750741E0,-1.309168577346E1));
#2854=CARTESIAN_POINT('',(1.633941516363E1,5.399422056458E0,-1.307507314127E1));
#2855=CARTESIAN_POINT('',(1.618185207395E1,5.393379741752E0,-1.302395720848E1));
#2856=CARTESIAN_POINT('',(1.603407203472E1,5.384114559427E0,-1.293843464457E1));
#2857=CARTESIAN_POINT('',(1.589509323494E1,5.372198160350E0,-1.281039443348E1));
#2858=CARTESIAN_POINT('',(1.578142228511E1,5.360032312030E0,-1.263808514417E1));
#2859=CARTESIAN_POINT('',(1.571374640795E1,5.351769883583E0,-1.244314438038E1));
#2860=CARTESIAN_POINT('',(1.570000000040E1,5.35E0,-1.231530086176E1));
#2861=CARTESIAN_POINT('',(1.570000000040E1,5.35E0,-1.225050384189E1));
#2863=CARTESIAN_POINT('',(1.650000000040E1,5.95E0,-1.225050384189E1));
#2864=DIRECTION('',(0.E0,0.E0,1.E0));
#2865=DIRECTION('',(-8.E-1,-6.E-1,0.E0));
#2866=AXIS2_PLACEMENT_3D('',#2863,#2864,#2865);
#2868=CARTESIAN_POINT('',(1.340000000040E1,1.225E1,-1.225050384189E1));
#2869=DIRECTION('',(1.E0,0.E0,0.E0));
#2870=DIRECTION('',(0.E0,9.906588508047E-1,1.363636363636E-1));
#2871=AXIS2_PLACEMENT_3D('',#2868,#2869,#2870);
#2873=DIRECTION('',(1.E0,0.E0,0.E0));
#2874=VECTOR('',#2873,5.799996861046E0);
#2875=CARTESIAN_POINT('',(1.340000000040E1,1.769862367943E1,-1.300050384189E1));
#2876=LINE('',#2875,#2874);
#2877=CARTESIAN_POINT('',(1.919999686145E1,1.225E1,-1.225050384189E1));
#2878=DIRECTION('',(-1.E0,0.E0,0.E0));
#2879=DIRECTION('',(0.E0,9.906588508047E-1,-1.363636363636E-1));
#2880=AXIS2_PLACEMENT_3D('',#2877,#2878,#2879);
#2882=CARTESIAN_POINT('',(1.919999686145E1,1.225E1,-1.225050384189E1));
#2883=DIRECTION('',(-1.E0,0.E0,0.E0));
#2884=DIRECTION('',(0.E0,-1.E0,0.E0));
#2885=AXIS2_PLACEMENT_3D('',#2882,#2883,#2884);
#2887=DIRECTION('',(-1.E0,0.E0,0.E0));
#2888=VECTOR('',#2887,5.799996861046E0);
#2889=CARTESIAN_POINT('',(1.919999686145E1,1.769862367943E1,-1.150050384189E1));
#2890=LINE('',#2889,#2888);
#2891=CARTESIAN_POINT('',(1.570000000040E1,1.57E1,-1.822607912800E1));
#2892=CARTESIAN_POINT('',(1.570000000040E1,1.562835676533E1,-1.826744236883E1));
#2893=CARTESIAN_POINT('',(1.572245513036E1,1.549013526387E1,-1.834388971344E1));
#2894=CARTESIAN_POINT('',(1.581988593505E1,1.529177629652E1,-1.844500826584E1));
#2895=CARTESIAN_POINT('',(1.597492936190E1,1.512579077595E1,-1.852328917659E1));
#2896=CARTESIAN_POINT('',(1.616643624420E1,1.500967328272E1,-1.857483521140E1));
#2897=CARTESIAN_POINT('',(1.638856552061E1,1.494811305714E1,-1.860112116182E1));
#2898=CARTESIAN_POINT('',(1.661160657614E1,1.494814933483E1,-1.860110551249E1));
#2899=CARTESIAN_POINT('',(1.683360213506E1,1.500968628551E1,-1.857483016334E1));
#2900=CARTESIAN_POINT('',(1.702518892689E1,1.512589440590E1,-1.852324094038E1));
#2901=CARTESIAN_POINT('',(1.718008617604E1,1.529174122234E1,-1.844502568802E1));
#2902=CARTESIAN_POINT('',(1.727759331953E1,1.549025158642E1,-1.834382905283E1));
#2903=CARTESIAN_POINT('',(1.730000000040E1,1.562840277635E1,-1.826741580435E1));
#2904=CARTESIAN_POINT('',(1.730000000040E1,1.57E1,-1.822607912800E1));
#2906=CARTESIAN_POINT('',(1.650000000040E1,1.54E1,-1.770646388573E1));
#2907=DIRECTION('',(0.E0,8.660254037844E-1,5.E-1));
#2908=DIRECTION('',(8.E-1,3.E-1,-5.196152422706E-1));
#2909=AXIS2_PLACEMENT_3D('',#2906,#2907,#2908);
#2911=CARTESIAN_POINT('',(1.710000000040E1,1.5E1,-1.701364356270E1));
#2912=CARTESIAN_POINT('',(1.710000000040E1,1.495033705152E1,-1.704231647938E1));
#2913=CARTESIAN_POINT('',(1.708223622621E1,1.485423846665E1,-1.709580090826E1));
#2914=CARTESIAN_POINT('',(1.699998925962E1,1.471271039906E1,-1.716906984136E1));
#2915=CARTESIAN_POINT('',(1.686746092357E1,1.459743602151E1,-1.722476446237E1));
#2916=CARTESIAN_POINT('',(1.670056642055E1,1.452082325212E1,-1.725993561122E1));
#2917=CARTESIAN_POINT('',(1.649999074172E1,1.449084078967E1,-1.727329895780E1));
#2918=CARTESIAN_POINT('',(1.629934722324E1,1.452085997696E1,-1.725991854454E1));
#2919=CARTESIAN_POINT('',(1.613265812413E1,1.459736076446E1,-1.722480011802E1));
#2920=CARTESIAN_POINT('',(1.599991636345E1,1.471278602967E1,-1.716903362836E1));
#2921=CARTESIAN_POINT('',(1.591772541093E1,1.485436566601E1,-1.709573220129E1));
#2922=CARTESIAN_POINT('',(1.590000000040E1,1.495039367963E1,-1.704228378512E1));
#2923=CARTESIAN_POINT('',(1.590000000040E1,1.5E1,-1.701364356270E1));
#2925=CARTESIAN_POINT('',(1.650000000040E1,1.54E1,-1.770646388573E1));
#2926=DIRECTION('',(0.E0,8.660254037844E-1,5.E-1));
#2927=DIRECTION('',(0.E0,-5.E-1,8.660254037844E-1));
#2928=AXIS2_PLACEMENT_3D('',#2925,#2926,#2927);
#2930=DIRECTION('',(9.999999999999E-1,-4.842668783393E-7,9.022643587731E-11));
#2931=VECTOR('',#2930,2.274999962308E0);
#2932=CARTESIAN_POINT('',(1.752500000270E1,5.35E0,-1.225050384189E1));
#2933=LINE('',#2932,#2931);
#2934=CARTESIAN_POINT('',(1.980000327013E1,1.225E1,-1.225050384189E1));
#2935=DIRECTION('',(1.E0,0.E0,0.E0));
#2936=DIRECTION('',(0.E0,-1.E0,0.E0));
#2937=AXIS2_PLACEMENT_3D('',#2934,#2935,#2936);
#2939=CARTESIAN_POINT('',(1.920000000040E1,1.915E1,-1.225050384198E1));
#2940=CARTESIAN_POINT('',(1.920000000040E1,1.915E1,-1.230016489760E1));
#2941=CARTESIAN_POINT('',(1.918579623506E1,1.914895092796E1,-1.239454687362E1));
#2942=CARTESIAN_POINT('',(1.912563760395E1,1.914486661346E1,-1.252566956055E1));
#2943=CARTESIAN_POINT('',(1.903184326914E1,1.913958702866E1,-1.263313044457E1));
#2944=CARTESIAN_POINT('',(1.891431711580E1,1.913478740338E1,-1.270968927456E1));
#2945=CARTESIAN_POINT('',(1.877458255300E1,1.913175906580E1,-1.275197074047E1));
#2946=CARTESIAN_POINT('',(1.862979728452E1,1.913171442666E1,-1.275255575763E1));
#2947=CARTESIAN_POINT('',(1.849035975149E1,1.913464024746E1,-1.271184336473E1));
#2948=CARTESIAN_POINT('',(1.837088959293E1,1.913944331922E1,-1.263570027843E1));
#2949=CARTESIAN_POINT('',(1.827535968892E1,1.914479995855E1,-1.252758489754E1));
#2950=CARTESIAN_POINT('',(1.821402631653E1,1.914896257532E1,-1.239441906643E1));
#2951=CARTESIAN_POINT('',(1.820000000040E1,1.915E1,-1.230002231745E1));
#2952=CARTESIAN_POINT('',(1.820000000040E1,1.915E1,-1.225050384189E1));
#2954=CARTESIAN_POINT('',(1.190000213811E1,1.225E1,-1.225050384189E1));
#2955=DIRECTION('',(1.E0,0.E0,0.E0));
#2956=DIRECTION('',(0.E0,-1.E0,0.E0));
#2957=AXIS2_PLACEMENT_3D('',#2954,#2955,#2956);
#2959=DIRECTION('',(1.E0,0.E0,0.E0));
#2960=VECTOR('',#2959,3.574997858539E0);
#2961=CARTESIAN_POINT('',(1.190000213811E1,5.35E0,-1.225050384189E1));
#2962=LINE('',#2961,#2960);
#2963=CARTESIAN_POINT('',(1.547499999665E1,5.35E0,-1.225050384189E1));
#2964=CARTESIAN_POINT('',(1.547452904291E1,5.35E0,-1.233139497343E1));
#2965=CARTESIAN_POINT('',(1.549319821437E1,5.352719986912E0,-1.249007483871E1));
#2966=CARTESIAN_POINT('',(1.558345139534E1,5.365600044442E0,-1.273264815370E1));
#2967=CARTESIAN_POINT('',(1.572570543928E1,5.383421305326E0,-1.293709259011E1));
#2968=CARTESIAN_POINT('',(1.591173041968E1,5.402221179949E0,-1.310172620118E1));
#2969=CARTESIAN_POINT('',(1.612786970933E1,5.417743591939E0,-1.321629542658E1));
#2970=CARTESIAN_POINT('',(1.637288019501E1,5.426868821683E0,-1.327765485769E1));
#2971=CARTESIAN_POINT('',(1.661878276171E1,5.427035395842E0,-1.327874041304E1));
#2972=CARTESIAN_POINT('',(1.686587151345E1,5.418107801768E0,-1.321883280485E1));
#2973=CARTESIAN_POINT('',(1.708405166263E1,5.402601200409E0,-1.310477938685E1));
#2974=CARTESIAN_POINT('',(1.727189165312E1,5.383703734381E0,-1.293991592099E1));
#2975=CARTESIAN_POINT('',(1.741537245145E1,5.365763791784E0,-1.273516588791E1));
#2976=CARTESIAN_POINT('',(1.750673633188E1,5.352728007827E0,-1.249082612788E1));
#2977=CARTESIAN_POINT('',(1.752552269033E1,5.35E0,-1.233162577699E1));
#2978=CARTESIAN_POINT('',(1.752500000270E1,5.35E0,-1.225050384189E1));
#2980=CARTESIAN_POINT('',(1.590000000040E1,1.5E1,-1.701364356270E1));
#2981=CARTESIAN_POINT('',(1.590000000040E1,1.505512199181E1,-1.698181886589E1));
#2982=CARTESIAN_POINT('',(1.592191210487E1,1.515732210648E1,-1.692034134088E1));
#2983=CARTESIAN_POINT('',(1.601439430264E1,1.529415100592E1,-1.683201194105E1));
#2984=CARTESIAN_POINT('',(1.615324058176E1,1.539536175758E1,-1.676268845955E1));
#2985=CARTESIAN_POINT('',(1.631741156484E1,1.545618460124E1,-1.671940786200E1));
#2986=CARTESIAN_POINT('',(1.649696535063E1,1.547742711164E1,-1.670399496360E1));
#2987=CARTESIAN_POINT('',(1.667724229090E1,1.545759979255E1,-1.671838531411E1));
#2988=CARTESIAN_POINT('',(1.684589365812E1,1.539638050841E1,-1.676200004663E1));
#2989=CARTESIAN_POINT('',(1.698768931358E1,1.529224337111E1,-1.683329819153E1));
#2990=CARTESIAN_POINT('',(1.707848808155E1,1.515582636190E1,-1.692125580647E1));
#2991=CARTESIAN_POINT('',(1.710000000040E1,1.505442668619E1,-1.698222030078E1));
#2992=CARTESIAN_POINT('',(1.710000000040E1,1.5E1,-1.701364356270E1));
#2994=CARTESIAN_POINT('',(1.650000000040E1,1.54E1,-1.770646388573E1));
#2995=DIRECTION('',(0.E0,-8.660254037844E-1,-5.E-1));
#2996=DIRECTION('',(0.E0,-5.E-1,8.660254037844E-1));
#2997=AXIS2_PLACEMENT_3D('',#2994,#2995,#2996);
#2999=CARTESIAN_POINT('',(1.730000000040E1,1.57E1,-1.822607912800E1));
#3000=CARTESIAN_POINT('',(1.730000000040E1,1.577688116333E1,-1.818169176766E1));
#3001=CARTESIAN_POINT('',(1.727416761258E1,1.591781062513E1,-1.809646150138E1));
#3002=CARTESIAN_POINT('',(1.717447954561E1,1.609888217211E1,-1.797836060840E1));
#3003=CARTESIAN_POINT('',(1.703618281607E1,1.623262525047E1,-1.788561128124E1));
#3004=CARTESIAN_POINT('',(1.688784766135E1,1.631980110636E1,-1.782267253305E1));
#3005=CARTESIAN_POINT('',(1.673304982302E1,1.637419217660E1,-1.778239287926E1));
#3006=CARTESIAN_POINT('',(1.657399765823E1,1.639973880556E1,-1.776318765047E1));
#3007=CARTESIAN_POINT('',(1.641970614439E1,1.639921103197E1,-1.776358603022E1));
#3008=CARTESIAN_POINT('',(1.626137940693E1,1.637273781431E1,-1.778348042654E1));
#3009=CARTESIAN_POINT('',(1.610736644387E1,1.631751767937E1,-1.782434356895E1));
#3010=CARTESIAN_POINT('',(1.596060282357E1,1.623004495E1,-1.788743412046E1));
#3011=CARTESIAN_POINT('',(1.582408643862E1,1.609673569638E1,-1.797978930004E1));
#3012=CARTESIAN_POINT('',(1.572565476521E1,1.591687782866E1,-1.809702819608E1));
#3013=CARTESIAN_POINT('',(1.570000000040E1,1.577656359555E1,-1.818187511550E1));
#3014=CARTESIAN_POINT('',(1.570000000040E1,1.57E1,-1.822607912800E1));
#3016=CARTESIAN_POINT('',(1.650000000040E1,1.54E1,-1.770646388573E1));
#3017=DIRECTION('',(0.E0,-8.660254037844E-1,-5.E-1));
#3018=DIRECTION('',(-8.E-1,3.E-1,-5.196152422706E-1));
#3019=AXIS2_PLACEMENT_3D('',#3016,#3017,#3018);
#3021=DIRECTION('',(-7.071092491E-1,7.071043132644E-1,-9.735164165795E-11));
#3022=VECTOR('',#3021,2.828437908042E-1);
#3023=CARTESIAN_POINT('',(2.000000142554E1,1.895000103725E1,-1.225050384216E1));
#3024=LINE('',#3023,#3022);
#3025=DIRECTION('',(-7.071092491001E-1,-7.071043132644E-1,-2.142163179996E-10));
#3026=VECTOR('',#3025,2.828437908041E-1);
#3027=CARTESIAN_POINT('',(2.000000142554E1,5.549998962751E0,-1.225050384162E1));
#3028=LINE('',#3027,#3026);
#3029=CARTESIAN_POINT('',(2.000000213811E1,1.225E1,-1.225050384189E1));
#3030=DIRECTION('',(-1.E0,0.E0,0.E0));
#3031=DIRECTION('',(0.E0,-1.E0,4.825326786867E-14));
#3032=AXIS2_PLACEMENT_3D('',#3029,#3030,#3031);
#3034=CARTESIAN_POINT('',(2.000000213811E1,1.225E1,-1.225050384189E1));
#3035=DIRECTION('',(-1.E0,0.E0,0.E0));
#3036=DIRECTION('',(0.E0,2.916406299755E-14,1.E0));
#3037=AXIS2_PLACEMENT_3D('',#3034,#3035,#3036);
#3039=CARTESIAN_POINT('',(2.000000213811E1,1.225E1,-1.225050384189E1));
#3040=DIRECTION('',(-1.E0,0.E0,0.E0));
#3041=DIRECTION('',(0.E0,1.E0,-4.825326786867E-14));
#3042=AXIS2_PLACEMENT_3D('',#3039,#3040,#3041);
#3044=CARTESIAN_POINT('',(2.000000213811E1,1.225E1,-1.225050384189E1));
#3045=DIRECTION('',(-1.E0,0.E0,0.E0));
#3046=DIRECTION('',(0.E0,-2.916406299755E-14,-1.E0));
#3047=AXIS2_PLACEMENT_3D('',#3044,#3045,#3046);
#3049=CARTESIAN_POINT('',(1.999999705090E1,1.225E1,-1.225050384189E1));
#3050=DIRECTION('',(1.E0,0.E0,0.E0));
#3051=DIRECTION('',(0.E0,-1.E0,-1.607179832748E-14));
#3052=AXIS2_PLACEMENT_3D('',#3049,#3050,#3051);
#3054=CARTESIAN_POINT('',(1.999999705090E1,1.225E1,-1.225050384189E1));
#3055=DIRECTION('',(1.E0,0.E0,0.E0));
#3056=DIRECTION('',(0.E0,1.043257084415E-14,-1.E0));
#3057=AXIS2_PLACEMENT_3D('',#3054,#3055,#3056);
#3059=CARTESIAN_POINT('',(1.999999705090E1,1.225E1,-1.225050384189E1));
#3060=DIRECTION('',(1.E0,0.E0,0.E0));
#3061=DIRECTION('',(0.E0,1.E0,1.607179832748E-14));
#3062=AXIS2_PLACEMENT_3D('',#3059,#3060,#3061);
#3064=CARTESIAN_POINT('',(1.999999705090E1,1.225E1,-1.225050384189E1));
#3065=DIRECTION('',(1.E0,0.E0,0.E0));
#3066=DIRECTION('',(0.E0,-1.043257084415E-14,1.E0));
#3067=AXIS2_PLACEMENT_3D('',#3064,#3065,#3066);
#3069=DIRECTION('',(7.071083163936E-1,7.071052459762E-1,-5.663110807096E-9));
#3070=VECTOR('',#3069,2.828442388190E-1);
#3071=CARTESIAN_POINT('',(1.979999652055E1,1.835000000096E1,-1.225050383738E1));
#3072=LINE('',#3071,#3070);
#3073=CARTESIAN_POINT('',(1.919999686145E1,1.769862367943E1,-1.300050384189E1));
#3074=CARTESIAN_POINT('',(1.927174232686E1,1.777104569059E1,-1.300050384189E1));
#3075=CARTESIAN_POINT('',(1.941525349473E1,1.791585486448E1,-1.300050384189E1));
#3076=CARTESIAN_POINT('',(1.963056827030E1,1.813297672074E1,-1.300050384189E1));
#3077=CARTESIAN_POINT('',(1.977413869138E1,1.827766794569E1,-1.300050384189E1));
#3078=CARTESIAN_POINT('',(1.984593010780E1,1.835E1,-1.300050384189E1));
#3080=DIRECTION('',(1.E0,-1.543237071283E-14,0.E0));
#3081=VECTOR('',#3080,6.445930107400E0);
#3082=CARTESIAN_POINT('',(1.340000000040E1,1.835E1,-1.150050384189E1));
#3083=LINE('',#3082,#3081);
#3084=CARTESIAN_POINT('',(1.984593010780E1,1.835E1,-1.150050384189E1));
#3085=CARTESIAN_POINT('',(1.983580501623E1,1.835E1,-1.158347474348E1));
#3086=CARTESIAN_POINT('',(1.981877127154E1,1.835000000013E1,-1.174964570409E1));
#3087=CARTESIAN_POINT('',(1.980348923187E1,1.834999999955E1,-1.199991101427E1));
#3088=CARTESIAN_POINT('',(1.979999652061E1,1.835000000096E1,-1.216691742706E1));
#3089=CARTESIAN_POINT('',(1.979999652055E1,1.835000000096E1,-1.225050383738E1));
#3091=CARTESIAN_POINT('',(1.979999652055E1,1.835000000096E1,-1.225050383738E1));
#3092=CARTESIAN_POINT('',(1.979999652049E1,1.835000000096E1,-1.233409024891E1));
#3093=CARTESIAN_POINT('',(1.980348922588E1,1.834999999955E1,-1.250109666236E1));
#3094=CARTESIAN_POINT('',(1.981877126559E1,1.835000000013E1,-1.275136197700E1));
#3095=CARTESIAN_POINT('',(1.983580501608E1,1.835E1,-1.291753293909E1));
#3096=CARTESIAN_POINT('',(1.984593010780E1,1.835E1,-1.300050384189E1));
#3098=CARTESIAN_POINT('',(1.340000000040E1,1.225E1,-1.225050384189E1));
#3099=DIRECTION('',(1.E0,0.E0,0.E0));
#3100=DIRECTION('',(0.E0,1.E0,0.E0));
#3101=AXIS2_PLACEMENT_3D('',#3098,#3099,#3100);
#3103=CARTESIAN_POINT('',(1.340000000040E1,1.225E1,-1.225050384189E1));
#3104=DIRECTION('',(1.E0,0.E0,0.E0));
#3105=DIRECTION('',(0.E0,-1.E0,0.E0));
#3106=AXIS2_PLACEMENT_3D('',#3103,#3104,#3105);
#3108=DIRECTION('',(0.E0,0.E0,-1.E0));
#3109=VECTOR('',#3108,1.5E0);
#3110=CARTESIAN_POINT('',(1.340000000040E1,1.835E1,-1.150050384189E1));
#3111=LINE('',#3110,#3109);
#3112=DIRECTION('',(0.E0,-1.E0,1.090832923023E-14));
#3113=VECTOR('',#3112,6.513763205741E-1);
#3114=CARTESIAN_POINT('',(1.340000000040E1,1.835E1,-1.300050384189E1));
#3115=LINE('',#3114,#3113);
#3116=DIRECTION('',(0.E0,1.E0,1.090832923023E-14));
#3117=VECTOR('',#3116,6.513763205741E-1);
#3118=CARTESIAN_POINT('',(1.340000000040E1,1.769862367943E1,-1.150050384189E1));
#3119=LINE('',#3118,#3117);
#3120=CARTESIAN_POINT('',(1.280000000040E1,1.225E1,-1.225050384189E1));
#3121=DIRECTION('',(1.E0,0.E0,0.E0));
#3122=DIRECTION('',(0.E0,1.E0,0.E0));
#3123=AXIS2_PLACEMENT_3D('',#3120,#3121,#3122);
#3125=DIRECTION('',(1.E0,0.E0,0.E0));
#3126=VECTOR('',#3125,6.E-1);
#3127=CARTESIAN_POINT('',(1.280000000040E1,5.85E0,-1.225050384189E1));
#3128=LINE('',#3127,#3126);
#3129=DIRECTION('',(0.E0,-1.E0,7.394226084444E-11));
#3130=VECTOR('',#3129,1.569219380426E-1);
#3131=CARTESIAN_POINT('',(1.280000000040E1,1.640692193816E1,-1.285050384190E1));
#3132=LINE('',#3131,#3130);
#3133=DIRECTION('',(0.E0,0.E0,1.E0));
#3134=VECTOR('',#3133,1.2E0);
#3135=CARTESIAN_POINT('',(1.280000000040E1,1.625000000012E1,-1.285050384189E1));
#3136=LINE('',#3135,#3134);
#3137=DIRECTION('',(0.E0,1.E0,1.132000319100E-14));
#3138=VECTOR('',#3137,1.569219380444E-1);
#3139=CARTESIAN_POINT('',(1.280000000040E1,1.625000000012E1,-1.165050384189E1));
#3140=LINE('',#3139,#3138);
#3141=CARTESIAN_POINT('',(1.280000000040E1,1.225E1,-1.225050384189E1));
#3142=DIRECTION('',(1.E0,0.E0,0.E0));
#3143=DIRECTION('',(0.E0,9.897433186108E-1,1.428571428570E-1));
#3144=AXIS2_PLACEMENT_3D('',#3141,#3142,#3143);
#3146=CARTESIAN_POINT('',(1.280000000040E1,1.225E1,-1.225050384189E1));
#3147=DIRECTION('',(1.E0,0.E0,0.E0));
#3148=DIRECTION('',(0.E0,-1.E0,0.E0));
#3149=AXIS2_PLACEMENT_3D('',#3146,#3147,#3148);
#3151=DIRECTION('',(1.E0,0.E0,0.E0));
#3152=VECTOR('',#3151,6.E-1);
#3153=CARTESIAN_POINT('',(1.280000000040E1,1.865E1,-1.225050384189E1));
#3154=LINE('',#3153,#3152);
#3155=DIRECTION('',(1.E0,0.E0,0.E0));
#3156=VECTOR('',#3155,6.E0);
#3157=CARTESIAN_POINT('',(1.280000000040E1,1.640692193816E1,-1.285050384190E1));
#3158=LINE('',#3157,#3156);
#3159=CARTESIAN_POINT('',(1.880000000040E1,1.225E1,-1.225050384189E1));
#3160=DIRECTION('',(1.E0,0.E0,0.E0));
#3161=DIRECTION('',(0.E0,9.897433186108E-1,1.428571428570E-1));
#3162=AXIS2_PLACEMENT_3D('',#3159,#3160,#3161);
#3164=DIRECTION('',(1.E0,0.E0,0.E0));
#3165=VECTOR('',#3164,6.E0);
#3166=CARTESIAN_POINT('',(1.280000000040E1,1.625000000012E1,-1.165050384189E1));
#3167=LINE('',#3166,#3165);
#3168=DIRECTION('',(1.E0,0.E0,0.E0));
#3169=VECTOR('',#3168,6.E0);
#3170=CARTESIAN_POINT('',(1.280000000040E1,1.640692193817E1,-1.165050384189E1));
#3171=LINE('',#3170,#3169);
#3172=DIRECTION('',(1.E0,0.E0,0.E0));
#3173=VECTOR('',#3172,6.E0);
#3174=CARTESIAN_POINT('',(1.280000000040E1,1.625000000012E1,-1.285050384189E1));
#3175=LINE('',#3174,#3173);
#3176=DIRECTION('',(0.E0,1.E0,1.132000319100E-14));
#3177=VECTOR('',#3176,1.569219380444E-1);
#3178=CARTESIAN_POINT('',(1.880000000040E1,1.625000000012E1,-1.165050384189E1));
#3179=LINE('',#3178,#3177);
#3180=DIRECTION('',(0.E0,0.E0,1.E0));
#3181=VECTOR('',#3180,1.2E0);
#3182=CARTESIAN_POINT('',(1.880000000040E1,1.625000000012E1,-1.285050384189E1));
#3183=LINE('',#3182,#3181);
#3184=DIRECTION('',(0.E0,-1.E0,7.394226084444E-11));
#3185=VECTOR('',#3184,1.569219380426E-1);
#3186=CARTESIAN_POINT('',(1.880000000040E1,1.640692193816E1,-1.285050384190E1));
#3187=LINE('',#3186,#3185);
#3188=CARTESIAN_POINT('',(1.880000000040E1,9.949999999818E0,-1.225050384189E1));
#3189=DIRECTION('',(-1.E0,0.E0,0.E0));
#3190=DIRECTION('',(0.E0,1.E0,0.E0));
#3191=AXIS2_PLACEMENT_3D('',#3188,#3189,#3190);
#3193=CARTESIAN_POINT('',(1.880000000040E1,9.949999999818E0,-1.225050384189E1));
#3194=DIRECTION('',(-1.E0,0.E0,0.E0));
#3195=DIRECTION('',(0.E0,-1.E0,0.E0));
#3196=AXIS2_PLACEMENT_3D('',#3193,#3194,#3195);
#3198=CARTESIAN_POINT('',(1.880000000040E1,1.340000000009E1,-1.025864541303E1));
#3199=DIRECTION('',(-1.E0,0.E0,0.E0));
#3200=DIRECTION('',(0.E0,1.E0,0.E0));
#3201=AXIS2_PLACEMENT_3D('',#3198,#3199,#3200);
#3203=CARTESIAN_POINT('',(1.880000000040E1,1.340000000009E1,-1.025864541303E1));
#3204=DIRECTION('',(-1.E0,0.E0,0.E0));
#3205=DIRECTION('',(0.E0,-1.E0,0.E0));
#3206=AXIS2_PLACEMENT_3D('',#3203,#3204,#3205);
#3208=CARTESIAN_POINT('',(1.880000000040E1,1.340000000009E1,-1.424236227075E1));
#3209=DIRECTION('',(-1.E0,0.E0,0.E0));
#3210=DIRECTION('',(0.E0,1.E0,0.E0));
#3211=AXIS2_PLACEMENT_3D('',#3208,#3209,#3210);
#3213=CARTESIAN_POINT('',(1.880000000040E1,1.340000000009E1,-1.424236227075E1));
#3214=DIRECTION('',(-1.E0,0.E0,0.E0));
#3215=DIRECTION('',(0.E0,-1.E0,0.E0));
#3216=AXIS2_PLACEMENT_3D('',#3213,#3214,#3215);
#3218=DIRECTION('',(-7.071067811865E-1,-7.071067811866E-1,1.761408232080E-8));
#3219=VECTOR('',#3218,2.828427113015E-1);
#3220=CARTESIAN_POINT('',(1.879999999826E1,1.104999999767E1,-1.225050385478E1));
#3221=LINE('',#3220,#3219);
#3222=DIRECTION('',(-7.071067811865E-1,7.071067811866E-1,-1.761409488154E-8));
#3223=VECTOR('',#3222,2.828427113015E-1);
#3224=CARTESIAN_POINT('',(1.879999999826E1,8.850000001965E0,-1.225050382899E1));
#3225=LINE('',#3224,#3223);
#3226=CARTESIAN_POINT('',(1.860000000040E1,9.949999999818E0,-1.225050384189E1));
#3227=DIRECTION('',(-1.E0,0.E0,0.E0));
#3228=DIRECTION('',(0.E0,-1.E0,0.E0));
#3229=AXIS2_PLACEMENT_3D('',#3226,#3227,#3228);
#3231=DIRECTION('',(-1.E0,1.646836003614E-9,9.890770441191E-9));
#3232=VECTOR('',#3231,7.999999986825E-1);
#3233=CARTESIAN_POINT('',(1.859999999909E1,1.084999999850E1,-1.225050384980E1));
#3234=LINE('',#3233,#3232);
#3235=CARTESIAN_POINT('',(1.860000000040E1,9.949999999818E0,-1.225050384189E1));
#3236=DIRECTION('',(-1.E0,0.E0,0.E0));
#3237=DIRECTION('',(0.E0,1.E0,0.E0));
#3238=AXIS2_PLACEMENT_3D('',#3235,#3236,#3237);
#3240=DIRECTION('',(-1.E0,-1.646838224060E-9,-9.890766000299E-9));
#3241=VECTOR('',#3240,7.999999986825E-1);
#3242=CARTESIAN_POINT('',(1.859999999909E1,9.050000001136E0,-1.225050383398E1));
#3243=LINE('',#3242,#3241);
#3244=CARTESIAN_POINT('',(1.780000000040E1,9.949999999818E0,-1.225050384189E1));
#3245=DIRECTION('',(1.E0,0.E0,0.E0));
#3246=DIRECTION('',(0.E0,1.E0,0.E0));
#3247=AXIS2_PLACEMENT_3D('',#3244,#3245,#3246);
#3249=CARTESIAN_POINT('',(1.780000000040E1,9.949999999818E0,-1.225050384189E1));
#3250=DIRECTION('',(1.E0,0.E0,0.E0));
#3251=DIRECTION('',(0.E0,-1.E0,0.E0));
#3252=AXIS2_PLACEMENT_3D('',#3249,#3250,#3251);
#3254=CARTESIAN_POINT('',(1.780000000040E1,1.340000000009E1,-1.025864541303E1));
#3255=DIRECTION('',(1.E0,0.E0,0.E0));
#3256=DIRECTION('',(0.E0,1.E0,0.E0));
#3257=AXIS2_PLACEMENT_3D('',#3254,#3255,#3256);
#3259=CARTESIAN_POINT('',(1.780000000040E1,1.340000000009E1,-1.025864541303E1));
#3260=DIRECTION('',(1.E0,0.E0,0.E0));
#3261=DIRECTION('',(0.E0,-1.E0,0.E0));
#3262=AXIS2_PLACEMENT_3D('',#3259,#3260,#3261);
#3264=CARTESIAN_POINT('',(1.780000000040E1,1.340000000009E1,-1.424236227075E1));
#3265=DIRECTION('',(1.E0,0.E0,0.E0));
#3266=DIRECTION('',(0.E0,1.E0,0.E0));
#3267=AXIS2_PLACEMENT_3D('',#3264,#3265,#3266);
#3269=CARTESIAN_POINT('',(1.780000000040E1,1.340000000009E1,-1.424236227075E1));
#3270=DIRECTION('',(1.E0,0.E0,0.E0));
#3271=DIRECTION('',(0.E0,-1.E0,0.E0));
#3272=AXIS2_PLACEMENT_3D('',#3269,#3270,#3271);
#3274=CARTESIAN_POINT('',(1.860000000040E1,1.340000000009E1,-1.025864541303E1));
#3275=DIRECTION('',(-1.E0,0.E0,0.E0));
#3276=DIRECTION('',(0.E0,-1.E0,0.E0));
#3277=AXIS2_PLACEMENT_3D('',#3274,#3275,#3276);
#3279=DIRECTION('',(-1.E0,1.646840444506E-9,9.890768220745E-9));
#3280=VECTOR('',#3279,7.999999986825E-1);
#3281=CARTESIAN_POINT('',(1.859999999909E1,1.429999999877E1,-1.025864542094E1));
#3282=LINE('',#3281,#3280);
#3283=DIRECTION('',(-7.071067811865E-1,7.071067811866E-1,-1.761410116191E-8));
#3284=VECTOR('',#3283,2.828427113015E-1);
#3285=CARTESIAN_POINT('',(1.879999999826E1,1.230000000224E1,-1.025864540013E1));
#3286=LINE('',#3285,#3284);
#3287=DIRECTION('',(-7.071067811866E-1,-7.071067811865E-1,1.761408232080E-8));
#3288=VECTOR('',#3287,2.828427113015E-1);
#3289=CARTESIAN_POINT('',(1.879999999826E1,1.449999999794E1,-1.025864542592E1));
#3290=LINE('',#3289,#3288);
#3291=CARTESIAN_POINT('',(1.860000000040E1,1.340000000009E1,-1.025864541303E1));
#3292=DIRECTION('',(-1.E0,0.E0,0.E0));
#3293=DIRECTION('',(0.E0,1.E0,0.E0));
#3294=AXIS2_PLACEMENT_3D('',#3291,#3292,#3293);
#3296=DIRECTION('',(-1.E0,-1.646840444506E-9,-9.890766000299E-9));
#3297=VECTOR('',#3296,7.999999986825E-1);
#3298=CARTESIAN_POINT('',(1.859999999909E1,1.250000000141E1,-1.025864540512E1));
#3299=LINE('',#3298,#3297);
#3300=CARTESIAN_POINT('',(1.860000000040E1,1.340000000009E1,-1.424236227075E1));
#3301=DIRECTION('',(-1.E0,0.E0,0.E0));
#3302=DIRECTION('',(0.E0,-1.E0,0.E0));
#3303=AXIS2_PLACEMENT_3D('',#3300,#3301,#3302);
#3305=DIRECTION('',(-1.E0,1.646836003614E-9,9.890768220745E-9));
#3306=VECTOR('',#3305,7.999999986825E-1);
#3307=CARTESIAN_POINT('',(1.859999999909E1,1.429999999877E1,-1.424236227866E1));
#3308=LINE('',#3307,#3306);
#3309=DIRECTION('',(-7.071067811865E-1,7.071067811865E-1,-1.761408232080E-8));
#3310=VECTOR('',#3309,2.828427113015E-1);
#3311=CARTESIAN_POINT('',(1.879999999826E1,1.230000000224E1,-1.424236225786E1));
#3312=LINE('',#3311,#3310);
#3313=DIRECTION('',(-7.071067811866E-1,-7.071067811865E-1,1.761408232080E-8));
#3314=VECTOR('',#3313,2.828427113015E-1);
#3315=CARTESIAN_POINT('',(1.879999999826E1,1.449999999794E1,-1.424236228365E1));
#3316=LINE('',#3315,#3314);
#3317=CARTESIAN_POINT('',(1.860000000040E1,1.340000000009E1,-1.424236227075E1));
#3318=DIRECTION('',(-1.E0,0.E0,0.E0));
#3319=DIRECTION('',(0.E0,1.E0,0.E0));
#3320=AXIS2_PLACEMENT_3D('',#3317,#3318,#3319);
#3322=DIRECTION('',(-1.E0,-1.646838224060E-9,-9.890766000299E-9));
#3323=VECTOR('',#3322,7.999999986825E-1);
#3324=CARTESIAN_POINT('',(1.859999999909E1,1.250000000141E1,-1.424236226284E1));
#3325=LINE('',#3324,#3323);
#3326=DIRECTION('',(1.E0,-1.598352680972E-14,0.E0));
#3327=VECTOR('',#3326,6.445930107400E0);
#3328=CARTESIAN_POINT('',(1.340000000040E1,1.835E1,-1.300050384189E1));
#3329=LINE('',#3328,#3327);
#3330=CARTESIAN_POINT('',(1.984593010780E1,1.835E1,-1.150050384189E1));
#3331=CARTESIAN_POINT('',(1.977413869138E1,1.827766794569E1,-1.150050384189E1));
#3332=CARTESIAN_POINT('',(1.963056827030E1,1.813297672074E1,-1.150050384189E1));
#3333=CARTESIAN_POINT('',(1.941525349473E1,1.791585486448E1,-1.150050384189E1));
#3334=CARTESIAN_POINT('',(1.927174232686E1,1.777104569059E1,-1.150050384189E1));
#3335=CARTESIAN_POINT('',(1.919999686145E1,1.769862367943E1,-1.150050384189E1));
#3337=DIRECTION('',(7.071070139099E-1,-7.071065484631E-1,-2.618958347026E-10));
#3338=VECTOR('',#3337,1.131372135868E0);
#3339=CARTESIAN_POINT('',(1.919999686145E1,6.75E0,-1.225050384393E1));
#3340=LINE('',#3339,#3338);
#3341=DIRECTION('',(-3.552713678803E-13,-1.E0,4.406786047188E-10));
#3342=VECTOR('',#3341,1.999999999998E-1);
#3343=CARTESIAN_POINT('',(1.920000000040E1,1.915E1,-1.225050384198E1));
#3344=LINE('',#3343,#3342);
#3345=DIRECTION('',(3.197442310923E-13,-1.E0,0.E0));
#3346=VECTOR('',#3345,1.999999999998E-1);
#3347=CARTESIAN_POINT('',(1.820000000040E1,1.915E1,-1.225050384189E1));
#3348=LINE('',#3347,#3346);
#3349=CARTESIAN_POINT('',(1.870000000040E1,1.895E1,-1.225050384189E1));
#3350=DIRECTION('',(0.E0,-1.E0,0.E0));
#3351=DIRECTION('',(1.E0,0.E0,0.E0));
#3352=AXIS2_PLACEMENT_3D('',#3349,#3350,#3351);
#3354=DIRECTION('',(9.396926207860E-1,-3.420201433254E-1,0.E0));
#3355=VECTOR('',#3354,5.320888862378E-1);
#3356=CARTESIAN_POINT('',(1.820000000040E1,1.895E1,-1.225050384189E1));
#3357=LINE('',#3356,#3355);
#3358=DIRECTION('',(-9.396926207860E-1,-3.420201433254E-1,0.E0));
#3359=VECTOR('',#3358,5.320888862378E-1);
#3360=CARTESIAN_POINT('',(1.920000000040E1,1.895E1,-1.225050384189E1));
#3361=LINE('',#3360,#3359);
#3362=CARTESIAN_POINT('',(1.870000000040E1,1.895E1,-1.225050384189E1));
#3363=DIRECTION('',(0.E0,-1.E0,0.E0));
#3364=DIRECTION('',(-1.E0,0.E0,0.E0));
#3365=AXIS2_PLACEMENT_3D('',#3362,#3363,#3364);
#3367=CARTESIAN_POINT('',(1.570000000040E1,1.57E1,-6.274928555777E0));
#3368=CARTESIAN_POINT('',(1.570000000040E1,1.577164323467E1,-6.316291796601E0));
#3369=CARTESIAN_POINT('',(1.572245513036E1,1.590695932789E1,-6.397771455905E0));
#3370=CARTESIAN_POINT('',(1.581988593505E1,1.609371004674E1,-6.518996084498E0));
#3371=CARTESIAN_POINT('',(1.597492936190E1,1.624449606436E1,-6.623603306598E0));
#3372=CARTESIAN_POINT('',(1.616643624420E1,1.634719498659E1,-6.698390988151E0));
#3373=CARTESIAN_POINT('',(1.638856552061E1,1.640073940020E1,-6.738560732160E0));
#3374=CARTESIAN_POINT('',(1.661160657614E1,1.640070770864E1,-6.738537139424E0));
#3375=CARTESIAN_POINT('',(1.683360213506E1,1.634718411344E1,-6.698382251437E0));
#3376=CARTESIAN_POINT('',(1.702518892689E1,1.624440247560E1,-6.623537678535E0));
#3377=CARTESIAN_POINT('',(1.718008617604E1,1.609374267188E1,-6.519017748534E0));
#3378=CARTESIAN_POINT('',(1.727759331953E1,1.590684863298E1,-6.397701047931E0));
#3379=CARTESIAN_POINT('',(1.730000000040E1,1.577159722365E1,-6.316265232122E0));
#3380=CARTESIAN_POINT('',(1.730000000040E1,1.57E1,-6.274928555777E0));
#3382=CARTESIAN_POINT('',(1.650000000040E1,1.54E1,-6.794543798047E0));
#3383=DIRECTION('',(0.E0,-8.660254037844E-1,5.E-1));
#3384=DIRECTION('',(8.E-1,3.E-1,5.196152422706E-1));
#3385=AXIS2_PLACEMENT_3D('',#3382,#3383,#3384);
#3387=CARTESIAN_POINT('',(1.710000000040E1,1.5E1,-7.487364121075E0));
#3388=CARTESIAN_POINT('',(1.710000000040E1,1.504966294848E1,-7.516037037748E0));
#3389=CARTESIAN_POINT('',(1.708223622621E1,1.514403111503E1,-7.572518639075E0));
#3390=CARTESIAN_POINT('',(1.699998925962E1,1.527824790620E1,-7.658451074401E0));
#3391=CARTESIAN_POINT('',(1.686746092357E1,1.538411805163E1,-7.730434303265E0));
#3392=CARTESIAN_POINT('',(1.670056642055E1,1.545288354470E1,-7.779197333387E0));
#3393=CARTESIAN_POINT('',(1.649999074172E1,1.547944777355E1,-7.798481234239E0));
#3394=CARTESIAN_POINT('',(1.629934722324E1,1.545285040210E1,-7.779174062077E0));
#3395=CARTESIAN_POINT('',(1.613265812413E1,1.538418655885E1,-7.730481649957E0));
#3396=CARTESIAN_POINT('',(1.599991636345E1,1.527817872952E1,-7.658403682872E0));
#3397=CARTESIAN_POINT('',(1.591772541093E1,1.514390801338E1,-7.572442834680E0));
#3398=CARTESIAN_POINT('',(1.590000000040E1,1.504960632037E1,-7.516004343494E0));
#3399=CARTESIAN_POINT('',(1.590000000040E1,1.5E1,-7.487364121075E0));
#3401=CARTESIAN_POINT('',(1.650000000040E1,1.54E1,-6.794543798047E0));
#3402=DIRECTION('',(0.E0,-8.660254037844E-1,5.E-1));
#3403=DIRECTION('',(0.E0,-5.E-1,-8.660254037844E-1));
#3404=AXIS2_PLACEMENT_3D('',#3401,#3402,#3403);
#3406=CARTESIAN_POINT('',(1.590000000040E1,1.5E1,-7.487364121075E0));
#3407=CARTESIAN_POINT('',(1.590000000040E1,1.494487800819E1,-7.455539424266E0));
#3408=CARTESIAN_POINT('',(1.592191210487E1,1.484053685243E1,-7.397770291197E0));
#3409=CARTESIAN_POINT('',(1.601439430264E1,1.469562689856E1,-7.323437688229E0));
#3410=CARTESIAN_POINT('',(1.615324058176E1,1.458498562667E1,-7.270448346904E0));
#3411=CARTESIAN_POINT('',(1.631741156484E1,1.451709210787E1,-7.239414517935E0));
#3412=CARTESIAN_POINT('',(1.649696535063E1,1.449312289111E1,-7.228724413491E0));
#3413=CARTESIAN_POINT('',(1.667724229090E1,1.451549895977E1,-7.238700200258E0));
#3414=CARTESIAN_POINT('',(1.684589365812E1,1.458388006818E1,-7.269910289263E0));
#3415=CARTESIAN_POINT('',(1.698768931358E1,1.469769464155E1,-7.324446623192E0));
#3416=CARTESIAN_POINT('',(1.707848808155E1,1.484207667515E1,-7.398608411207E0));
#3417=CARTESIAN_POINT('',(1.710000000040E1,1.494557331381E1,-7.455940859154E0));
#3418=CARTESIAN_POINT('',(1.710000000040E1,1.5E1,-7.487364121075E0));
#3420=CARTESIAN_POINT('',(1.650000000040E1,1.54E1,-6.794543798047E0));
#3421=DIRECTION('',(0.E0,8.660254037844E-1,-5.E-1));
#3422=DIRECTION('',(0.E0,-5.E-1,-8.660254037844E-1));
#3423=AXIS2_PLACEMENT_3D('',#3420,#3421,#3422);
#3425=CARTESIAN_POINT('',(1.730000000040E1,1.57E1,-6.274928555777E0));
#3426=CARTESIAN_POINT('',(1.730000000040E1,1.562311883667E1,-6.230541195431E0));
#3427=CARTESIAN_POINT('',(1.727416761258E1,1.547884253E1,-6.151107834507E0));
#3428=CARTESIAN_POINT('',(1.717447954561E1,1.528602838298E1,-6.053345721410E0));
#3429=CARTESIAN_POINT('',(1.703618281607E1,1.513883357030E1,-5.983895481559E0));
#3430=CARTESIAN_POINT('',(1.688784766135E1,1.504073908754E1,-5.939868349855E0));
#3431=CARTESIAN_POINT('',(1.673304982302E1,1.497866034898E1,-5.912904128179E0));
#3432=CARTESIAN_POINT('',(1.657399765823E1,1.494925481848E1,-5.900382712911E0));
#3433=CARTESIAN_POINT('',(1.641970614439E1,1.494986371226E1,-5.900640588376E0));
#3434=CARTESIAN_POINT('',(1.626137940693E1,1.498032937370E1,-5.913619869223E0));
#3435=CARTESIAN_POINT('',(1.610736644387E1,1.504332796057E1,-5.941010337682E0));
#3436=CARTESIAN_POINT('',(1.596060282357E1,1.514170234560E1,-5.985218667703E0));
#3437=CARTESIAN_POINT('',(1.582408643862E1,1.528833890410E1,-6.054490278109E0));
#3438=CARTESIAN_POINT('',(1.572565476521E1,1.547979970024E1,-6.151632312601E0));
#3439=CARTESIAN_POINT('',(1.570000000040E1,1.562343640445E1,-6.230724543273E0));
#3440=CARTESIAN_POINT('',(1.570000000040E1,1.57E1,-6.274928555777E0));
#3442=CARTESIAN_POINT('',(1.650000000040E1,1.54E1,-6.794543798047E0));
#3443=DIRECTION('',(0.E0,8.660254037844E-1,-5.E-1));
#3444=DIRECTION('',(-8.E-1,3.E-1,5.196152422706E-1));
#3445=AXIS2_PLACEMENT_3D('',#3442,#3443,#3444);
#3447=CARTESIAN_POINT('',(1.174374482468E1,1.935E1,-1.105467776758E1));
#3448=CARTESIAN_POINT('',(1.173615137421E1,1.935E1,-1.095219168899E1));
#3449=CARTESIAN_POINT('',(1.171849411397E1,1.935E1,-1.074747322050E1));
#3450=CARTESIAN_POINT('',(1.168479041002E1,1.935E1,-1.044105807295E1));
#3451=CARTESIAN_POINT('',(1.164413151303E1,1.935E1,-1.013553849999E1));
#3452=CARTESIAN_POINT('',(1.159682369858E1,1.935E1,-9.831117419879E0));
#3453=CARTESIAN_POINT('',(1.154316833857E1,1.935E1,-9.527785501018E0));
#3454=CARTESIAN_POINT('',(1.150337131805E1,1.935E1,-9.326269706844E0));
#3455=CARTESIAN_POINT('',(1.148251653025E1,1.935E1,-9.225675895119E0));
#3457=CARTESIAN_POINT('',(1.190000213811E1,1.519995380774E1,-5.682568661620E0));
#3458=CARTESIAN_POINT('',(1.189256131366E1,1.550701843118E1,-5.820485134649E0));
#3459=CARTESIAN_POINT('',(1.187767966476E1,1.610177000918E1,-6.139455427038E0));
#3460=CARTESIAN_POINT('',(1.185535719141E1,1.691825204995E1,-6.737930146283E0));
#3461=CARTESIAN_POINT('',(1.183303471807E1,1.764305106543E1,-7.444669292132E0));
#3462=CARTESIAN_POINT('',(1.181071224472E1,1.826193293611E1,-8.245793130026E0));
#3463=CARTESIAN_POINT('',(1.178838977137E1,1.876274288143E1,-9.125567664657E0));
#3464=CARTESIAN_POINT('',(1.176606729802E1,1.913564536052E1,-1.006671518421E1));
#3465=CARTESIAN_POINT('',(1.175118564913E1,1.929409264508E1,-1.072273800773E1));
#3466=CARTESIAN_POINT('',(1.174374482468E1,1.935E1,-1.105467776758E1));
#3468=CARTESIAN_POINT('',(1.124079905963E1,1.935E1,-1.571460545703E1));
#3469=CARTESIAN_POINT('',(1.126969986642E1,1.935E1,-1.560806680721E1));
#3470=CARTESIAN_POINT('',(1.132566420693E1,1.935E1,-1.539460654772E1));
#3471=CARTESIAN_POINT('',(1.140373360302E1,1.935E1,-1.507315261496E1));
#3472=CARTESIAN_POINT('',(1.147553438116E1,1.935E1,-1.475037533580E1));
#3473=CARTESIAN_POINT('',(1.154065419033E1,1.935E1,-1.442630475312E1));
#3474=CARTESIAN_POINT('',(1.159870314913E1,1.935E1,-1.410088720189E1));
#3475=CARTESIAN_POINT('',(1.164927220744E1,1.935E1,-1.377425649533E1));
#3476=CARTESIAN_POINT('',(1.167775169371E1,1.935E1,-1.355577070446E1));
#3477=CARTESIAN_POINT('',(1.169063158193E1,1.935E1,-1.344632991620E1));
#3479=CARTESIAN_POINT('',(1.169063158193E1,1.935E1,-1.344632991620E1));
#3480=CARTESIAN_POINT('',(1.168240407867E1,1.928818185766E1,-1.381336390219E1));
#3481=CARTESIAN_POINT('',(1.166594907215E1,1.910751069985E1,-1.453782149280E1));
#3482=CARTESIAN_POINT('',(1.164126656236E1,1.867190173699E1,-1.556960839233E1));
#3483=CARTESIAN_POINT('',(1.161658405258E1,1.808214722418E1,-1.652172553762E1));
#3484=CARTESIAN_POINT('',(1.159190154280E1,1.735240292388E1,-1.737132025827E1));
#3485=CARTESIAN_POINT('',(1.156721903302E1,1.650018502866E1,-1.809799932893E1));
#3486=CARTESIAN_POINT('',(1.154253652323E1,1.554594941611E1,-1.868432026244E1));
#3487=CARTESIAN_POINT('',(1.151785401345E1,1.451260072471E1,-1.911620950379E1));
#3488=CARTESIAN_POINT('',(1.149317150367E1,1.342494254936E1,-1.938330036811E1));
#3489=CARTESIAN_POINT('',(1.146848899388E1,1.230908208341E1,-1.947918183895E1));
#3490=CARTESIAN_POINT('',(1.144380648410E1,1.119180346292E1,-1.940155246198E1));
#3491=CARTESIAN_POINT('',(1.141912397432E1,1.009992486418E1,-1.915227558459E1));
#3492=CARTESIAN_POINT('',(1.139444146453E1,9.059654783636E0,-1.873733463037E1));
#3493=CARTESIAN_POINT('',(1.136975895475E1,8.095962952084E0,-1.816668947813E1));
#3494=CARTESIAN_POINT('',(1.134507644497E1,7.231980983202E0,-1.745403739372E1));
#3495=CARTESIAN_POINT('',(1.132039393519E1,6.488447142557E0,-1.661648425284E1));
#3496=CARTESIAN_POINT('',(1.129571142540E1,5.883208564463E0,-1.567413394666E1));
#3497=CARTESIAN_POINT('',(1.127102891562E1,5.430792865021E0,-1.464960582559E1));
#3498=CARTESIAN_POINT('',(1.124634640584E1,5.142059433963E0,-1.356749176425E1));
#3499=CARTESIAN_POINT('',(1.122166389605E1,5.023938775381E0,-1.245376587966E1));
#3500=CARTESIAN_POINT('',(1.119698138627E1,5.079266153984E0,-1.133516107136E1));
#3501=CARTESIAN_POINT('',(1.117229887649E1,5.306713539894E0,-1.023852734828E1));
#3502=CARTESIAN_POINT('',(1.114761636670E1,5.700821485503E0,-9.190187344662E0));
#3503=CARTESIAN_POINT('',(1.112293385692E1,6.252130169276E0,-8.215304494690E0));
#3504=CARTESIAN_POINT('',(1.109825134714E1,6.947406461003E0,-7.337279031429E0));
#3505=CARTESIAN_POINT('',(1.107356883736E1,7.769961558253E0,-6.577186308164E0));
#3506=CARTESIAN_POINT('',(1.104888632757E1,8.700051569779E0,-5.953270924130E0));
#3507=CARTESIAN_POINT('',(1.102420381779E1,9.715351430460E0,-5.480508797014E0));
#3508=CARTESIAN_POINT('',(1.099952130801E1,1.079149077301E1,-5.170247694680E0));
#3509=CARTESIAN_POINT('',(1.097483879822E1,1.190263889131E1,-5.029934851357E0));
#3510=CARTESIAN_POINT('',(1.095015628844E1,1.302212476399E1,-5.062938217998E0));
#3511=CARTESIAN_POINT('',(1.092547377866E1,1.412307722E1,-5.268465593937E0));
#3512=CARTESIAN_POINT('',(1.090079126888E1,1.517907001357E1,-5.641583742940E0));
#3513=CARTESIAN_POINT('',(1.087610875909E1,1.616475582725E1,-6.173336430238E0));
#3514=CARTESIAN_POINT('',(1.085142624931E1,1.705647584118E1,-6.850960803557E0));
#3515=CARTESIAN_POINT('',(1.083497124279E1,1.757404082054E1,-7.389112603697E0));
#3516=CARTESIAN_POINT('',(1.082674373953E1,1.781049042566E1,-7.676561753695E0));
#3518=DIRECTION('',(1.E0,7.105427357600E-14,3.907985046680E-13));
#3519=VECTOR('',#3518,5.E-2);
#3520=CARTESIAN_POINT('',(1.169063158193E1,1.935E1,-1.344632991620E1));
#3521=LINE('',#3520,#3519);
#3522=CARTESIAN_POINT('',(1.174063158193E1,1.935E1,-1.344632991620E1));
#3523=CARTESIAN_POINT('',(1.173240407867E1,1.928818185766E1,-1.381336390219E1));
#3524=CARTESIAN_POINT('',(1.171594907215E1,1.910751069985E1,-1.453782149280E1));
#3525=CARTESIAN_POINT('',(1.169126656236E1,1.867190173699E1,-1.556960839233E1));
#3526=CARTESIAN_POINT('',(1.166658405258E1,1.808214722418E1,-1.652172553762E1));
#3527=CARTESIAN_POINT('',(1.164190154280E1,1.735240292388E1,-1.737132025827E1));
#3528=CARTESIAN_POINT('',(1.161721903302E1,1.650018502866E1,-1.809799932893E1));
#3529=CARTESIAN_POINT('',(1.159253652323E1,1.554594941611E1,-1.868432026244E1));
#3530=CARTESIAN_POINT('',(1.156785401345E1,1.451260072471E1,-1.911620950379E1));
#3531=CARTESIAN_POINT('',(1.154317150367E1,1.342494254936E1,-1.938330036811E1));
#3532=CARTESIAN_POINT('',(1.151848899388E1,1.230908208341E1,-1.947918183895E1));
#3533=CARTESIAN_POINT('',(1.149380648410E1,1.119180346292E1,-1.940155246198E1));
#3534=CARTESIAN_POINT('',(1.146912397432E1,1.009992486418E1,-1.915227558459E1));
#3535=CARTESIAN_POINT('',(1.144444146453E1,9.059654783636E0,-1.873733463037E1));
#3536=CARTESIAN_POINT('',(1.141975895475E1,8.095962952084E0,-1.816668947813E1));
#3537=CARTESIAN_POINT('',(1.139507644497E1,7.231980983202E0,-1.745403739372E1));
#3538=CARTESIAN_POINT('',(1.137039393519E1,6.488447142557E0,-1.661648425284E1));
#3539=CARTESIAN_POINT('',(1.134571142540E1,5.883208564463E0,-1.567413394666E1));
#3540=CARTESIAN_POINT('',(1.132102891562E1,5.430792865021E0,-1.464960582559E1));
#3541=CARTESIAN_POINT('',(1.129634640584E1,5.142059433963E0,-1.356749176425E1));
#3542=CARTESIAN_POINT('',(1.127166389605E1,5.023938775381E0,-1.245376587966E1));
#3543=CARTESIAN_POINT('',(1.124698138627E1,5.079266153984E0,-1.133516107136E1));
#3544=CARTESIAN_POINT('',(1.122229887649E1,5.306713539894E0,-1.023852734828E1));
#3545=CARTESIAN_POINT('',(1.119761636670E1,5.700821485503E0,-9.190187344661E0));
#3546=CARTESIAN_POINT('',(1.117293385692E1,6.252130169276E0,-8.215304494690E0));
#3547=CARTESIAN_POINT('',(1.114825134714E1,6.947406461003E0,-7.337279031429E0));
#3548=CARTESIAN_POINT('',(1.112356883736E1,7.769961558253E0,-6.577186308164E0));
#3549=CARTESIAN_POINT('',(1.109888632757E1,8.700051569779E0,-5.953270924130E0));
#3550=CARTESIAN_POINT('',(1.107420381779E1,9.715351430460E0,-5.480508797014E0));
#3551=CARTESIAN_POINT('',(1.104952130801E1,1.079149077301E1,-5.170247694680E0));
#3552=CARTESIAN_POINT('',(1.102483879822E1,1.190263889131E1,-5.029934851357E0));
#3553=CARTESIAN_POINT('',(1.100015628844E1,1.302212476399E1,-5.062938217998E0));
#3554=CARTESIAN_POINT('',(1.097547377866E1,1.412307722E1,-5.268465593937E0));
#3555=CARTESIAN_POINT('',(1.095079126888E1,1.517907001357E1,-5.641583742940E0));
#3556=CARTESIAN_POINT('',(1.092610875909E1,1.616475582725E1,-6.173336430238E0));
#3557=CARTESIAN_POINT('',(1.090142624931E1,1.705647584118E1,-6.850960803557E0));
#3558=CARTESIAN_POINT('',(1.088497124279E1,1.757404082054E1,-7.389112603697E0));
#3559=CARTESIAN_POINT('',(1.087674373953E1,1.781049042566E1,-7.676561753695E0));
#3561=DIRECTION('',(-1.E0,0.E0,9.947598300641E-13));
#3562=VECTOR('',#3561,5.E-2);
#3563=CARTESIAN_POINT('',(1.179374482468E1,1.935E1,-1.105467776758E1));
#3564=LINE('',#3563,#3562);
#3565=CARTESIAN_POINT('',(1.190000213811E1,1.708517638027E1,-6.915612149302E0));
#3566=CARTESIAN_POINT('',(1.189291831721E1,1.732262685786E1,-7.130820818353E0));
#3567=CARTESIAN_POINT('',(1.187875067542E1,1.776874749357E1,-7.592989988976E0));
#3568=CARTESIAN_POINT('',(1.185749921274E1,1.833967962141E1,-8.369162330942E0));
#3569=CARTESIAN_POINT('',(1.183624775005E1,1.880219714236E1,-9.214433614831E0));
#3570=CARTESIAN_POINT('',(1.181499628736E1,1.914806636502E1,-1.011375640441E1));
#3571=CARTESIAN_POINT('',(1.180082864557E1,1.929677502585E1,-1.073866415606E1));
#3572=CARTESIAN_POINT('',(1.179374482468E1,1.935E1,-1.105467776758E1));
#3574=DIRECTION('',(-1.E0,0.E0,-1.065814103640E-13));
#3575=VECTOR('',#3574,5.E-2);
#3576=CARTESIAN_POINT('',(1.079374482468E1,1.935E1,-1.105467776758E1));
#3577=LINE('',#3576,#3575);
#3578=CARTESIAN_POINT('',(1.087674373953E1,1.781049042566E1,-7.676561753695E0));
#3579=CARTESIAN_POINT('',(1.086982716329E1,1.800926539641E1,-7.918210270541E0));
#3580=CARTESIAN_POINT('',(1.085599401081E1,1.837526480488E1,-8.427457869705E0));
#3581=CARTESIAN_POINT('',(1.083524428210E1,1.882029810080E1,-9.256220403757E0));
#3582=CARTESIAN_POINT('',(1.081449455339E1,1.915381079650E1,-1.013580624615E1));
#3583=CARTESIAN_POINT('',(1.080066140091E1,1.929803163478E1,-1.074612504322E1));
#3584=CARTESIAN_POINT('',(1.079374482468E1,1.935E1,-1.105467776758E1));
#3586=DIRECTION('',(-1.E0,0.E0,-1.776356839400E-14));
#3587=VECTOR('',#3586,5.E-2);
#3588=CARTESIAN_POINT('',(1.087674373953E1,1.781049042566E1,-7.676561753695E0));
#3589=LINE('',#3588,#3587);
#3590=DIRECTION('',(1.E0,0.E0,-1.421085471520E-13));
#3591=VECTOR('',#3590,5.E-2);
#3592=CARTESIAN_POINT('',(1.069063158193E1,1.935E1,-1.344632991620E1));
#3593=LINE('',#3592,#3591);
#3594=DIRECTION('',(-1.E0,7.105427357601E-14,-4.618527782440E-13));
#3595=VECTOR('',#3594,5.E-2);
#3596=CARTESIAN_POINT('',(9.793744824677E0,1.935E1,-1.105467776758E1));
#3597=LINE('',#3596,#3595);
#3598=CARTESIAN_POINT('',(1.074063158193E1,1.935E1,-1.344632991620E1));
#3599=CARTESIAN_POINT('',(1.073232555774E1,1.928759188309E1,-1.381686676902E1));
#3600=CARTESIAN_POINT('',(1.071571350937E1,1.910464471920E1,-1.454814528337E1));
#3601=CARTESIAN_POINT('',(1.069079543681E1,1.866254146603E1,-1.558886038059E1));
#3602=CARTESIAN_POINT('',(1.066587736425E1,1.806357140276E1,-1.654790992079E1));
#3603=CARTESIAN_POINT('',(1.064095929169E1,1.732238665355E1,-1.740183429803E1));
#3604=CARTESIAN_POINT('',(1.061604121913E1,1.645711852271E1,-1.812974405143E1));
#3605=CARTESIAN_POINT('',(1.059112314657E1,1.548893364064E1,-1.871383275331E1));
#3606=CARTESIAN_POINT('',(1.056620507401E1,1.444151625945E1,-1.913981209585E1));
#3607=CARTESIAN_POINT('',(1.054128700146E1,1.334048885354E1,-1.939726155412E1));
#3608=CARTESIAN_POINT('',(1.051636892890E1,1.221278533523E1,-1.947988326234E1));
#3609=CARTESIAN_POINT('',(1.049145085634E1,1.108599218164E1,-1.938565608519E1));
#3610=CARTESIAN_POINT('',(1.046653278378E1,9.987673600115E0,-1.911688505739E1));
#3611=CARTESIAN_POINT('',(1.044161471122E1,8.944697238036E0,-1.868014499735E1));
#3612=CARTESIAN_POINT('',(1.041669663866E1,7.982576932269E0,-1.808611967034E1));
#3613=CARTESIAN_POINT('',(1.039177856610E1,7.124848576263E0,-1.734934043665E1));
#3614=CARTESIAN_POINT('',(1.036686049354E1,6.392494372631E0,-1.648783077778E1));
#3615=CARTESIAN_POINT('',(1.034194242098E1,5.803429555467E0,-1.552266539657E1));
#3616=CARTESIAN_POINT('',(1.031702434842E1,5.372064138454E0,-1.447745467671E1));
#3617=CARTESIAN_POINT('',(1.029210627586E1,5.108950409524E0,-1.337776711311E1));
#3618=CARTESIAN_POINT('',(1.026718820330E1,5.020524795238E0,-1.225050384189E1));
#3619=CARTESIAN_POINT('',(1.024227013074E1,5.108950409524E0,-1.112324057067E1));
#3620=CARTESIAN_POINT('',(1.021735205818E1,5.372064138454E0,-1.002355300706E1));
#3621=CARTESIAN_POINT('',(1.019243398563E1,5.803429555467E0,-8.978342287207E0));
#3622=CARTESIAN_POINT('',(1.016751591307E1,6.392494372631E0,-8.013176906E0));
#3623=CARTESIAN_POINT('',(1.014259784051E1,7.124848576263E0,-7.151667247132E0));
#3624=CARTESIAN_POINT('',(1.011767976795E1,7.982576932269E0,-6.414888013438E0));
#3625=CARTESIAN_POINT('',(1.009276169539E1,8.944697238036E0,-5.820862686426E0));
#3626=CARTESIAN_POINT('',(1.006784362283E1,9.987673600115E0,-5.384122626385E0));
#3627=CARTESIAN_POINT('',(1.004292555027E1,1.108599218164E1,-5.115351598586E0));
#3628=CARTESIAN_POINT('',(1.001800747771E1,1.221278533523E1,-5.021124421443E0));
#3629=CARTESIAN_POINT('',(9.993089405151E0,1.334048885354E1,-5.103746129655E0));
#3630=CARTESIAN_POINT('',(9.968171332592E0,1.444151625945E1,-5.361195587931E0));
#3631=CARTESIAN_POINT('',(9.943253260032E0,1.548893364064E1,-5.787174930468E0));
#3632=CARTESIAN_POINT('',(9.918335187473E0,1.645711852271E1,-6.371263632348E0));
#3633=CARTESIAN_POINT('',(9.893417114914E0,1.732238665355E1,-7.099173385753E0));
#3634=CARTESIAN_POINT('',(9.868499042355E0,1.806357140276E1,-7.953097762989E0));
#3635=CARTESIAN_POINT('',(9.843580969795E0,1.866254146603E1,-8.912147303190E0));
#3636=CARTESIAN_POINT('',(9.818662897236E0,1.910464471920E1,-9.952862400410E0));
#3637=CARTESIAN_POINT('',(9.802050848863E0,1.928759188309E1,-1.068414091476E1));
#3638=CARTESIAN_POINT('',(9.793744824677E0,1.935E1,-1.105467776758E1));
#3640=DIRECTION('',(1.E0,7.105427357601E-14,4.618527782441E-13));
#3641=VECTOR('',#3640,5.E-2);
#3642=CARTESIAN_POINT('',(9.690631581930E0,1.935E1,-1.344632991620E1));
#3643=LINE('',#3642,#3641);
#3644=DIRECTION('',(-1.E0,0.E0,0.E0));
#3645=VECTOR('',#3644,5.E-2);
#3646=CARTESIAN_POINT('',(8.793744824677E0,1.935E1,-1.105467776758E1));
#3647=LINE('',#3646,#3645);
#3648=CARTESIAN_POINT('',(9.740631581930E0,1.935E1,-1.344632991620E1));
#3649=CARTESIAN_POINT('',(9.732325557744E0,1.928759188309E1,-1.381686676902E1));
#3650=CARTESIAN_POINT('',(9.715713509371E0,1.910464471920E1,-1.454814528337E1));
#3651=CARTESIAN_POINT('',(9.690795436811E0,1.866254146603E1,-1.558886038059E1));
#3652=CARTESIAN_POINT('',(9.665877364252E0,1.806357140276E1,-1.654790992079E1));
#3653=CARTESIAN_POINT('',(9.640959291693E0,1.732238665355E1,-1.740183429803E1));
#3654=CARTESIAN_POINT('',(9.616041219134E0,1.645711852271E1,-1.812974405143E1));
#3655=CARTESIAN_POINT('',(9.591123146574E0,1.548893364064E1,-1.871383275331E1));
#3656=CARTESIAN_POINT('',(9.566205074015E0,1.444151625945E1,-1.913981209585E1));
#3657=CARTESIAN_POINT('',(9.541287001456E0,1.334048885354E1,-1.939726155412E1));
#3658=CARTESIAN_POINT('',(9.516368928896E0,1.221278533523E1,-1.947988326234E1));
#3659=CARTESIAN_POINT('',(9.491450856337E0,1.108599218164E1,-1.938565608519E1));
#3660=CARTESIAN_POINT('',(9.466532783778E0,9.987673600115E0,-1.911688505739E1));
#3661=CARTESIAN_POINT('',(9.441614711218E0,8.944697238036E0,-1.868014499735E1));
#3662=CARTESIAN_POINT('',(9.416696638659E0,7.982576932269E0,-1.808611967034E1));
#3663=CARTESIAN_POINT('',(9.391778566100E0,7.124848576263E0,-1.734934043665E1));
#3664=CARTESIAN_POINT('',(9.366860493541E0,6.392494372631E0,-1.648783077778E1));
#3665=CARTESIAN_POINT('',(9.341942420981E0,5.803429555467E0,-1.552266539657E1));
#3666=CARTESIAN_POINT('',(9.317024348422E0,5.372064138454E0,-1.447745467671E1));
#3667=CARTESIAN_POINT('',(9.292106275863E0,5.108950409524E0,-1.337776711311E1));
#3668=CARTESIAN_POINT('',(9.267188203303E0,5.020524795238E0,-1.225050384189E1));
#3669=CARTESIAN_POINT('',(9.242270130744E0,5.108950409524E0,-1.112324057067E1));
#3670=CARTESIAN_POINT('',(9.217352058185E0,5.372064138454E0,-1.002355300706E1));
#3671=CARTESIAN_POINT('',(9.192433985625E0,5.803429555467E0,-8.978342287207E0));
#3672=CARTESIAN_POINT('',(9.167515913066E0,6.392494372631E0,-8.013176906E0));
#3673=CARTESIAN_POINT('',(9.142597840507E0,7.124848576263E0,-7.151667247132E0));
#3674=CARTESIAN_POINT('',(9.117679767948E0,7.982576932269E0,-6.414888013438E0));
#3675=CARTESIAN_POINT('',(9.092761695388E0,8.944697238036E0,-5.820862686426E0));
#3676=CARTESIAN_POINT('',(9.067843622829E0,9.987673600115E0,-5.384122626385E0));
#3677=CARTESIAN_POINT('',(9.042925550270E0,1.108599218164E1,-5.115351598586E0));
#3678=CARTESIAN_POINT('',(9.018007477710E0,1.221278533523E1,-5.021124421443E0));
#3679=CARTESIAN_POINT('',(8.993089405151E0,1.334048885354E1,-5.103746129655E0));
#3680=CARTESIAN_POINT('',(8.968171332592E0,1.444151625945E1,-5.361195587931E0));
#3681=CARTESIAN_POINT('',(8.943253260032E0,1.548893364064E1,-5.787174930468E0));
#3682=CARTESIAN_POINT('',(8.918335187473E0,1.645711852271E1,-6.371263632348E0));
#3683=CARTESIAN_POINT('',(8.893417114914E0,1.732238665355E1,-7.099173385753E0));
#3684=CARTESIAN_POINT('',(8.868499042355E0,1.806357140276E1,-7.953097762989E0));
#3685=CARTESIAN_POINT('',(8.843580969795E0,1.866254146603E1,-8.912147303190E0));
#3686=CARTESIAN_POINT('',(8.818662897236E0,1.910464471920E1,-9.952862400410E0));
#3687=CARTESIAN_POINT('',(8.802050848863E0,1.928759188309E1,-1.068414091476E1));
#3688=CARTESIAN_POINT('',(8.793744824677E0,1.935E1,-1.105467776758E1));
#3690=CARTESIAN_POINT('',(8.000000000405E0,1.077612198550E1,-5.202973522808E0));
#3691=CARTESIAN_POINT('',(8.000000000405E0,1.115150841256E1,-5.124467467958E0));
#3692=CARTESIAN_POINT('',(8.000000000405E0,1.190235827126E1,-5.029679219703E0));
#3693=CARTESIAN_POINT('',(8.000000000405E0,1.265163645677E1,-5.051855836470E0));
#3694=CARTESIAN_POINT('',(8.000000000405E0,1.302606534705E1,-5.092450854023E0));
#3696=CARTESIAN_POINT('',(8.740631581930E0,1.935E1,-1.344632991620E1));
#3697=CARTESIAN_POINT('',(8.732402342135E0,1.928816881005E1,-1.381344137003E1));
#3698=CARTESIAN_POINT('',(8.715943862546E0,1.910744743057E1,-1.453804982834E1));
#3699=CARTESIAN_POINT('',(8.691256143162E0,1.867169530285E1,-1.557003441780E1));
#3700=CARTESIAN_POINT('',(8.666568423777E0,1.808173763681E1,-1.652230545524E1));
#3701=CARTESIAN_POINT('',(8.641880704393E0,1.735174103733E1,-1.737199694704E1));
#3702=CARTESIAN_POINT('',(8.617192985009E0,1.649923513558E1,-1.809870475169E1));
#3703=CARTESIAN_POINT('',(8.592505265625E0,1.554469134372E1,-1.868497834308E1));
#3704=CARTESIAN_POINT('',(8.567817546241E0,1.451103135096E1,-1.911673937348E1));
#3705=CARTESIAN_POINT('',(8.543129826857E0,1.342307667795E1,-1.938361986901E1));
#3706=CARTESIAN_POINT('',(8.518442107472E0,1.230695263757E1,-1.947921116373E1));
#3707=CARTESIAN_POINT('',(8.493754388088E0,1.118946098004E1,-1.940121780171E1));
#3708=CARTESIAN_POINT('',(8.469066668704E0,1.009743629656E1,-1.915151265587E1));
#3709=CARTESIAN_POINT('',(8.444378949320E0,9.057101633878E0,-1.873609195490E1));
#3710=CARTESIAN_POINT('',(8.419691229936E0,8.093438794038E0,-1.816493129423E1));
#3711=CARTESIAN_POINT('',(8.395003510551E0,7.229588440496E0,-1.745174608977E1));
#3712=CARTESIAN_POINT('',(8.370315791167E0,6.486294415893E0,-1.661366222633E1));
#3713=CARTESIAN_POINT('',(8.345628071783E0,5.881405615257E0,-1.567080480973E1));
#3714=CARTESIAN_POINT('',(8.320940352399E0,5.429447376273E0,-1.464581489788E1));
#3715=CARTESIAN_POINT('',(8.296252633015E0,5.141272678917E0,-1.356330581571E1));
#3716=CARTESIAN_POINT('',(8.271564913631E0,5.023801530285E0,-1.244927210957E1));
#3717=CARTESIAN_POINT('',(8.246877194246E0,5.079854792815E0,-1.133046533405E1));
#3718=CARTESIAN_POINT('',(8.222189474862E0,5.308086446301E0,-1.023375166060E1));
#3719=CARTESIAN_POINT('',(8.197501755478E0,5.703015910012E0,-9.185466733768E0));
#3720=CARTESIAN_POINT('',(8.172814036094E0,6.255159649843E0,-8.210783267214E0));
#3721=CARTESIAN_POINT('',(8.148126316710E0,6.951258906163E0,-7.333106565141E0));
#3722=CARTESIAN_POINT('',(8.123438597325E0,7.774598088863E0,-6.573512486191E0));
#3723=CARTESIAN_POINT('',(8.098750877941E0,8.705406137978E0,-5.950241340104E0));
#3724=CARTESIAN_POINT('',(8.074063158557E0,9.721331420673E0,-5.478259892924E0));
#3725=CARTESIAN_POINT('',(8.049375439173E0,1.079797798168E1,-5.168901913979E0));
#3726=CARTESIAN_POINT('',(8.024687719789E0,1.190949317768E1,-5.029596211470E0));
#3727=CARTESIAN_POINT('',(8.008229240199E0,1.265595221480E1,-5.052323744470E0));
#3728=CARTESIAN_POINT('',(8.000000000405E0,1.302606534705E1,-5.092450854023E0));
#3730=DIRECTION('',(1.E0,-7.105427357601E-14,-3.197442310920E-13));
#3731=VECTOR('',#3730,5.E-2);
#3732=CARTESIAN_POINT('',(8.690631581930E0,1.935E1,-1.344632991620E1));
#3733=LINE('',#3732,#3731);
#3734=CARTESIAN_POINT('',(7.220577136999E0,1.285857717195E1,-2.448537751618E1));
#3735=CARTESIAN_POINT('',(7.323175722140E0,1.319580727685E1,-2.429067762433E1));
#3736=CARTESIAN_POINT('',(7.508744284683E0,1.386200927742E1,-2.390604571997E1));
#3737=CARTESIAN_POINT('',(7.724795002627E0,1.482853439278E1,-2.334802218443E1));
#3738=CARTESIAN_POINT('',(7.882355138489E0,1.578776163860E1,-2.279421207585E1));
#3739=CARTESIAN_POINT('',(7.978415056852E0,1.674383989215E1,-2.224222003880E1));
#3740=CARTESIAN_POINT('',(8.000000000405E0,1.738137944174E1,-2.187413640822E1));
#3741=CARTESIAN_POINT('',(8.000000000405E0,1.77E1,-2.169018074314E1));
#3743=CARTESIAN_POINT('',(8.000000000405E0,1.77E1,-2.169018074314E1));
#3744=CARTESIAN_POINT('',(8.000000000405E0,1.801867747052E1,-2.150619221975E1));
#3745=CARTESIAN_POINT('',(7.978406518511E0,1.865631515373E1,-2.113805193170E1));
#3746=CARTESIAN_POINT('',(7.882327461285E0,1.961246707611E1,-2.058601736193E1));
#3747=CARTESIAN_POINT('',(7.724731777541E0,2.057177385288E1,-2.003216133613E1));
#3748=CARTESIAN_POINT('',(7.508745621144E0,2.153796767900E1,-1.947432907053E1));
#3749=CARTESIAN_POINT('',(7.323180828872E0,2.220417593790E1,-1.908969355292E1));
#3750=CARTESIAN_POINT('',(7.220577136999E0,2.254142282805E1,-1.889498397010E1));
#3752=DIRECTION('',(1.E0,0.E0,0.E0));
#3753=VECTOR('',#3752,2.220577136594E0);
#3754=CARTESIAN_POINT('',(5.000000000405E0,2.254142282805E1,-1.889498397010E1));
#3755=LINE('',#3754,#3753);
#3756=DIRECTION('',(1.E0,0.E0,0.E0));
#3757=VECTOR('',#3756,2.220577136594E0);
#3758=CARTESIAN_POINT('',(5.000000000405E0,1.285857717195E1,-2.448537751618E1));
#3759=LINE('',#3758,#3757);
#3760=CARTESIAN_POINT('',(7.220577136999E0,1.164142282805E1,
-1.563016760132E-2));
#3761=CARTESIAN_POINT('',(7.323175722140E0,1.130419272315E1,
-2.103300594441E-1));
#3762=CARTESIAN_POINT('',(7.508744284683E0,1.063799072258E1,
-5.949619638106E-1));
#3763=CARTESIAN_POINT('',(7.724795002627E0,9.671465607215E0,-1.152985499344E0));
#3764=CARTESIAN_POINT('',(7.882355138489E0,8.712238361397E0,-1.706795607932E0));
#3765=CARTESIAN_POINT('',(7.978415056852E0,7.756160107850E0,-2.258787644983E0));
#3766=CARTESIAN_POINT('',(8.000000000405E0,7.118620558264E0,-2.626871275556E0));
#3767=CARTESIAN_POINT('',(8.000000000405E0,6.8E0,-2.810826940639E0));
#3769=CARTESIAN_POINT('',(8.000000000405E0,6.8E0,-2.810826940639E0));
#3770=CARTESIAN_POINT('',(8.000000000405E0,6.481322529485E0,-2.994815464026E0));
#3771=CARTESIAN_POINT('',(7.978406518511E0,5.843684846269E0,-3.362955752076E0));
#3772=CARTESIAN_POINT('',(7.882327461285E0,4.887532923888E0,-3.914990321848E0));
#3773=CARTESIAN_POINT('',(7.724731777541E0,3.928226147121E0,-4.468846347650E0));
#3774=CARTESIAN_POINT('',(7.508745621144E0,2.962032320996E0,-5.026678613253E0));
#3775=CARTESIAN_POINT('',(7.323180828872E0,2.295824062104E0,-5.411314130861E0));
#3776=CARTESIAN_POINT('',(7.220577136999E0,1.958577171946E0,-5.606023713677E0));
#3778=DIRECTION('',(1.E0,0.E0,0.E0));
#3779=VECTOR('',#3778,2.220577136594E0);
#3780=CARTESIAN_POINT('',(5.000000000405E0,1.958577171946E0,-5.606023713677E0));
#3781=LINE('',#3780,#3779);
#3782=DIRECTION('',(1.E0,0.E0,0.E0));
#3783=VECTOR('',#3782,2.220577136594E0);
#3784=CARTESIAN_POINT('',(5.000000000405E0,1.164142282805E1,
-1.563016760132E-2));
#3785=LINE('',#3784,#3783);
#3786=DIRECTION('',(-1.E0,0.E0,0.E0));
#3787=VECTOR('',#3786,5.5E0);
#3788=CARTESIAN_POINT('',(1.030000000040E1,5.45E1,-1.225050384189E1));
#3789=LINE('',#3788,#3787);
#3790=CARTESIAN_POINT('',(1.030000000040E1,6.225E1,-1.225050384189E1));
#3791=DIRECTION('',(1.E0,0.E0,0.E0));
#3792=DIRECTION('',(0.E0,-1.E0,0.E0));
#3793=AXIS2_PLACEMENT_3D('',#3790,#3791,#3792);
#3795=DIRECTION('',(-1.E0,0.E0,0.E0));
#3796=VECTOR('',#3795,5.5E0);
#3797=CARTESIAN_POINT('',(1.030000000040E1,7.E1,-1.225050384189E1));
#3798=LINE('',#3797,#3796);
#3799=CARTESIAN_POINT('',(1.030000000040E1,6.225E1,-1.225050384189E1));
#3800=DIRECTION('',(-1.E0,0.E0,0.E0));
#3801=DIRECTION('',(0.E0,-1.E0,0.E0));
#3802=AXIS2_PLACEMENT_3D('',#3799,#3800,#3801);
#3804=CARTESIAN_POINT('',(1.030000000040E1,6.225E1,-1.225050384189E1));
#3805=DIRECTION('',(-1.E0,0.E0,0.E0));
#3806=DIRECTION('',(0.E0,1.E0,0.E0));
#3807=AXIS2_PLACEMENT_3D('',#3804,#3805,#3806);
#3809=CARTESIAN_POINT('',(1.030000000040E1,6.225E1,-1.225050384189E1));
#3810=DIRECTION('',(-1.E0,0.E0,0.E0));
#3811=DIRECTION('',(0.E0,-1.E0,0.E0));
#3812=AXIS2_PLACEMENT_3D('',#3809,#3810,#3811);
#3814=CARTESIAN_POINT('',(9.400000000405E0,6.225E1,-1.225050384189E1));
#3815=DIRECTION('',(-1.E0,0.E0,0.E0));
#3816=DIRECTION('',(0.E0,1.E0,3.339188864664E-8));
#3817=AXIS2_PLACEMENT_3D('',#3814,#3815,#3816);
#3819=DIRECTION('',(-8.741572761215E-1,-4.856429311786E-1,1.278329282086E-9));
#3820=VECTOR('',#3819,1.029563011912E0);
#3821=CARTESIAN_POINT('',(1.029999999849E1,6.969999999894E1,-1.225050384627E1));
#3822=LINE('',#3821,#3820);
#3823=DIRECTION('',(-8.741572761215E-1,4.856429311786E-1,-1.278331007436E-9));
#3824=VECTOR('',#3823,1.029563011912E0);
#3825=CARTESIAN_POINT('',(1.029999999849E1,5.480000000106E1,-1.225050383751E1));
#3826=LINE('',#3825,#3824);
#3827=CARTESIAN_POINT('',(9.400000000405E0,6.225E1,-1.225050384189E1));
#3828=DIRECTION('',(-1.E0,0.E0,0.E0));
#3829=DIRECTION('',(0.E0,-1.E0,-3.339188685750E-8));
#3830=AXIS2_PLACEMENT_3D('',#3827,#3828,#3829);
#3832=CARTESIAN_POINT('',(8.600000000405E0,6.225E1,-1.225050384189E1));
#3833=DIRECTION('',(-1.E0,0.E0,0.E0));
#3834=DIRECTION('',(0.E0,-1.E0,0.E0));
#3835=AXIS2_PLACEMENT_3D('',#3832,#3833,#3834);
#3837=CARTESIAN_POINT('',(4.300000000405E0,6.225E1,-1.225050384189E1));
#3838=DIRECTION('',(-1.E0,0.E0,0.E0));
#3839=DIRECTION('',(0.E0,-1.E0,0.E0));
#3840=AXIS2_PLACEMENT_3D('',#3837,#3838,#3839);
#3842=DIRECTION('',(1.E0,0.E0,0.E0));
#3843=VECTOR('',#3842,4.3E0);
#3844=CARTESIAN_POINT('',(4.300000000405E0,5.53E1,-1.225050384189E1));
#3845=LINE('',#3844,#3843);
#3846=CARTESIAN_POINT('',(4.300000000405E0,6.225E1,-1.225050384189E1));
#3847=DIRECTION('',(1.E0,0.E0,0.E0));
#3848=DIRECTION('',(0.E0,-1.E0,0.E0));
#3849=AXIS2_PLACEMENT_3D('',#3846,#3847,#3848);
#3851=DIRECTION('',(1.E0,0.E0,0.E0));
#3852=VECTOR('',#3851,4.3E0);
#3853=CARTESIAN_POINT('',(4.300000000405E0,6.92E1,-1.225050384189E1));
#3854=LINE('',#3853,#3852);
#3855=CARTESIAN_POINT('',(8.600000000405E0,6.225E1,-1.225050384189E1));
#3856=DIRECTION('',(-1.E0,0.E0,0.E0));
#3857=DIRECTION('',(0.E0,1.E0,0.E0));
#3858=AXIS2_PLACEMENT_3D('',#3855,#3856,#3857);
#3860=CARTESIAN_POINT('',(9.000000000405E0,6.995E1,-1.225050384189E1));
#3861=DIRECTION('',(0.E0,0.E0,-1.E0));
#3862=DIRECTION('',(4.705882352941E-1,-8.823529411765E-1,0.E0));
#3863=AXIS2_PLACEMENT_3D('',#3860,#3861,#3862);
#3865=CARTESIAN_POINT('',(9.000000000405E0,5.455E1,-1.225050384189E1));
#3866=DIRECTION('',(0.E0,0.E0,1.E0));
#3867=DIRECTION('',(4.705882352941E-1,8.823529411765E-1,0.E0));
#3868=AXIS2_PLACEMENT_3D('',#3865,#3866,#3867);
#3870=CARTESIAN_POINT('',(4.800000000405E0,2.207101333674E1,-1.518481756738E1));
#3871=CARTESIAN_POINT('',(4.800000000405E0,2.207101333674E1,-9.316190116399E0));
#3872=VERTEX_POINT('',#3870);
#3873=VERTEX_POINT('',#3871);
#3874=CARTESIAN_POINT('',(4.800000000405E0,2.446638244326E1,-1.110050384189E1));
#3875=VERTEX_POINT('',#3874);
#3876=CARTESIAN_POINT('',(4.800000000405E0,2.446638244326E1,-1.340050384189E1));
#3877=VERTEX_POINT('',#3876);
#3878=CARTESIAN_POINT('',(1.030000000040E1,5.45E1,-1.225050384189E1));
#3879=CARTESIAN_POINT('',(4.800000000405E0,5.45E1,-1.225050384189E1));
#3880=VERTEX_POINT('',#3878);
#3881=VERTEX_POINT('',#3879);
#3882=CARTESIAN_POINT('',(1.030000000040E1,7.E1,-1.225050384189E1));
#3883=CARTESIAN_POINT('',(4.800000000405E0,7.E1,-1.225050384189E1));
#3884=VERTEX_POINT('',#3882);
#3885=VERTEX_POINT('',#3883);
#3886=CARTESIAN_POINT('',(4.300000000405E0,5.53E1,-1.225050384189E1));
#3887=CARTESIAN_POINT('',(4.300000000405E0,6.92E1,-1.225050384189E1));
#3888=VERTEX_POINT('',#3886);
#3889=VERTEX_POINT('',#3887);
#3890=CARTESIAN_POINT('',(3.100000000405E0,5.43E1,-1.225050384189E1));
#3891=CARTESIAN_POINT('',(3.100000000405E0,7.02E1,-1.225050384189E1));
#3892=VERTEX_POINT('',#3890);
#3893=VERTEX_POINT('',#3891);
#3894=CARTESIAN_POINT('',(3.600000000405E0,5.33E1,-1.225050384189E1));
#3895=CARTESIAN_POINT('',(3.600000000405E0,7.12E1,-1.225050384189E1));
#3896=VERTEX_POINT('',#3894);
#3897=VERTEX_POINT('',#3895);
#3898=CARTESIAN_POINT('',(4.800000000405E0,7.12E1,-1.225050384189E1));
#3899=VERTEX_POINT('',#3898);
#3900=CARTESIAN_POINT('',(4.000000000405E0,5.33E1,-1.225050384189E1));
#3901=VERTEX_POINT('',#3900);
#3902=CARTESIAN_POINT('',(1.030000000040E1,6.97E1,-1.225050384189E1));
#3903=CARTESIAN_POINT('',(1.030000000040E1,5.48E1,-1.225050384189E1));
#3904=VERTEX_POINT('',#3902);
#3905=VERTEX_POINT('',#3903);
#3906=CARTESIAN_POINT('',(4.000000000405E0,2.446638244326E1,-1.330050384189E1));
#3907=CARTESIAN_POINT('',(4.000000000405E0,5.139735055389E1,-1.330050384200E1));
#3908=VERTEX_POINT('',#3906);
#3909=VERTEX_POINT('',#3907);
#3910=CARTESIAN_POINT('',(4.100000000405E0,2.446638244326E1,-1.340050384189E1));
#3911=CARTESIAN_POINT('',(4.100000000405E0,5.139735055306E1,-1.340050384189E1));
#3912=VERTEX_POINT('',#3910);
#3913=VERTEX_POINT('',#3911);
#3914=CARTESIAN_POINT('',(4.100000000405E0,2.207101333674E1,-1.518481756738E1));
#3915=VERTEX_POINT('',#3914);
#3916=CARTESIAN_POINT('',(4.000000000405E0,2.197519857248E1,-1.515619011640E1));
#3917=VERTEX_POINT('',#3916);
#3918=CARTESIAN_POINT('',(4.100000000405E0,2.207101333674E1,-9.316190116399E0));
#3919=VERTEX_POINT('',#3918);
#3920=CARTESIAN_POINT('',(4.000000000405E0,2.197519857248E1,-9.344817567380E0));
#3921=VERTEX_POINT('',#3920);
#3922=CARTESIAN_POINT('',(4.100000000405E0,2.446638244326E1,-1.110050384189E1));
#3923=VERTEX_POINT('',#3922);
#3924=CARTESIAN_POINT('',(4.000000000405E0,2.446638244326E1,-1.120050384189E1));
#3925=VERTEX_POINT('',#3924);
#3926=CARTESIAN_POINT('',(4.100000000405E0,5.139735055266E1,-1.110050384189E1));
#3927=VERTEX_POINT('',#3926);
#3928=CARTESIAN_POINT('',(4.000000000405E0,5.139735055389E1,-1.120050384180E1));
#3929=VERTEX_POINT('',#3928);
#3930=CARTESIAN_POINT('',(4.800000000405E0,5.376692466877E1,-9.397447073330E0));
#3931=VERTEX_POINT('',#3930);
#3932=CARTESIAN_POINT('',(4.800000000405E0,5.376692466877E1,-1.510356061045E1));
#3933=VERTEX_POINT('',#3932);
#3934=CARTESIAN_POINT('',(4.800000000405E0,5.139735055390E1,-1.110050384189E1));
#3935=VERTEX_POINT('',#3934);
#3936=CARTESIAN_POINT('',(4.800000000405E0,5.139735055390E1,-1.340050384189E1));
#3937=VERTEX_POINT('',#3936);
#3938=CARTESIAN_POINT('',(4.000000000405E0,5.358688776923E1,-1.449838873154E1));
#3939=VERTEX_POINT('',#3938);
#3940=CARTESIAN_POINT('',(4.100000000405E0,5.376692466877E1,-1.510356061045E1));
#3941=VERTEX_POINT('',#3940);
#3942=CARTESIAN_POINT('',(4.100000000405E0,5.376692466877E1,-9.397447073330E0));
#3943=VERTEX_POINT('',#3942);
#3944=CARTESIAN_POINT('',(4.000000000405E0,5.358688776923E1,-1.000261895223E1));
#3945=VERTEX_POINT('',#3944);
#3946=CARTESIAN_POINT('',(8.600000000405E0,5.53E1,-1.225050384189E1));
#3947=VERTEX_POINT('',#3946);
#3948=CARTESIAN_POINT('',(8.600000000405E0,6.92E1,-1.225050384189E1));
#3949=VERTEX_POINT('',#3948);
#3950=CARTESIAN_POINT('',(3.300000000405E0,6.225E1,-1.950050384189E1));
#3951=CARTESIAN_POINT('',(3.300000000405E0,6.225E1,-5.000503841889E0));
#3952=VERTEX_POINT('',#3950);
#3953=VERTEX_POINT('',#3951);
#3954=CARTESIAN_POINT('',(3.300000000405E0,6.225E1,-1.830050384189E1));
#3955=CARTESIAN_POINT('',(3.300000000405E0,6.225E1,-6.200503841889E0));
#3956=VERTEX_POINT('',#3954);
#3957=VERTEX_POINT('',#3955);
#3958=CARTESIAN_POINT('',(3.100000000405E0,6.225E1,-1.950050384189E1));
#3959=CARTESIAN_POINT('',(3.100000000405E0,6.225E1,-5.000503841889E0));
#3960=VERTEX_POINT('',#3958);
#3961=VERTEX_POINT('',#3959);
#3962=CARTESIAN_POINT('',(3.100000000405E0,6.225E1,-6.200503841889E0));
#3963=CARTESIAN_POINT('',(3.100000000405E0,6.225E1,-1.830050384189E1));
#3964=VERTEX_POINT('',#3962);
#3965=VERTEX_POINT('',#3963);
#3966=CARTESIAN_POINT('',(9.400000000405E0,5.53E1,-1.225050383882E1));
#3967=VERTEX_POINT('',#3966);
#3968=CARTESIAN_POINT('',(9.400000000405E0,6.92E1,-1.225050384496E1));
#3969=VERTEX_POINT('',#3968);
#3970=CARTESIAN_POINT('',(3.400000000405E0,6.114970122E1,-7.994325261889E0));
#3971=CARTESIAN_POINT('',(3.400000000405E0,6.27425784E1,-7.994325261889E0));
#3972=VERTEX_POINT('',#3970);
#3973=VERTEX_POINT('',#3971);
#3974=CARTESIAN_POINT('',(3.400000000405E0,6.321515611361E1,-9.057800001889E0));
#3975=VERTEX_POINT('',#3974);
#3976=CARTESIAN_POINT('',(3.400000000405E0,6.27425784E1,-1.012127474189E1));
#3977=VERTEX_POINT('',#3976);
#3978=CARTESIAN_POINT('',(3.400000000405E0,6.114970122E1,-1.012127474189E1));
#3979=VERTEX_POINT('',#3978);
#3980=CARTESIAN_POINT('',(3.400000000405E0,6.114970122E1,-9.701274741889E0));
#3981=VERTEX_POINT('',#3980);
#3982=CARTESIAN_POINT('',(3.400000000405E0,6.278093511E1,-9.701274741889E0));
#3983=VERTEX_POINT('',#3982);
#3984=CARTESIAN_POINT('',(3.400000000405E0,6.278093511E1,-9.267800001889E0));
#3985=VERTEX_POINT('',#3984);
#3986=CARTESIAN_POINT('',(3.400000000405E0,6.114970122E1,-9.267800001889E0));
#3987=VERTEX_POINT('',#3986);
#3988=CARTESIAN_POINT('',(3.400000000405E0,6.114970122E1,-8.847800001889E0));
#3989=VERTEX_POINT('',#3988);
#3990=CARTESIAN_POINT('',(3.400000000405E0,6.27425784E1,-8.847800001889E0));
#3991=VERTEX_POINT('',#3990);
#3992=CARTESIAN_POINT('',(3.400000000405E0,6.27425784E1,-8.414325261889E0));
#3993=VERTEX_POINT('',#3992);
#3994=CARTESIAN_POINT('',(3.400000000405E0,6.114970122E1,-8.414325261889E0));
#3995=VERTEX_POINT('',#3994);
#3996=CARTESIAN_POINT('',(3.400000000405E0,6.114970122E1,-1.118963145189E1));
#3997=CARTESIAN_POINT('',(3.400000000405E0,6.228161934E1,-1.070208370530E1));
#3998=VERTEX_POINT('',#3996);
#3999=VERTEX_POINT('',#3997);
#4000=CARTESIAN_POINT('',(3.400000000405E0,6.341353746E1,-1.118963145189E1));
#4001=VERTEX_POINT('',#4000);
#4002=CARTESIAN_POINT('',(3.400000000405E0,6.341353746E1,-1.186265802189E1));
#4003=VERTEX_POINT('',#4002);
#4004=CARTESIAN_POINT('',(3.400000000405E0,6.299353746E1,-1.186265802189E1));
#4005=VERTEX_POINT('',#4004);
#4006=CARTESIAN_POINT('',(3.400000000405E0,6.299353746E1,-1.118963145189E1));
#4007=VERTEX_POINT('',#4006);
#4008=CARTESIAN_POINT('',(3.400000000405E0,6.249161934E1,-1.118963145189E1));
#4009=VERTEX_POINT('',#4008);
#4010=CARTESIAN_POINT('',(3.400000000405E0,6.249161934E1,-1.186265802189E1));
#4011=VERTEX_POINT('',#4010);
#4012=CARTESIAN_POINT('',(3.400000000405E0,6.207161934E1,-1.186265802189E1));
#4013=VERTEX_POINT('',#4012);
#4014=CARTESIAN_POINT('',(3.400000000405E0,6.207161934E1,-1.118963145189E1));
#4015=VERTEX_POINT('',#4014);
#4016=CARTESIAN_POINT('',(3.400000000405E0,6.156970122E1,-1.118963145189E1));
#4017=VERTEX_POINT('',#4016);
#4018=CARTESIAN_POINT('',(3.400000000405E0,6.156970122E1,-1.186265802189E1));
#4019=VERTEX_POINT('',#4018);
#4020=CARTESIAN_POINT('',(3.400000000405E0,6.114970122E1,-1.186265802189E1));
#4021=VERTEX_POINT('',#4020);
#4022=CARTESIAN_POINT('',(3.400000000405E0,6.114970122E1,-1.248050384189E1));
#4023=CARTESIAN_POINT('',(3.400000000405E0,6.156970122E1,-1.248050384189E1));
#4024=VERTEX_POINT('',#4022);
#4025=VERTEX_POINT('',#4023);
#4026=CARTESIAN_POINT('',(3.400000000405E0,6.156970122E1,-1.290050384189E1));
#4027=VERTEX_POINT('',#4026);
#4028=CARTESIAN_POINT('',(3.400000000405E0,6.114970122E1,-1.290050384189E1));
#4029=VERTEX_POINT('',#4028);
#4030=CARTESIAN_POINT('',(3.400000000405E0,6.178230357E1,-1.248050384189E1));
#4031=CARTESIAN_POINT('',(3.400000000405E0,6.341353746E1,-1.248050384189E1));
#4032=VERTEX_POINT('',#4030);
#4033=VERTEX_POINT('',#4031);
#4034=CARTESIAN_POINT('',(3.400000000405E0,6.341353746E1,-1.290050384189E1));
#4035=VERTEX_POINT('',#4034);
#4036=CARTESIAN_POINT('',(3.400000000405E0,6.178230357E1,-1.290050384189E1));
#4037=VERTEX_POINT('',#4036);
#4038=CARTESIAN_POINT('',(3.400000000405E0,6.114970122E1,-1.336820027189E1));
#4039=CARTESIAN_POINT('',(3.400000000405E0,6.341353746E1,-1.336820027189E1));
#4040=VERTEX_POINT('',#4038);
#4041=VERTEX_POINT('',#4039);
#4042=CARTESIAN_POINT('',(3.400000000405E0,6.341353746E1,-1.378820027189E1));
#4043=VERTEX_POINT('',#4042);
#4044=CARTESIAN_POINT('',(3.400000000405E0,6.256006272E1,-1.378820027189E1));
#4045=VERTEX_POINT('',#4044);
#4046=CARTESIAN_POINT('',(3.400000000405E0,6.256006272E1,-1.414182440189E1));
#4047=VERTEX_POINT('',#4046);
#4048=CARTESIAN_POINT('',(3.400000000405E0,6.114970122E1,-1.414182440189E1));
#4049=VERTEX_POINT('',#4048);
#4050=CARTESIAN_POINT('',(3.400000000405E0,6.214006272E1,-1.378820027189E1));
#4051=CARTESIAN_POINT('',(3.400000000405E0,6.156970122E1,-1.378820027189E1));
#4052=VERTEX_POINT('',#4050);
#4053=VERTEX_POINT('',#4051);
#4054=CARTESIAN_POINT('',(3.400000000405E0,6.156970122E1,-1.414182440189E1));
#4055=VERTEX_POINT('',#4054);
#4056=CARTESIAN_POINT('',(3.400000000405E0,6.214006272E1,-1.414182440189E1));
#4057=VERTEX_POINT('',#4056);
#4058=CARTESIAN_POINT('',(3.400000000405E0,6.27425784E1,-1.519128956189E1));
#4059=CARTESIAN_POINT('',(3.400000000405E0,6.27425784E1,-1.653320768189E1));
#4060=VERTEX_POINT('',#4058);
#4061=VERTEX_POINT('',#4059);
#4062=CARTESIAN_POINT('',(3.400000000405E0,6.114970122E1,-1.653320768189E1));
#4063=VERTEX_POINT('',#4062);
#4064=CARTESIAN_POINT('',(3.400000000405E0,6.114970122E1,-1.611320768189E1));
#4065=VERTEX_POINT('',#4064);
#4066=CARTESIAN_POINT('',(3.400000000405E0,6.27425784E1,-1.611320768189E1));
#4067=VERTEX_POINT('',#4066);
#4068=CARTESIAN_POINT('',(3.400000000405E0,6.27425784E1,-1.561128956189E1));
#4069=VERTEX_POINT('',#4068);
#4070=CARTESIAN_POINT('',(3.400000000405E0,6.114970122E1,-1.561128956189E1));
#4071=VERTEX_POINT('',#4070);
#4072=CARTESIAN_POINT('',(3.400000000405E0,6.114970122E1,-1.519128956189E1));
#4073=VERTEX_POINT('',#4072);
#4074=CARTESIAN_POINT('',(3.100000000405E0,6.114970122E1,-7.994325261889E0));
#4075=CARTESIAN_POINT('',(3.100000000405E0,6.27425784E1,-7.994325261889E0));
#4076=VERTEX_POINT('',#4074);
#4077=VERTEX_POINT('',#4075);
#4078=CARTESIAN_POINT('',(3.100000000405E0,6.321515611361E1,-9.057800001889E0));
#4079=VERTEX_POINT('',#4078);
#4080=CARTESIAN_POINT('',(3.100000000405E0,6.27425784E1,-1.012127474189E1));
#4081=VERTEX_POINT('',#4080);
#4082=CARTESIAN_POINT('',(3.100000000405E0,6.114970122E1,-1.012127474189E1));
#4083=VERTEX_POINT('',#4082);
#4084=CARTESIAN_POINT('',(3.100000000405E0,6.114970122E1,-9.701274741889E0));
#4085=VERTEX_POINT('',#4084);
#4086=CARTESIAN_POINT('',(3.100000000405E0,6.278093511E1,-9.701274741889E0));
#4087=VERTEX_POINT('',#4086);
#4088=CARTESIAN_POINT('',(3.100000000405E0,6.278093511E1,-9.267800001889E0));
#4089=VERTEX_POINT('',#4088);
#4090=CARTESIAN_POINT('',(3.100000000405E0,6.114970122E1,-9.267800001889E0));
#4091=VERTEX_POINT('',#4090);
#4092=CARTESIAN_POINT('',(3.100000000405E0,6.114970122E1,-8.847800001889E0));
#4093=VERTEX_POINT('',#4092);
#4094=CARTESIAN_POINT('',(3.100000000405E0,6.27425784E1,-8.847800001889E0));
#4095=VERTEX_POINT('',#4094);
#4096=CARTESIAN_POINT('',(3.100000000405E0,6.27425784E1,-8.414325261889E0));
#4097=VERTEX_POINT('',#4096);
#4098=CARTESIAN_POINT('',(3.100000000405E0,6.114970122E1,-8.414325261889E0));
#4099=VERTEX_POINT('',#4098);
#4100=CARTESIAN_POINT('',(3.100000000405E0,6.114970122E1,-1.118963145189E1));
#4101=CARTESIAN_POINT('',(3.100000000405E0,6.228161934E1,-1.070208370530E1));
#4102=VERTEX_POINT('',#4100);
#4103=VERTEX_POINT('',#4101);
#4104=CARTESIAN_POINT('',(3.100000000405E0,6.341353746E1,-1.118963145189E1));
#4105=VERTEX_POINT('',#4104);
#4106=CARTESIAN_POINT('',(3.100000000405E0,6.341353746E1,-1.186265802189E1));
#4107=VERTEX_POINT('',#4106);
#4108=CARTESIAN_POINT('',(3.100000000405E0,6.299353746E1,-1.186265802189E1));
#4109=VERTEX_POINT('',#4108);
#4110=CARTESIAN_POINT('',(3.100000000405E0,6.299353746E1,-1.118963145189E1));
#4111=VERTEX_POINT('',#4110);
#4112=CARTESIAN_POINT('',(3.100000000405E0,6.249161934E1,-1.118963145189E1));
#4113=VERTEX_POINT('',#4112);
#4114=CARTESIAN_POINT('',(3.100000000405E0,6.249161934E1,-1.186265802189E1));
#4115=VERTEX_POINT('',#4114);
#4116=CARTESIAN_POINT('',(3.100000000405E0,6.207161934E1,-1.186265802189E1));
#4117=VERTEX_POINT('',#4116);
#4118=CARTESIAN_POINT('',(3.100000000405E0,6.207161934E1,-1.118963145189E1));
#4119=VERTEX_POINT('',#4118);
#4120=CARTESIAN_POINT('',(3.100000000405E0,6.156970122E1,-1.118963145189E1));
#4121=VERTEX_POINT('',#4120);
#4122=CARTESIAN_POINT('',(3.100000000405E0,6.156970122E1,-1.186265802189E1));
#4123=VERTEX_POINT('',#4122);
#4124=CARTESIAN_POINT('',(3.100000000405E0,6.114970122E1,-1.186265802189E1));
#4125=VERTEX_POINT('',#4124);
#4126=CARTESIAN_POINT('',(3.100000000405E0,6.114970122E1,-1.248050384189E1));
#4127=CARTESIAN_POINT('',(3.100000000405E0,6.156970122E1,-1.248050384189E1));
#4128=VERTEX_POINT('',#4126);
#4129=VERTEX_POINT('',#4127);
#4130=CARTESIAN_POINT('',(3.100000000405E0,6.156970122E1,-1.290050384189E1));
#4131=VERTEX_POINT('',#4130);
#4132=CARTESIAN_POINT('',(3.100000000405E0,6.114970122E1,-1.290050384189E1));
#4133=VERTEX_POINT('',#4132);
#4134=CARTESIAN_POINT('',(3.100000000405E0,6.178230357E1,-1.248050384189E1));
#4135=CARTESIAN_POINT('',(3.100000000405E0,6.341353746E1,-1.248050384189E1));
#4136=VERTEX_POINT('',#4134);
#4137=VERTEX_POINT('',#4135);
#4138=CARTESIAN_POINT('',(3.100000000405E0,6.341353746E1,-1.290050384189E1));
#4139=VERTEX_POINT('',#4138);
#4140=CARTESIAN_POINT('',(3.100000000405E0,6.178230357E1,-1.290050384189E1));
#4141=VERTEX_POINT('',#4140);
#4142=CARTESIAN_POINT('',(3.100000000405E0,6.114970122E1,-1.336820027189E1));
#4143=CARTESIAN_POINT('',(3.100000000405E0,6.341353746E1,-1.336820027189E1));
#4144=VERTEX_POINT('',#4142);
#4145=VERTEX_POINT('',#4143);
#4146=CARTESIAN_POINT('',(3.100000000405E0,6.341353746E1,-1.378820027189E1));
#4147=VERTEX_POINT('',#4146);
#4148=CARTESIAN_POINT('',(3.100000000405E0,6.256006272E1,-1.378820027189E1));
#4149=VERTEX_POINT('',#4148);
#4150=CARTESIAN_POINT('',(3.100000000405E0,6.256006272E1,-1.414182440189E1));
#4151=VERTEX_POINT('',#4150);
#4152=CARTESIAN_POINT('',(3.100000000405E0,6.114970122E1,-1.414182440189E1));
#4153=VERTEX_POINT('',#4152);
#4154=CARTESIAN_POINT('',(3.100000000405E0,6.214006272E1,-1.378820027189E1));
#4155=CARTESIAN_POINT('',(3.100000000405E0,6.156970122E1,-1.378820027189E1));
#4156=VERTEX_POINT('',#4154);
#4157=VERTEX_POINT('',#4155);
#4158=CARTESIAN_POINT('',(3.100000000405E0,6.156970122E1,-1.414182440189E1));
#4159=VERTEX_POINT('',#4158);
#4160=CARTESIAN_POINT('',(3.100000000405E0,6.214006272E1,-1.414182440189E1));
#4161=VERTEX_POINT('',#4160);
#4162=CARTESIAN_POINT('',(3.100000000405E0,6.27425784E1,-1.519128956189E1));
#4163=CARTESIAN_POINT('',(3.100000000405E0,6.27425784E1,-1.653320768189E1));
#4164=VERTEX_POINT('',#4162);
#4165=VERTEX_POINT('',#4163);
#4166=CARTESIAN_POINT('',(3.100000000405E0,6.114970122E1,-1.653320768189E1));
#4167=VERTEX_POINT('',#4166);
#4168=CARTESIAN_POINT('',(3.100000000405E0,6.114970122E1,-1.611320768189E1));
#4169=VERTEX_POINT('',#4168);
#4170=CARTESIAN_POINT('',(3.100000000405E0,6.27425784E1,-1.611320768189E1));
#4171=VERTEX_POINT('',#4170);
#4172=CARTESIAN_POINT('',(3.100000000405E0,6.27425784E1,-1.561128956189E1));
#4173=VERTEX_POINT('',#4172);
#4174=CARTESIAN_POINT('',(3.100000000405E0,6.114970122E1,-1.561128956189E1));
#4175=VERTEX_POINT('',#4174);
#4176=CARTESIAN_POINT('',(3.100000000405E0,6.114970122E1,-1.519128956189E1));
#4177=VERTEX_POINT('',#4176);
#4178=CARTESIAN_POINT('',(5.000000000405E0,1.958577171946E0,-5.606023713677E0));
#4179=CARTESIAN_POINT('',(5.000000000405E0,1.35E0,-6.660110295814E0));
#4180=VERTEX_POINT('',#4178);
#4181=VERTEX_POINT('',#4179);
#4182=CARTESIAN_POINT('',(5.000000000405E0,1.35E0,-1.784089738796E1));
#4183=CARTESIAN_POINT('',(5.000000000405E0,1.958577171946E0,-1.889498397010E1));
#4184=VERTEX_POINT('',#4182);
#4185=VERTEX_POINT('',#4183);
#4186=CARTESIAN_POINT('',(5.000000000405E0,2.254142282805E1,-1.889498397010E1));
#4187=CARTESIAN_POINT('',(5.000000000405E0,2.315E1,-1.784089738796E1));
#4188=VERTEX_POINT('',#4186);
#4189=VERTEX_POINT('',#4187);
#4190=CARTESIAN_POINT('',(5.000000000405E0,2.315E1,-6.660110295814E0));
#4191=CARTESIAN_POINT('',(5.000000000405E0,2.254142282805E1,-5.606023713677E0));
#4192=VERTEX_POINT('',#4190);
#4193=VERTEX_POINT('',#4191);
#4194=CARTESIAN_POINT('',(5.000000000405E0,1.285857717195E1,
-1.563016760132E-2));
#4195=VERTEX_POINT('',#4194);
#4196=CARTESIAN_POINT('',(5.000000000405E0,1.164142282805E1,
-1.563016760132E-2));
#4197=VERTEX_POINT('',#4196);
#4198=CARTESIAN_POINT('',(5.000000000405E0,1.164142282805E1,-2.448537751618E1));
#4199=VERTEX_POINT('',#4198);
#4200=CARTESIAN_POINT('',(5.000000000405E0,1.285857717195E1,-2.448537751618E1));
#4201=VERTEX_POINT('',#4200);
#4202=CARTESIAN_POINT('',(8.000000000405E0,2.315E1,-1.225050384189E1));
#4203=CARTESIAN_POINT('',(8.000000000405E0,1.77E1,-2.810826940639E0));
#4204=VERTEX_POINT('',#4202);
#4205=VERTEX_POINT('',#4203);
#4206=CARTESIAN_POINT('',(8.000000000405E0,1.35E0,-1.225050384189E1));
#4207=CARTESIAN_POINT('',(8.000000000405E0,6.8E0,-2.169018074314E1));
#4208=VERTEX_POINT('',#4206);
#4209=VERTEX_POINT('',#4207);
#4210=VERTEX_POINT('',#2427);
#4211=VERTEX_POINT('',#2437);
#4212=VERTEX_POINT('',#2394);
#4213=VERTEX_POINT('',#3760);
#4214=VERTEX_POINT('',#3767);
#4215=VERTEX_POINT('',#2472);
#4216=VERTEX_POINT('',#2488);
#4217=VERTEX_POINT('',#2446);
#4218=VERTEX_POINT('',#3734);
#4219=VERTEX_POINT('',#3741);
#4220=CARTESIAN_POINT('',(7.220577136999E0,1.285857717195E1,
-1.563016760132E-2));
#4221=VERTEX_POINT('',#4220);
#4222=CARTESIAN_POINT('',(7.220577136999E0,1.958577171946E0,-5.606023713677E0));
#4223=VERTEX_POINT('',#4222);
#4224=CARTESIAN_POINT('',(7.220577136999E0,1.164142282805E1,-2.448537751618E1));
#4225=VERTEX_POINT('',#4224);
#4226=CARTESIAN_POINT('',(7.220577136999E0,2.254142282805E1,-1.889498397010E1));
#4227=VERTEX_POINT('',#4226);
#4228=VERTEX_POINT('',#2764);
#4229=VERTEX_POINT('',#2777);
#4230=CARTESIAN_POINT('',(1.979999996501E1,1.915000110171E1,-1.225050384218E1));
#4231=VERTEX_POINT('',#4230);
#4232=CARTESIAN_POINT('',(1.340000000040E1,1.769862367943E1,-1.300050384189E1));
#4233=CARTESIAN_POINT('',(1.919999686145E1,1.769862367943E1,-1.300050384189E1));
#4234=VERTEX_POINT('',#4232);
#4235=VERTEX_POINT('',#4233);
#4236=CARTESIAN_POINT('',(1.919999686145E1,1.769862367943E1,-1.150050384189E1));
#4237=CARTESIAN_POINT('',(1.340000000040E1,1.769862367943E1,-1.150050384189E1));
#4238=VERTEX_POINT('',#4236);
#4239=VERTEX_POINT('',#4237);
#4240=CARTESIAN_POINT('',(1.340000000040E1,1.865E1,-1.225050384189E1));
#4241=CARTESIAN_POINT('',(1.340000000040E1,5.85E0,-1.225050384189E1));
#4242=VERTEX_POINT('',#4240);
#4243=VERTEX_POINT('',#4241);
#4244=CARTESIAN_POINT('',(1.340000000040E1,1.835E1,-1.150050384189E1));
#4245=CARTESIAN_POINT('',(1.340000000040E1,1.835E1,-1.300050384189E1));
#4246=VERTEX_POINT('',#4244);
#4247=VERTEX_POINT('',#4245);
#4248=CARTESIAN_POINT('',(4.045244139661E-10,7.4E0,-1.225050384189E1));
#4249=CARTESIAN_POINT('',(4.045244139661E-10,1.71E1,-1.225050384189E1));
#4250=VERTEX_POINT('',#4248);
#4251=VERTEX_POINT('',#4249);
#4252=CARTESIAN_POINT('',(1.984593010780E1,1.835E1,-1.150050384189E1));
#4253=VERTEX_POINT('',#4252);
#4254=VERTEX_POINT('',#3089);
#4255=VERTEX_POINT('',#3096);
#4256=CARTESIAN_POINT('',(1.919999686145E1,6.75E0,-1.225050384393E1));
#4257=CARTESIAN_POINT('',(1.999999803407E1,5.949999353979E0,-1.225050384422E1));
#4258=VERTEX_POINT('',#4256);
#4259=VERTEX_POINT('',#4257);
#4260=CARTESIAN_POINT('',(1.999999705090E1,1.225E1,-5.950503195869E0));
#4261=VERTEX_POINT('',#4260);
#4262=CARTESIAN_POINT('',(1.999999705090E1,1.855000064602E1,-1.225050384189E1));
#4263=VERTEX_POINT('',#4262);
#4264=CARTESIAN_POINT('',(1.999999705090E1,1.225E1,-1.855050448791E1));
#4265=VERTEX_POINT('',#4264);
#4266=CARTESIAN_POINT('',(2.000000213811E1,5.549998962749E0,-1.225050384189E1));
#4267=CARTESIAN_POINT('',(2.000000213811E1,1.225E1,-5.550502804639E0));
#4268=VERTEX_POINT('',#4266);
#4269=VERTEX_POINT('',#4267);
#4270=CARTESIAN_POINT('',(2.000000213811E1,1.895000103725E1,-1.225050384189E1));
#4271=VERTEX_POINT('',#4270);
#4272=CARTESIAN_POINT('',(2.000000213811E1,1.225E1,-1.895050487914E1));
#4273=VERTEX_POINT('',#4272);
#4274=CARTESIAN_POINT('',(1.979999996501E1,5.349998898293E0,-1.225050384168E1));
#4275=VERTEX_POINT('',#4274);
#4276=CARTESIAN_POINT('',(1.920000000040E1,1.895E1,-1.225050384189E1));
#4277=VERTEX_POINT('',#4276);
#4278=CARTESIAN_POINT('',(1.820000000040E1,1.895E1,-1.225050384189E1));
#4279=VERTEX_POINT('',#4278);
#4280=CARTESIAN_POINT('',(1.870000000040E1,1.876801488287E1,-1.225050384189E1));
#4281=VERTEX_POINT('',#4280);
#4282=CARTESIAN_POINT('',(1.190000213811E1,1.915E1,-1.225050384189E1));
#4283=CARTESIAN_POINT('',(1.190000213811E1,5.35E0,-1.225050384189E1));
#4284=VERTEX_POINT('',#4282);
#4285=VERTEX_POINT('',#4283);
#4286=CARTESIAN_POINT('',(1.087674373953E1,1.781049042566E1,-7.676561753695E0));
#4287=CARTESIAN_POINT('',(1.082674373953E1,1.781049042566E1,-7.676561753695E0));
#4288=VERTEX_POINT('',#4286);
#4289=VERTEX_POINT('',#4287);
#4290=VERTEX_POINT('',#2748);
#4291=VERTEX_POINT('',#2753);
#4292=VERTEX_POINT('',#2746);
#4293=VERTEX_POINT('',#2739);
#4294=CARTESIAN_POINT('',(1.128088892796E1,1.835109366149E1,-7.231872939565E0));
#4295=VERTEX_POINT('',#4294);
#4296=CARTESIAN_POINT('',(1.042259855109E1,1.835109366149E1,-7.231872939565E0));
#4297=VERTEX_POINT('',#4296);
#4298=CARTESIAN_POINT('',(3.200000000405E0,2.3E1,-1.225050384189E1));
#4299=CARTESIAN_POINT('',(3.200000000405E0,1.5E0,-1.225050384189E1));
#4300=VERTEX_POINT('',#4298);
#4301=VERTEX_POINT('',#4299);
#4302=CARTESIAN_POINT('',(3.500000000405E0,2.27E1,-1.225050384189E1));
#4303=CARTESIAN_POINT('',(3.500000000405E0,1.8E0,-1.225050384189E1));
#4304=VERTEX_POINT('',#4302);
#4305=VERTEX_POINT('',#4303);
#4306=CARTESIAN_POINT('',(1.300000000405E0,2.27E1,-1.225050384189E1));
#4307=CARTESIAN_POINT('',(1.300000000405E0,1.8E0,-1.225050384189E1));
#4308=VERTEX_POINT('',#4306);
#4309=VERTEX_POINT('',#4307);
#4310=CARTESIAN_POINT('',(1.600000000405E0,2.3E1,-1.225050384189E1));
#4311=CARTESIAN_POINT('',(1.600000000405E0,1.5E0,-1.225050384189E1));
#4312=VERTEX_POINT('',#4310);
#4313=VERTEX_POINT('',#4311);
#4314=VERTEX_POINT('',#2712);
#4315=VERTEX_POINT('',#2716);
#4316=VERTEX_POINT('',#3447);
#4317=VERTEX_POINT('',#2528);
#4318=VERTEX_POINT('',#2537);
#4319=VERTEX_POINT('',#2543);
#4320=VERTEX_POINT('',#2552);
#4321=VERTEX_POINT('',#2554);
#4322=VERTEX_POINT('',#2563);
#4323=VERTEX_POINT('',#397);
#4324=VERTEX_POINT('',#406);
#4325=VERTEX_POINT('',#420);
#4326=VERTEX_POINT('',#429);
#4327=CARTESIAN_POINT('',(1.190000213811E1,1.935E1,-1.055344756704E1));
#4328=CARTESIAN_POINT('',(1.190000213811E1,1.935E1,-1.394756011674E1));
#4329=VERTEX_POINT('',#4327);
#4330=VERTEX_POINT('',#4328);
#4331=CARTESIAN_POINT('',(1.169063158193E1,1.935E1,-1.344632991620E1));
#4332=CARTESIAN_POINT('',(1.174063158193E1,1.935E1,-1.344632991620E1));
#4333=VERTEX_POINT('',#4331);
#4334=VERTEX_POINT('',#4332);
#4335=CARTESIAN_POINT('',(1.179374482468E1,1.935E1,-1.105467776758E1));
#4336=VERTEX_POINT('',#4335);
#4337=VERTEX_POINT('',#3468);
#4338=VERTEX_POINT('',#2565);
#4339=VERTEX_POINT('',#2572);
#4340=CARTESIAN_POINT('',(9.743744824677E0,1.935E1,-1.105467776758E1));
#4341=VERTEX_POINT('',#4340);
#4342=CARTESIAN_POINT('',(9.690631581930E0,1.935E1,-1.344632991620E1));
#4343=VERTEX_POINT('',#4342);
#4344=VERTEX_POINT('',#440);
#4345=VERTEX_POINT('',#484);
#4346=VERTEX_POINT('',#3688);
#4347=VERTEX_POINT('',#544);
#4348=VERTEX_POINT('',#2574);
#4349=VERTEX_POINT('',#2603);
#4350=VERTEX_POINT('',#2612);
#4351=CARTESIAN_POINT('',(8.690631581930E0,1.935E1,-1.344632991620E1));
#4352=VERTEX_POINT('',#4351);
#4353=VERTEX_POINT('',#502);
#4354=VERTEX_POINT('',#597);
#4355=CARTESIAN_POINT('',(8.099089436498E0,1.935E1,-1.571460545703E1));
#4356=VERTEX_POINT('',#4355);
#4357=CARTESIAN_POINT('',(8.243577346974E0,1.935E1,-8.786402226752E0));
#4358=VERTEX_POINT('',#4357);
#4359=VERTEX_POINT('',#303);
#4360=VERTEX_POINT('',#2628);
#4361=VERTEX_POINT('',#2639);
#4362=CARTESIAN_POINT('',(1.300000000405E0,6.65E0,-1.225050384189E1));
#4363=CARTESIAN_POINT('',(1.300000000405E0,1.785E1,-1.225050384189E1));
#4364=VERTEX_POINT('',#4362);
#4365=VERTEX_POINT('',#4363);
#4366=CARTESIAN_POINT('',(4.045395129992E-10,1.755E1,-1.225050384189E1));
#4367=CARTESIAN_POINT('',(4.045395129992E-10,6.95E0,-1.225050384189E1));
#4368=VERTEX_POINT('',#4366);
#4369=VERTEX_POINT('',#4367);
#4370=CARTESIAN_POINT('',(3.000000004045E-1,1.785E1,-1.225050384189E1));
#4371=CARTESIAN_POINT('',(3.000000004045E-1,6.65E0,-1.225050384189E1));
#4372=VERTEX_POINT('',#4370);
#4373=VERTEX_POINT('',#4371);
#4374=CARTESIAN_POINT('',(3.500000000405E0,1.935E1,-1.571460545703E1));
#4375=CARTESIAN_POINT('',(3.500000000405E0,1.935E1,-8.786402226752E0));
#4376=VERTEX_POINT('',#4374);
#4377=VERTEX_POINT('',#4375);
#4378=VERTEX_POINT('',#2963);
#4379=VERTEX_POINT('',#2978);
#4380=VERTEX_POINT('',#2891);
#4381=VERTEX_POINT('',#2904);
#4382=VERTEX_POINT('',#2911);
#4383=VERTEX_POINT('',#2923);
#4384=VERTEX_POINT('',#2788);
#4385=VERTEX_POINT('',#2800);
#4386=VERTEX_POINT('',#2807);
#4387=VERTEX_POINT('',#2819);
#4388=VERTEX_POINT('',#3367);
#4389=VERTEX_POINT('',#3380);
#4390=VERTEX_POINT('',#3387);
#4391=VERTEX_POINT('',#3399);
#4392=CARTESIAN_POINT('',(1.650000000040E1,1.59E1,-1.857248928952E1));
#4393=VERTEX_POINT('',#4392);
#4394=CARTESIAN_POINT('',(1.650000000040E1,1.49E1,-1.684043848195E1));
#4395=VERTEX_POINT('',#4394);
#4396=CARTESIAN_POINT('',(1.650000000040E1,4.95E0,-1.225050384189E1));
#4397=VERTEX_POINT('',#4396);
#4398=CARTESIAN_POINT('',(1.650000000040E1,6.95E0,-1.225050384189E1));
#4399=VERTEX_POINT('',#4398);
#4400=CARTESIAN_POINT('',(1.650000000040E1,1.59E1,-5.928518394263E0));
#4401=VERTEX_POINT('',#4400);
#4402=CARTESIAN_POINT('',(1.650000000040E1,1.49E1,-7.660569201832E0));
#4403=VERTEX_POINT('',#4402);
#4404=CARTESIAN_POINT('',(1.280000000040E1,1.865E1,-1.225050384189E1));
#4405=CARTESIAN_POINT('',(1.280000000040E1,5.85E0,-1.225050384189E1));
#4406=VERTEX_POINT('',#4404);
#4407=VERTEX_POINT('',#4405);
#4408=CARTESIAN_POINT('',(4.000000000405E0,1.935E1,-8.786402226752E0));
#4409=CARTESIAN_POINT('',(4.000000000405E0,1.935E1,-1.571460545703E1));
#4410=VERTEX_POINT('',#4408);
#4411=VERTEX_POINT('',#4409);
#4412=CARTESIAN_POINT('',(4.800000000405E0,4.376513661522E0,-1.160381003659E1));
#4413=CARTESIAN_POINT('',(4.800000000405E0,6.794020871769E0,-1.796384714965E1));
#4414=VERTEX_POINT('',#4412);
#4415=VERTEX_POINT('',#4413);
#4416=CARTESIAN_POINT('',(5.000000000405E0,9.201916558858E0,-1.953879495407E1));
#4417=CARTESIAN_POINT('',(5.000000000405E0,1.599772211110E1,-1.920496852136E1));
#4418=VERTEX_POINT('',#4416);
#4419=VERTEX_POINT('',#4417);
#4420=CARTESIAN_POINT('',(8.000000000405E0,9.201916558859E0,-1.953879495407E1));
#4421=CARTESIAN_POINT('',(8.000000000405E0,1.599772211110E1,-1.920496852136E1));
#4422=VERTEX_POINT('',#4420);
#4423=VERTEX_POINT('',#4421);
#4424=VERTEX_POINT('',#2585);
#4425=VERTEX_POINT('',#2594);
#4426=VERTEX_POINT('',#2614);
#4427=VERTEX_POINT('',#3690);
#4428=VERTEX_POINT('',#2179);
#4429=VERTEX_POINT('',#2183);
#4430=VERTEX_POINT('',#2204);
#4431=VERTEX_POINT('',#2226);
#4432=VERTEX_POINT('',#2193);
#4433=VERTEX_POINT('',#2202);
#4434=VERTEX_POINT('',#2329);
#4435=VERTEX_POINT('',#2352);
#4436=CARTESIAN_POINT('',(3.500000000405E0,1.935E1,-1.286739748997E1));
#4437=CARTESIAN_POINT('',(4.000000000405E0,1.935E1,-1.286739748997E1));
#4438=VERTEX_POINT('',#4436);
#4439=VERTEX_POINT('',#4437);
#4440=CARTESIAN_POINT('',(4.000000000405E0,1.935E1,-1.163361019381E1));
#4441=VERTEX_POINT('',#4440);
#4442=CARTESIAN_POINT('',(3.500000000405E0,1.935E1,-1.163361019381E1));
#4443=VERTEX_POINT('',#4442);
#4444=CARTESIAN_POINT('',(1.200000000405E0,7.4E0,-1.225050384189E1));
#4445=CARTESIAN_POINT('',(1.200000000405E0,1.71E1,-1.225050384189E1));
#4446=VERTEX_POINT('',#4444);
#4447=VERTEX_POINT('',#4445);
#4448=CARTESIAN_POINT('',(1.880000000040E1,1.625000000012E1,-1.285050384189E1));
#4449=CARTESIAN_POINT('',(1.880000000040E1,1.625000000012E1,-1.165050384189E1));
#4450=VERTEX_POINT('',#4448);
#4451=VERTEX_POINT('',#4449);
#4452=VERTEX_POINT('',#1802);
#4453=VERTEX_POINT('',#1807);
#4454=VERTEX_POINT('',#1791);
#4455=CARTESIAN_POINT('',(8.000000004045E-1,1.340000000009E1,
-1.334236227075E1));
#4456=VERTEX_POINT('',#4455);
#4457=VERTEX_POINT('',#2072);
#4458=VERTEX_POINT('',#2077);
#4459=VERTEX_POINT('',#2088);
#4460=CARTESIAN_POINT('',(8.000000004045E-1,1.340000000009E1,
-1.115864541303E1));
#4461=VERTEX_POINT('',#4460);
#4462=CARTESIAN_POINT('',(8.000000004045E-1,9.949999999818E0,
-1.315050384189E1));
#4463=CARTESIAN_POINT('',(8.000000004045E-1,9.949999999818E0,
-1.135050384189E1));
#4464=VERTEX_POINT('',#4462);
#4465=VERTEX_POINT('',#4463);
#4466=VERTEX_POINT('',#1896);
#4467=VERTEX_POINT('',#1907);
#4468=CARTESIAN_POINT('',(1.880000000040E1,1.640692193816E1,-1.285050384190E1));
#4469=VERTEX_POINT('',#4468);
#4470=CARTESIAN_POINT('',(1.880000000040E1,1.640692193817E1,-1.165050384189E1));
#4471=VERTEX_POINT('',#4470);
#4472=CARTESIAN_POINT('',(1.780000000040E1,1.084999999982E1,-1.225050384189E1));
#4473=CARTESIAN_POINT('',(1.780000000040E1,9.049999999818E0,-1.225050384189E1));
#4474=VERTEX_POINT('',#4472);
#4475=VERTEX_POINT('',#4473);
#4476=CARTESIAN_POINT('',(1.780000000040E1,1.430000000009E1,-1.025864541303E1));
#4477=CARTESIAN_POINT('',(1.780000000040E1,1.250000000009E1,-1.025864541303E1));
#4478=VERTEX_POINT('',#4476);
#4479=VERTEX_POINT('',#4477);
#4480=CARTESIAN_POINT('',(1.780000000040E1,1.430000000009E1,-1.424236227075E1));
#4481=CARTESIAN_POINT('',(1.780000000040E1,1.250000000009E1,-1.424236227075E1));
#4482=VERTEX_POINT('',#4480);
#4483=VERTEX_POINT('',#4481);
#4484=CARTESIAN_POINT('',(1.880000000040E1,1.104999999982E1,-1.225050384189E1));
#4485=CARTESIAN_POINT('',(1.880000000040E1,8.849999999818E0,-1.225050384189E1));
#4486=VERTEX_POINT('',#4484);
#4487=VERTEX_POINT('',#4485);
#4488=CARTESIAN_POINT('',(1.860000000040E1,1.084999999982E1,-1.225050384189E1));
#4489=CARTESIAN_POINT('',(1.860000000040E1,9.049999999818E0,-1.225050384189E1));
#4490=VERTEX_POINT('',#4488);
#4491=VERTEX_POINT('',#4489);
#4492=CARTESIAN_POINT('',(1.880000000040E1,1.450000000009E1,-1.025864541303E1));
#4493=CARTESIAN_POINT('',(1.880000000040E1,1.230000000009E1,-1.025864541303E1));
#4494=VERTEX_POINT('',#4492);
#4495=VERTEX_POINT('',#4493);
#4496=CARTESIAN_POINT('',(1.860000000040E1,1.430000000009E1,-1.025864541303E1));
#4497=CARTESIAN_POINT('',(1.860000000040E1,1.250000000009E1,-1.025864541303E1));
#4498=VERTEX_POINT('',#4496);
#4499=VERTEX_POINT('',#4497);
#4500=CARTESIAN_POINT('',(1.880000000040E1,1.450000000009E1,-1.424236227075E1));
#4501=CARTESIAN_POINT('',(1.880000000040E1,1.230000000009E1,-1.424236227075E1));
#4502=VERTEX_POINT('',#4500);
#4503=VERTEX_POINT('',#4501);
#4504=CARTESIAN_POINT('',(1.860000000040E1,1.430000000009E1,-1.424236227075E1));
#4505=CARTESIAN_POINT('',(1.860000000040E1,1.250000000009E1,-1.424236227075E1));
#4506=VERTEX_POINT('',#4504);
#4507=VERTEX_POINT('',#4505);
#4508=CARTESIAN_POINT('',(-3.199999999595E0,1.034999999976E1,
-1.101357215425E1));
#4509=CARTESIAN_POINT('',(-3.199999999595E0,1.034999999976E1,
-1.144427806703E1));
#4510=VERTEX_POINT('',#4508);
#4511=VERTEX_POINT('',#4509);
#4512=CARTESIAN_POINT('',(-3.199999999595E0,1.034999999976E1,
-1.305672961675E1));
#4513=CARTESIAN_POINT('',(-3.199999999595E0,1.034999999976E1,
-1.348743552953E1));
#4514=VERTEX_POINT('',#4512);
#4515=VERTEX_POINT('',#4513);
#4516=VERTEX_POINT('',#1870);
#4517=VERTEX_POINT('',#1872);
#4518=CARTESIAN_POINT('',(3.000000004045E-1,9.349999999819E0,
-1.157968344864E1));
#4519=VERTEX_POINT('',#4518);
#4520=CARTESIAN_POINT('',(3.000000004045E-1,9.349999999819E0,
-1.292132423514E1));
#4521=VERTEX_POINT('',#4520);
#4522=CARTESIAN_POINT('',(-3.199999999595E0,1.212878573588E1,
-1.451441795311E1));
#4523=CARTESIAN_POINT('',(-3.199999999595E0,1.250178799791E1,
-1.429906499672E1));
#4524=VERTEX_POINT('',#4522);
#4525=VERTEX_POINT('',#4523);
#4526=CARTESIAN_POINT('',(-3.199999999595E0,1.389821200234E1,
-1.349283922186E1));
#4527=CARTESIAN_POINT('',(-3.199999999595E0,1.427121426436E1,
-1.327748626547E1));
#4528=VERTEX_POINT('',#4526);
#4529=VERTEX_POINT('',#4527);
#4530=VERTEX_POINT('',#1765);
#4531=VERTEX_POINT('',#1767);
#4532=CARTESIAN_POINT('',(3.000000004046E-1,1.311905249816E1,
-1.509738770965E1));
#4533=VERTEX_POINT('',#4532);
#4534=CARTESIAN_POINT('',(3.000000004048E-1,1.428094750202E1,
-1.442656731640E1));
#4535=VERTEX_POINT('',#4534);
#4536=CARTESIAN_POINT('',(-3.199999999595E0,1.427121426436E1,
-1.122352141831E1));
#4537=CARTESIAN_POINT('',(-3.199999999595E0,1.389821200234E1,
-1.100816846192E1));
#4538=VERTEX_POINT('',#4536);
#4539=VERTEX_POINT('',#4537);
#4540=CARTESIAN_POINT('',(-3.199999999595E0,1.250178799791E1,
-1.020194268706E1));
#4541=CARTESIAN_POINT('',(-3.199999999595E0,1.212878573588E1,
-9.986589730669E0));
#4542=VERTEX_POINT('',#4540);
#4543=VERTEX_POINT('',#4541);
#4544=VERTEX_POINT('',#2046);
#4545=VERTEX_POINT('',#2048);
#4546=CARTESIAN_POINT('',(3.000000004042E-1,1.428094750202E1,
-1.007444036738E1));
#4547=VERTEX_POINT('',#4546);
#4548=CARTESIAN_POINT('',(3.000000004040E-1,1.311905249816E1,
-9.403619974133E0));
#4549=VERTEX_POINT('',#4548);
#4550=CARTESIAN_POINT('',(1.200000000405E0,1.270125078238E1,-1.533860564272E1));
#4551=CARTESIAN_POINT('',(1.200000000405E0,1.469874921780E1,-1.418534938332E1));
#4552=VERTEX_POINT('',#4550);
#4553=VERTEX_POINT('',#4551);
#4554=CARTESIAN_POINT('',(1.200000000405E0,1.469874921780E1,-1.031565830046E1));
#4555=CARTESIAN_POINT('',(1.200000000405E0,1.270125078238E1,-9.162402041058E0));
#4556=VERTEX_POINT('',#4554);
#4557=VERTEX_POINT('',#4555);
#4558=CARTESIAN_POINT('',(1.200000000405E0,9.349999999819E0,-1.109724758249E1));
#4559=CARTESIAN_POINT('',(1.200000000405E0,9.349999999819E0,-1.340376010129E1));
#4560=VERTEX_POINT('',#4558);
#4561=VERTEX_POINT('',#4559);
#4562=CARTESIAN_POINT('',(1.200000000405E0,1.340000000009E1,-1.447665047781E1));
#4563=CARTESIAN_POINT('',(1.200000000405E0,1.340000000009E1,-1.400807406369E1));
#4564=VERTEX_POINT('',#4562);
#4565=VERTEX_POINT('',#4563);
#4566=CARTESIAN_POINT('',(1.200000000405E0,1.340000000009E1,-1.049293362009E1));
#4567=CARTESIAN_POINT('',(1.200000000405E0,1.340000000009E1,-1.002435720597E1));
#4568=VERTEX_POINT('',#4566);
#4569=VERTEX_POINT('',#4567);
#4570=CARTESIAN_POINT('',(1.200000000405E0,9.949999999818E0,-1.248479204895E1));
#4571=CARTESIAN_POINT('',(1.200000000405E0,9.949999999818E0,-1.201621563483E1));
#4572=VERTEX_POINT('',#4570);
#4573=VERTEX_POINT('',#4571);
#4574=CARTESIAN_POINT('',(1.280000000040E1,1.640692193816E1,-1.285050384190E1));
#4575=CARTESIAN_POINT('',(1.280000000040E1,1.625000000012E1,-1.285050384189E1));
#4576=VERTEX_POINT('',#4574);
#4577=VERTEX_POINT('',#4575);
#4578=CARTESIAN_POINT('',(1.280000000040E1,1.625000000012E1,-1.165050384189E1));
#4579=VERTEX_POINT('',#4578);
#4580=CARTESIAN_POINT('',(1.280000000040E1,1.640692193817E1,-1.165050384189E1));
#4581=VERTEX_POINT('',#4580);
#4582=CARTESIAN_POINT('',(4.800000000405E0,4.725E1,-1.225050384189E1));
#4583=DIRECTION('',(-1.E0,0.E0,0.E0));
#4584=DIRECTION('',(0.E0,0.E0,-1.E0));
#4585=AXIS2_PLACEMENT_3D('',#4582,#4583,#4584);
#4586=PLANE('',#4585);
#4588=ORIENTED_EDGE('',*,*,#4587,.F.);
#4590=ORIENTED_EDGE('',*,*,#4589,.F.);
#4592=ORIENTED_EDGE('',*,*,#4591,.F.);
#4594=ORIENTED_EDGE('',*,*,#4593,.F.);
#4596=ORIENTED_EDGE('',*,*,#4595,.T.);
#4598=ORIENTED_EDGE('',*,*,#4597,.F.);
#4600=ORIENTED_EDGE('',*,*,#4599,.T.);
#4602=ORIENTED_EDGE('',*,*,#4601,.F.);
#4604=ORIENTED_EDGE('',*,*,#4603,.T.);
#4605=EDGE_LOOP('',(#4588,#4590,#4592,#4594,#4596,#4598,#4600,#4602,#4604));
#4606=FACE_OUTER_BOUND('',#4605,.F.);
#4608=ORIENTED_EDGE('',*,*,#4607,.T.);
#4610=ORIENTED_EDGE('',*,*,#4609,.F.);
#4611=EDGE_LOOP('',(#4608,#4610));
#4612=FACE_BOUND('',#4611,.F.);
#4614=ORIENTED_EDGE('',*,*,#4613,.T.);
#4616=ORIENTED_EDGE('',*,*,#4615,.F.);
#4618=ORIENTED_EDGE('',*,*,#4617,.F.);
#4620=ORIENTED_EDGE('',*,*,#4619,.F.);
#4622=ORIENTED_EDGE('',*,*,#4621,.F.);
#4624=ORIENTED_EDGE('',*,*,#4623,.F.);
#4625=EDGE_LOOP('',(#4614,#4616,#4618,#4620,#4622,#4624));
#4626=FACE_BOUND('',#4625,.F.);
#4628=CARTESIAN_POINT('',(7.699998935193E-1,1.225E1,-1.225050384189E1));
#4629=DIRECTION('',(1.E0,0.E0,0.E0));
#4630=DIRECTION('',(0.E0,1.E0,0.E0));
#4631=AXIS2_PLACEMENT_3D('',#4628,#4629,#4630);
#4632=CYLINDRICAL_SURFACE('',#4631,7.9E0);
#4634=ORIENTED_EDGE('',*,*,#4633,.T.);
#4636=ORIENTED_EDGE('',*,*,#4635,.F.);
#4638=ORIENTED_EDGE('',*,*,#4637,.T.);
#4640=ORIENTED_EDGE('',*,*,#4639,.F.);
#4641=EDGE_LOOP('',(#4634,#4636,#4638,#4640));
#4642=FACE_OUTER_BOUND('',#4641,.F.);
#4644=CARTESIAN_POINT('',(7.699998935193E-1,1.225E1,-1.225050384189E1));
#4645=DIRECTION('',(1.E0,0.E0,0.E0));
#4646=DIRECTION('',(0.E0,1.E0,0.E0));
#4647=AXIS2_PLACEMENT_3D('',#4644,#4645,#4646);
#4648=CYLINDRICAL_SURFACE('',#4647,7.9E0);
#4650=ORIENTED_EDGE('',*,*,#4649,.T.);
#4652=ORIENTED_EDGE('',*,*,#4651,.F.);
#4654=ORIENTED_EDGE('',*,*,#4653,.T.);
#4656=ORIENTED_EDGE('',*,*,#4655,.T.);
#4657=EDGE_LOOP('',(#4650,#4652,#4654,#4656));
#4658=FACE_OUTER_BOUND('',#4657,.F.);
#4660=CARTESIAN_POINT('',(7.699998935193E-1,1.225E1,-1.225050384189E1));
#4661=DIRECTION('',(1.E0,0.E0,0.E0));
#4662=DIRECTION('',(0.E0,1.E0,0.E0));
#4663=AXIS2_PLACEMENT_3D('',#4660,#4661,#4662);
#4664=CYLINDRICAL_SURFACE('',#4663,7.9E0);
#4666=ORIENTED_EDGE('',*,*,#4665,.T.);
#4668=ORIENTED_EDGE('',*,*,#4667,.F.);
#4670=ORIENTED_EDGE('',*,*,#4669,.T.);
#4672=ORIENTED_EDGE('',*,*,#4671,.F.);
#4674=ORIENTED_EDGE('',*,*,#4673,.F.);
#4675=EDGE_LOOP('',(#4666,#4668,#4670,#4672,#4674));
#4676=FACE_OUTER_BOUND('',#4675,.F.);
#4678=CARTESIAN_POINT('',(7.699998935193E-1,1.225E1,-1.225050384189E1));
#4679=DIRECTION('',(1.E0,0.E0,0.E0));
#4680=DIRECTION('',(0.E0,1.E0,0.E0));
#4681=AXIS2_PLACEMENT_3D('',#4678,#4679,#4680);
#4682=CYLINDRICAL_SURFACE('',#4681,7.9E0);
#4684=ORIENTED_EDGE('',*,*,#4683,.T.);
#4686=ORIENTED_EDGE('',*,*,#4685,.F.);
#4688=ORIENTED_EDGE('',*,*,#4687,.F.);
#4690=ORIENTED_EDGE('',*,*,#4689,.T.);
#4691=EDGE_LOOP('',(#4684,#4686,#4688,#4690));
#4692=FACE_OUTER_BOUND('',#4691,.F.);
#4694=CARTESIAN_POINT('',(7.699998935193E-1,1.225E1,-1.225050384189E1));
#4695=DIRECTION('',(1.E0,0.E0,0.E0));
#4696=DIRECTION('',(0.E0,1.E0,0.E0));
#4697=AXIS2_PLACEMENT_3D('',#4694,#4695,#4696);
#4698=CYLINDRICAL_SURFACE('',#4697,7.9E0);
#4700=ORIENTED_EDGE('',*,*,#4699,.T.);
#4702=ORIENTED_EDGE('',*,*,#4701,.F.);
#4704=ORIENTED_EDGE('',*,*,#4703,.T.);
#4706=ORIENTED_EDGE('',*,*,#4705,.T.);
#4707=EDGE_LOOP('',(#4700,#4702,#4704,#4706));
#4708=FACE_OUTER_BOUND('',#4707,.F.);
#4710=CARTESIAN_POINT('',(7.699998935193E-1,1.225E1,-1.225050384189E1));
#4711=DIRECTION('',(1.E0,0.E0,0.E0));
#4712=DIRECTION('',(0.E0,1.E0,0.E0));
#4713=AXIS2_PLACEMENT_3D('',#4710,#4711,#4712);
#4714=CYLINDRICAL_SURFACE('',#4713,7.9E0);
#4715=ORIENTED_EDGE('',*,*,#4613,.F.);
#4717=ORIENTED_EDGE('',*,*,#4716,.T.);
#4719=ORIENTED_EDGE('',*,*,#4718,.T.);
#4721=ORIENTED_EDGE('',*,*,#4720,.T.);
#4722=EDGE_LOOP('',(#4715,#4717,#4719,#4721));
#4723=FACE_OUTER_BOUND('',#4722,.F.);
#4725=CARTESIAN_POINT('',(7.699998935193E-1,1.225E1,-1.225050384189E1));
#4726=DIRECTION('',(1.E0,0.E0,0.E0));
#4727=DIRECTION('',(0.E0,1.E0,0.E0));
#4728=AXIS2_PLACEMENT_3D('',#4725,#4726,#4727);
#4729=CYLINDRICAL_SURFACE('',#4728,7.9E0);
#4731=ORIENTED_EDGE('',*,*,#4730,.F.);
#4733=ORIENTED_EDGE('',*,*,#4732,.T.);
#4735=ORIENTED_EDGE('',*,*,#4734,.F.);
#4737=ORIENTED_EDGE('',*,*,#4736,.T.);
#4738=EDGE_LOOP('',(#4731,#4733,#4735,#4737));
#4739=FACE_OUTER_BOUND('',#4738,.F.);
#4741=CARTESIAN_POINT('',(1.093055305361E1,1.583135558806E1,-6.098959332864E0));
#4742=CARTESIAN_POINT('',(1.089992999644E1,1.701497637638E1,-6.788049189593E0));
#4743=CARTESIAN_POINT('',(1.083868388209E1,1.897066007221E1,-8.867093418416E0));
#4744=CARTESIAN_POINT('',(1.074681471057E1,1.972838211862E1,-1.308320587296E1));
#4745=CARTESIAN_POINT('',(1.065494553905E1,1.806222680028E1,-1.702917228530E1));
#4746=CARTESIAN_POINT('',(1.056307636753E1,1.451278517038E1,-1.942671301676E1));
#4747=CARTESIAN_POINT('',(1.047120719601E1,1.023005813082E1,-1.949880808111E1));
#4748=CARTESIAN_POINT('',(1.037933802449E1,6.601895876249E0,-1.722212376099E1));
#4749=CARTESIAN_POINT('',(1.028746885296E1,4.803977492871E0,-1.333440332785E1));
#4750=CARTESIAN_POINT('',(1.019559968144E1,5.418915090839E0,-9.095449824606E0));
#4751=CARTESIAN_POINT('',(1.010373050992E1,8.247439544154E0,-5.878879446500E0));
#4752=CARTESIAN_POINT('',(1.001186133840E1,1.237297852561E1,-4.727009723129E0));
#4753=CARTESIAN_POINT('',(9.919992166878E0,1.645866676986E1,-6.013099613077E0));
#4754=CARTESIAN_POINT('',(9.828122995356E0,1.918055257671E1,-9.320396595128E0));
#4755=CARTESIAN_POINT('',(9.736253823835E0,1.965661920985E1,-1.357718367279E1));
#4756=CARTESIAN_POINT('',(9.644384652313E0,1.773259909085E1,-1.740406520306E1));
#4757=CARTESIAN_POINT('',(9.552515480792E0,1.403196361275E1,-1.956095479768E1));
#4758=CARTESIAN_POINT('',(9.460646309270E0,9.753889611223E0,-1.934892059643E1));
#4759=CARTESIAN_POINT('',(9.368777137749E0,6.284670676621E0,-1.683667147486E1));
#4760=CARTESIAN_POINT('',(9.276907966228E0,4.748493994767E0,-1.283829219480E1));
#4761=CARTESIAN_POINT('',(9.185038794706E0,5.643151770144E0,-8.649442337136E0));
#4762=CARTESIAN_POINT('',(9.093169623185E0,8.678733556878E0,-5.627502748105E0));
#4763=CARTESIAN_POINT('',(9.001300451663E0,1.287157063719E1,-4.751721444969E0));
#4764=CARTESIAN_POINT('',(8.909431280142E0,1.686299011494E1,-6.305892023423E0));
#4765=CARTESIAN_POINT('',(8.817562108620E0,1.935958772735E1,-9.786391428512E0));
#4766=CARTESIAN_POINT('',(8.725692937099E0,1.955235044739E1,-1.406537706930E1));
#4767=CARTESIAN_POINT('',(8.633823765577E0,1.737881453752E1,-1.775625998542E1));
#4768=CARTESIAN_POINT('',(8.541954594056E0,1.354330495866E1,-1.966302346052E1));
#4769=CARTESIAN_POINT('',(8.450085422534E0,9.288707994842E0,-1.916778865310E1));
#4770=CARTESIAN_POINT('',(8.358216251013E0,5.993694627493E0,-1.643103226958E1));
#4771=CARTESIAN_POINT('',(8.266347079492E0,4.726057239153E0,-1.233959818179E1));
#4772=CARTESIAN_POINT('',(8.174477907970E0,5.896360473198E0,-8.219268727417E0));
#4773=CARTESIAN_POINT('',(8.082608736449E0,9.126149877305E0,-5.405337787600E0));
#4774=CARTESIAN_POINT('',(8.021362622101E0,1.195266429309E1,-5.007921279485E0));
#4775=CARTESIAN_POINT('',(7.990739564927E0,1.330707724826E1,-5.211313875291E0));
#4776=CARTESIAN_POINT('',(1.076432169793E1,1.597621803545E1,-5.850135173723E0));
#4777=CARTESIAN_POINT('',(1.073369864076E1,1.720771516555E1,-6.567098063627E0));
#4778=CARTESIAN_POINT('',(1.067245252641E1,1.924250441779E1,-8.730237665782E0));
#4779=CARTESIAN_POINT('',(1.058058335489E1,2.003087560456E1,-1.311688788280E1));
#4780=CARTESIAN_POINT('',(1.048871418337E1,1.829732587892E1,-1.722246490563E1));
#4781=CARTESIAN_POINT('',(1.039684501185E1,1.460431269108E1,-1.971698389282E1));
#4782=CARTESIAN_POINT('',(1.030497584033E1,1.014835339205E1,-1.979199513436E1));
#4783=CARTESIAN_POINT('',(1.021310666880E1,6.373435404693E0,-1.742322108607E1));
#4784=CARTESIAN_POINT('',(1.012123749728E1,4.502792922628E0,-1.337824603723E1));
#4785=CARTESIAN_POINT('',(1.002936832576E1,5.142604165015E0,-8.967830872692E0));
#4786=CARTESIAN_POINT('',(9.937499154240E0,8.085539758113E0,-5.621153264040E0));
#4787=CARTESIAN_POINT('',(9.845629982718E0,1.237795289069E1,-4.422691499445E0));
#4788=CARTESIAN_POINT('',(9.753760811197E0,1.662890336144E1,-5.760802509451E0));
#4789=CARTESIAN_POINT('',(9.661891639675E0,1.946088687564E1,-9.201876527395E0));
#4790=CARTESIAN_POINT('',(9.570022468154E0,1.995620995397E1,-1.363084661758E1));
#4791=CARTESIAN_POINT('',(9.478153296632E0,1.795436504031E1,-1.761252188746E1));
#4792=CARTESIAN_POINT('',(9.386284125111E0,1.410404235605E1,-1.985665562685E1));
#4793=CARTESIAN_POINT('',(9.294414953589E0,9.652924306055E0,-1.963604484264E1));
#4794=CARTESIAN_POINT('',(9.202545782068E0,6.043378745675E0,-1.702217761942E1));
#4795=CARTESIAN_POINT('',(9.110676610547E0,4.445065169485E0,-1.286206767792E1));
#4796=CARTESIAN_POINT('',(9.018807439025E0,5.375911005983E0,-8.503782804052E0));
#4797=CARTESIAN_POINT('',(8.926938267504E0,8.534279205865E0,-5.359608615871E0));
#4798=CARTESIAN_POINT('',(8.835069095982E0,1.289671258177E1,-4.448402787069E0));
#4799=CARTESIAN_POINT('',(8.743199924461E0,1.704958120353E1,-6.065438095962E0));
#4800=CARTESIAN_POINT('',(8.651330752939E0,1.964716382885E1,-9.686720411195E0));
#4801=CARTESIAN_POINT('',(8.559461581418E0,1.984772361866E1,-1.413878697540E1));
#4802=CARTESIAN_POINT('',(8.467592409896E0,1.758627023630E1,-1.797896261577E1));
#4803=CARTESIAN_POINT('',(8.375723238375E0,1.359561792142E1,-1.996285287060E1));
#4804=CARTESIAN_POINT('',(8.283854066853E0,9.168926533117E0,-1.944758628346E1));
#4805=CARTESIAN_POINT('',(8.191984895332E0,5.740632990475E0,-1.660013069181E1));
#4806=CARTESIAN_POINT('',(8.100115723811E0,4.421720868321E0,-1.234320196360E1));
#4807=CARTESIAN_POINT('',(8.008246552289E0,5.639361761668E0,-8.056209078546E0));
#4808=CARTESIAN_POINT('',(7.916377380768E0,8.999793093424E0,-5.128457292769E0));
#4809=CARTESIAN_POINT('',(7.855131266420E0,1.194063734487E1,-4.714965662656E0));
#4810=CARTESIAN_POINT('',(7.824508209246E0,1.334983502350E1,-4.926585296655E0));
#4811=CARTESIAN_POINT('',(1.059809034225E1,1.612108048283E1,-5.601311014583E0));
#4812=CARTESIAN_POINT('',(1.056746728508E1,1.740045395471E1,-6.346146937661E0));
#4813=CARTESIAN_POINT('',(1.050622117073E1,1.951434876336E1,-8.593381913147E0));
#4814=CARTESIAN_POINT('',(1.041435199921E1,2.033336909049E1,-1.315056989264E1));
#4815=CARTESIAN_POINT('',(1.032248282769E1,1.853242495757E1,-1.741575752597E1));
#4816=CARTESIAN_POINT('',(1.023061365617E1,1.469584021177E1,-2.000725476888E1));
#4817=CARTESIAN_POINT('',(1.013874448464E1,1.006664865329E1,-2.008518218760E1));
#4818=CARTESIAN_POINT('',(1.004687531312E1,6.144974933137E0,-1.762431841116E1));
#4819=CARTESIAN_POINT('',(9.955006141602E0,4.201608352386E0,-1.342208874662E1));
#4820=CARTESIAN_POINT('',(9.863136970080E0,4.866293239190E0,-8.840211920778E0));
#4821=CARTESIAN_POINT('',(9.771267798559E0,7.923639972072E0,-5.363427081580E0));
#4822=CARTESIAN_POINT('',(9.679398627037E0,1.238292725578E1,-4.118373275761E0));
#4823=CARTESIAN_POINT('',(9.587529455516E0,1.679913995301E1,-5.508505405825E0));
#4824=CARTESIAN_POINT('',(9.495660283994E0,1.974122117457E1,-9.083356459663E0));
#4825=CARTESIAN_POINT('',(9.403791112473E0,2.025580069809E1,-1.368450956237E1));
#4826=CARTESIAN_POINT('',(9.311921940951E0,1.817613098977E1,-1.782097857186E1));
#4827=CARTESIAN_POINT('',(9.220052769430E0,1.417612109935E1,-2.015235645602E1));
#4828=CARTESIAN_POINT('',(9.128183597908E0,9.551959000886E0,-1.992316908885E1));
#4829=CARTESIAN_POINT('',(9.036314426387E0,5.802086814728E0,-1.720768376398E1));
#4830=CARTESIAN_POINT('',(8.944445254866E0,4.141636344204E0,-1.288584316105E1));
#4831=CARTESIAN_POINT('',(8.852576083344E0,5.108670241822E0,-8.358123270967E0));
#4832=CARTESIAN_POINT('',(8.760706911823E0,8.389824854852E0,-5.091714483637E0));
#4833=CARTESIAN_POINT('',(8.668837740301E0,1.292185452636E1,-4.145084129169E0));
#4834=CARTESIAN_POINT('',(8.576968568780E0,1.723617229213E1,-5.824984168501E0));
#4835=CARTESIAN_POINT('',(8.485099397258E0,1.993473993034E1,-9.587049393878E0));
#4836=CARTESIAN_POINT('',(8.393230225737E0,2.014309678993E1,-1.421219688149E1));
#4837=CARTESIAN_POINT('',(8.301361054215E0,1.779372593508E1,-1.820166524611E1));
#4838=CARTESIAN_POINT('',(8.209491882694E0,1.364793088419E1,-2.026268228068E1));
#4839=CARTESIAN_POINT('',(8.117622711172E0,9.049145071393E0,-1.972738391382E1));
#4840=CARTESIAN_POINT('',(8.025753539651E0,5.487571353458E0,-1.676922911405E1));
#4841=CARTESIAN_POINT('',(7.933884368130E0,4.117384497489E0,-1.234680574541E1));
#4842=CARTESIAN_POINT('',(7.842015196608E0,5.382363050138E0,-7.893149429675E0));
#4843=CARTESIAN_POINT('',(7.750146025087E0,8.873436309543E0,-4.851576797937E0));
#4844=CARTESIAN_POINT('',(7.688899910739E0,1.192861039665E1,-4.422010045826E0));
#4845=CARTESIAN_POINT('',(7.658276853565E0,1.339259279873E1,-4.641856718019E0));
#4846=CARTESIAN_POINT('',(1.043185898657E1,1.626594293022E1,-5.352486855442E0));
#4847=CARTESIAN_POINT('',(1.040123592940E1,1.759319274388E1,-6.125195811695E0));
#4848=CARTESIAN_POINT('',(1.033998981505E1,1.978619310894E1,-8.456526160512E0));
#4849=CARTESIAN_POINT('',(1.024812064353E1,2.063586257642E1,-1.318425190248E1));
#4850=CARTESIAN_POINT('',(1.015625147201E1,1.876752403621E1,-1.760905014630E1));
#4851=CARTESIAN_POINT('',(1.006438230048E1,1.478736773246E1,-2.029752564494E1));
#4852=CARTESIAN_POINT('',(9.972513128963E0,9.984943914522E0,-2.037836924085E1));
#4853=CARTESIAN_POINT('',(9.880643957442E0,5.916514461581E0,-1.782541573625E1));
#4854=CARTESIAN_POINT('',(9.788774785921E0,3.900423782144E0,-1.346593145601E1));
#4855=CARTESIAN_POINT('',(9.696905614399E0,4.589982313366E0,-8.712592968864E0));
#4856=CARTESIAN_POINT('',(9.605036442878E0,7.761740186031E0,-5.105700899121E0));
#4857=CARTESIAN_POINT('',(9.513167271356E0,1.238790162086E1,-3.814055052078E0));
#4858=CARTESIAN_POINT('',(9.421298099835E0,1.696937654458E1,-5.256208302199E0));
#4859=CARTESIAN_POINT('',(9.329428928313E0,2.002155547350E1,-8.964836391931E0));
#4860=CARTESIAN_POINT('',(9.237559756792E0,2.055539144221E1,-1.373817250716E1));
#4861=CARTESIAN_POINT('',(9.145690585270E0,1.839789693923E1,-1.802943525625E1));
#4862=CARTESIAN_POINT('',(9.053821413749E0,1.424819984265E1,-2.044805728519E1));
#4863=CARTESIAN_POINT('',(8.961952242227E0,9.450993695718E0,-2.021029333506E1));
#4864=CARTESIAN_POINT('',(8.870083070706E0,5.560794883782E0,-1.739318990854E1));
#4865=CARTESIAN_POINT('',(8.778213899185E0,3.838207518923E0,-1.290961864417E1));
#4866=CARTESIAN_POINT('',(8.686344727663E0,4.841429477661E0,-8.212463737883E0));
#4867=CARTESIAN_POINT('',(8.594475556142E0,8.245370503840E0,-4.823820351402E0));
#4868=CARTESIAN_POINT('',(8.502606384620E0,1.294699647094E1,-3.841765471269E0));
#4869=CARTESIAN_POINT('',(8.410737213099E0,1.742276338072E1,-5.584530241040E0));
#4870=CARTESIAN_POINT('',(8.318868041577E0,2.022231603184E1,-9.487378376561E0));
#4871=CARTESIAN_POINT('',(8.226998870056E0,2.043846996120E1,-1.428560678759E1));
#4872=CARTESIAN_POINT('',(8.135129698534E0,1.800118163386E1,-1.842436787646E1));
#4873=CARTESIAN_POINT('',(8.043260527013E0,1.370024384695E1,-2.056251169076E1));
#4874=CARTESIAN_POINT('',(7.951391355491E0,8.929363609669E0,-2.000718154418E1));
#4875=CARTESIAN_POINT('',(7.859522183970E0,5.234509716440E0,-1.693832753628E1));
#4876=CARTESIAN_POINT('',(7.767653012449E0,3.813048126657E0,-1.235040952723E1));
#4877=CARTESIAN_POINT('',(7.675783840927E0,5.125364338609E0,-7.730089780804E0));
#4878=CARTESIAN_POINT('',(7.583914669406E0,8.747079525662E0,-4.574696303106E0));
#4879=CARTESIAN_POINT('',(7.522668555058E0,1.191658344844E1,-4.129054428997E0));
#4880=CARTESIAN_POINT('',(7.492045497884E0,1.343535057396E1,-4.357128139384E0));
#4881=B_SPLINE_SURFACE_WITH_KNOTS('',3,3,((#4741,#4742,#4743,#4744,#4745,#4746,
#4747,#4748,#4749,#4750,#4751,#4752,#4753,#4754,#4755,#4756,#4757,#4758,#4759,
#4760,#4761,#4762,#4763,#4764,#4765,#4766,#4767,#4768,#4769,#4770,#4771,#4772,
#4773,#4774,#4775),(#4776,#4777,#4778,#4779,#4780,#4781,#4782,#4783,#4784,#4785,
#4786,#4787,#4788,#4789,#4790,#4791,#4792,#4793,#4794,#4795,#4796,#4797,#4798,
#4799,#4800,#4801,#4802,#4803,#4804,#4805,#4806,#4807,#4808,#4809,#4810),(#4811,
#4812,#4813,#4814,#4815,#4816,#4817,#4818,#4819,#4820,#4821,#4822,#4823,#4824,
#4825,#4826,#4827,#4828,#4829,#4830,#4831,#4832,#4833,#4834,#4835,#4836,#4837,
#4838,#4839,#4840,#4841,#4842,#4843,#4844,#4845),(#4846,#4847,#4848,#4849,#4850,
#4851,#4852,#4853,#4854,#4855,#4856,#4857,#4858,#4859,#4860,#4861,#4862,#4863,
#4864,#4865,#4866,#4867,#4868,#4869,#4870,#4871,#4872,#4873,#4874,#4875,#4876,
#4877,#4878,#4879,#4880)),.UNSPECIFIED.,.F.,.F.,.F.,(4,4),(4,1,1,1,1,1,1,1,1,1,
1,1,1,1,1,1,1,1,1,1,1,1,1,1,1,1,1,1,1,1,1,1,4),(-1.169739011083E-1,
1.116973901108E0),(-1.453172646694E-2,9.082329041838E-3,3.269638455062E-2,
5.631044005939E-2,7.992449556817E-2,1.035385510770E-1,1.271526065857E-1,
1.507666620945E-1,1.743807176033E-1,1.979947731121E-1,2.216088286208E-1,
2.452228841296E-1,2.688369396384E-1,2.924509951472E-1,3.160650506560E-1,
3.396791061647E-1,3.632931616735E-1,3.869072171823E-1,4.105212726911E-1,
4.341353281998E-1,4.577493837086E-1,4.813634392174E-1,5.049774947262E-1,
5.285915502350E-1,5.522056057437E-1,5.758196612525E-1,5.994337167613E-1,
6.230477722701E-1,6.466618277788E-1,6.702758832876E-1,6.938899387964E-1,
7.175039943052E-1,7.411180498140E-1),.UNSPECIFIED.);
#4883=ORIENTED_EDGE('',*,*,#4882,.F.);
#4885=ORIENTED_EDGE('',*,*,#4884,.F.);
#4887=ORIENTED_EDGE('',*,*,#4886,.T.);
#4888=ORIENTED_EDGE('',*,*,#4673,.T.);
#4889=EDGE_LOOP('',(#4883,#4885,#4887,#4888));
#4890=FACE_OUTER_BOUND('',#4889,.F.);
#4892=CARTESIAN_POINT('',(1.093055305361E1,1.583135558806E1,-6.098959332864E0));
#4893=CARTESIAN_POINT('',(1.089992999644E1,1.701497637638E1,-6.788049189593E0));
#4894=CARTESIAN_POINT('',(1.083868388209E1,1.897066007221E1,-8.867093418416E0));
#4895=CARTESIAN_POINT('',(1.074681471057E1,1.972838211862E1,-1.308320587296E1));
#4896=CARTESIAN_POINT('',(1.065494553905E1,1.806222680028E1,-1.702917228530E1));
#4897=CARTESIAN_POINT('',(1.056307636753E1,1.451278517038E1,-1.942671301676E1));
#4898=CARTESIAN_POINT('',(1.047120719601E1,1.023005813082E1,-1.949880808111E1));
#4899=CARTESIAN_POINT('',(1.037933802449E1,6.601895876249E0,-1.722212376099E1));
#4900=CARTESIAN_POINT('',(1.028746885296E1,4.803977492871E0,-1.333440332785E1));
#4901=CARTESIAN_POINT('',(1.019559968144E1,5.418915090839E0,-9.095449824606E0));
#4902=CARTESIAN_POINT('',(1.010373050992E1,8.247439544154E0,-5.878879446500E0));
#4903=CARTESIAN_POINT('',(1.001186133840E1,1.237297852561E1,-4.727009723129E0));
#4904=CARTESIAN_POINT('',(9.919992166878E0,1.645866676986E1,-6.013099613077E0));
#4905=CARTESIAN_POINT('',(9.828122995356E0,1.918055257671E1,-9.320396595128E0));
#4906=CARTESIAN_POINT('',(9.736253823835E0,1.965661920985E1,-1.357718367279E1));
#4907=CARTESIAN_POINT('',(9.644384652313E0,1.773259909085E1,-1.740406520306E1));
#4908=CARTESIAN_POINT('',(9.552515480792E0,1.403196361275E1,-1.956095479768E1));
#4909=CARTESIAN_POINT('',(9.460646309270E0,9.753889611223E0,-1.934892059643E1));
#4910=CARTESIAN_POINT('',(9.368777137749E0,6.284670676621E0,-1.683667147486E1));
#4911=CARTESIAN_POINT('',(9.276907966228E0,4.748493994767E0,-1.283829219480E1));
#4912=CARTESIAN_POINT('',(9.185038794706E0,5.643151770144E0,-8.649442337136E0));
#4913=CARTESIAN_POINT('',(9.093169623185E0,8.678733556878E0,-5.627502748105E0));
#4914=CARTESIAN_POINT('',(9.001300451663E0,1.287157063719E1,-4.751721444969E0));
#4915=CARTESIAN_POINT('',(8.909431280142E0,1.686299011494E1,-6.305892023423E0));
#4916=CARTESIAN_POINT('',(8.817562108620E0,1.935958772735E1,-9.786391428512E0));
#4917=CARTESIAN_POINT('',(8.725692937099E0,1.955235044739E1,-1.406537706930E1));
#4918=CARTESIAN_POINT('',(8.633823765577E0,1.737881453752E1,-1.775625998542E1));
#4919=CARTESIAN_POINT('',(8.541954594056E0,1.354330495866E1,-1.966302346052E1));
#4920=CARTESIAN_POINT('',(8.450085422534E0,9.288707994842E0,-1.916778865310E1));
#4921=CARTESIAN_POINT('',(8.358216251013E0,5.993694627493E0,-1.643103226958E1));
#4922=CARTESIAN_POINT('',(8.266347079492E0,4.726057239153E0,-1.233959818179E1));
#4923=CARTESIAN_POINT('',(8.174477907970E0,5.896360473198E0,-8.219268727417E0));
#4924=CARTESIAN_POINT('',(8.082608736449E0,9.126149877305E0,-5.405337787600E0));
#4925=CARTESIAN_POINT('',(8.021362622101E0,1.195266429309E1,-5.007921279485E0));
#4926=CARTESIAN_POINT('',(7.990739564927E0,1.330707724826E1,-5.211313875291E0));
#4927=CARTESIAN_POINT('',(1.076432169793E1,1.597621803545E1,-5.850135173723E0));
#4928=CARTESIAN_POINT('',(1.073369864076E1,1.720771516555E1,-6.567098063627E0));
#4929=CARTESIAN_POINT('',(1.067245252641E1,1.924250441779E1,-8.730237665782E0));
#4930=CARTESIAN_POINT('',(1.058058335489E1,2.003087560456E1,-1.311688788280E1));
#4931=CARTESIAN_POINT('',(1.048871418337E1,1.829732587892E1,-1.722246490563E1));
#4932=CARTESIAN_POINT('',(1.039684501185E1,1.460431269108E1,-1.971698389282E1));
#4933=CARTESIAN_POINT('',(1.030497584033E1,1.014835339205E1,-1.979199513436E1));
#4934=CARTESIAN_POINT('',(1.021310666880E1,6.373435404693E0,-1.742322108607E1));
#4935=CARTESIAN_POINT('',(1.012123749728E1,4.502792922628E0,-1.337824603723E1));
#4936=CARTESIAN_POINT('',(1.002936832576E1,5.142604165015E0,-8.967830872692E0));
#4937=CARTESIAN_POINT('',(9.937499154240E0,8.085539758113E0,-5.621153264040E0));
#4938=CARTESIAN_POINT('',(9.845629982718E0,1.237795289069E1,-4.422691499445E0));
#4939=CARTESIAN_POINT('',(9.753760811197E0,1.662890336144E1,-5.760802509451E0));
#4940=CARTESIAN_POINT('',(9.661891639675E0,1.946088687564E1,-9.201876527395E0));
#4941=CARTESIAN_POINT('',(9.570022468154E0,1.995620995397E1,-1.363084661758E1));
#4942=CARTESIAN_POINT('',(9.478153296632E0,1.795436504031E1,-1.761252188746E1));
#4943=CARTESIAN_POINT('',(9.386284125111E0,1.410404235605E1,-1.985665562685E1));
#4944=CARTESIAN_POINT('',(9.294414953589E0,9.652924306055E0,-1.963604484264E1));
#4945=CARTESIAN_POINT('',(9.202545782068E0,6.043378745675E0,-1.702217761942E1));
#4946=CARTESIAN_POINT('',(9.110676610547E0,4.445065169485E0,-1.286206767792E1));
#4947=CARTESIAN_POINT('',(9.018807439025E0,5.375911005983E0,-8.503782804052E0));
#4948=CARTESIAN_POINT('',(8.926938267504E0,8.534279205865E0,-5.359608615871E0));
#4949=CARTESIAN_POINT('',(8.835069095982E0,1.289671258177E1,-4.448402787069E0));
#4950=CARTESIAN_POINT('',(8.743199924461E0,1.704958120353E1,-6.065438095962E0));
#4951=CARTESIAN_POINT('',(8.651330752939E0,1.964716382885E1,-9.686720411195E0));
#4952=CARTESIAN_POINT('',(8.559461581418E0,1.984772361866E1,-1.413878697540E1));
#4953=CARTESIAN_POINT('',(8.467592409896E0,1.758627023630E1,-1.797896261577E1));
#4954=CARTESIAN_POINT('',(8.375723238375E0,1.359561792142E1,-1.996285287060E1));
#4955=CARTESIAN_POINT('',(8.283854066853E0,9.168926533117E0,-1.944758628346E1));
#4956=CARTESIAN_POINT('',(8.191984895332E0,5.740632990475E0,-1.660013069181E1));
#4957=CARTESIAN_POINT('',(8.100115723811E0,4.421720868321E0,-1.234320196360E1));
#4958=CARTESIAN_POINT('',(8.008246552289E0,5.639361761668E0,-8.056209078546E0));
#4959=CARTESIAN_POINT('',(7.916377380768E0,8.999793093424E0,-5.128457292769E0));
#4960=CARTESIAN_POINT('',(7.855131266420E0,1.194063734487E1,-4.714965662656E0));
#4961=CARTESIAN_POINT('',(7.824508209246E0,1.334983502350E1,-4.926585296655E0));
#4962=CARTESIAN_POINT('',(1.059809034225E1,1.612108048283E1,-5.601311014583E0));
#4963=CARTESIAN_POINT('',(1.056746728508E1,1.740045395471E1,-6.346146937661E0));
#4964=CARTESIAN_POINT('',(1.050622117073E1,1.951434876336E1,-8.593381913147E0));
#4965=CARTESIAN_POINT('',(1.041435199921E1,2.033336909049E1,-1.315056989264E1));
#4966=CARTESIAN_POINT('',(1.032248282769E1,1.853242495757E1,-1.741575752597E1));
#4967=CARTESIAN_POINT('',(1.023061365617E1,1.469584021177E1,-2.000725476888E1));
#4968=CARTESIAN_POINT('',(1.013874448464E1,1.006664865329E1,-2.008518218760E1));
#4969=CARTESIAN_POINT('',(1.004687531312E1,6.144974933137E0,-1.762431841116E1));
#4970=CARTESIAN_POINT('',(9.955006141602E0,4.201608352386E0,-1.342208874662E1));
#4971=CARTESIAN_POINT('',(9.863136970080E0,4.866293239190E0,-8.840211920778E0));
#4972=CARTESIAN_POINT('',(9.771267798559E0,7.923639972072E0,-5.363427081580E0));
#4973=CARTESIAN_POINT('',(9.679398627037E0,1.238292725578E1,-4.118373275761E0));
#4974=CARTESIAN_POINT('',(9.587529455516E0,1.679913995301E1,-5.508505405825E0));
#4975=CARTESIAN_POINT('',(9.495660283994E0,1.974122117457E1,-9.083356459663E0));
#4976=CARTESIAN_POINT('',(9.403791112473E0,2.025580069809E1,-1.368450956237E1));
#4977=CARTESIAN_POINT('',(9.311921940951E0,1.817613098977E1,-1.782097857186E1));
#4978=CARTESIAN_POINT('',(9.220052769430E0,1.417612109935E1,-2.015235645602E1));
#4979=CARTESIAN_POINT('',(9.128183597908E0,9.551959000886E0,-1.992316908885E1));
#4980=CARTESIAN_POINT('',(9.036314426387E0,5.802086814728E0,-1.720768376398E1));
#4981=CARTESIAN_POINT('',(8.944445254866E0,4.141636344204E0,-1.288584316105E1));
#4982=CARTESIAN_POINT('',(8.852576083344E0,5.108670241822E0,-8.358123270967E0));
#4983=CARTESIAN_POINT('',(8.760706911823E0,8.389824854852E0,-5.091714483637E0));
#4984=CARTESIAN_POINT('',(8.668837740301E0,1.292185452636E1,-4.145084129169E0));
#4985=CARTESIAN_POINT('',(8.576968568780E0,1.723617229213E1,-5.824984168501E0));
#4986=CARTESIAN_POINT('',(8.485099397258E0,1.993473993034E1,-9.587049393878E0));
#4987=CARTESIAN_POINT('',(8.393230225737E0,2.014309678993E1,-1.421219688149E1));
#4988=CARTESIAN_POINT('',(8.301361054215E0,1.779372593508E1,-1.820166524611E1));
#4989=CARTESIAN_POINT('',(8.209491882694E0,1.364793088419E1,-2.026268228068E1));
#4990=CARTESIAN_POINT('',(8.117622711172E0,9.049145071393E0,-1.972738391382E1));
#4991=CARTESIAN_POINT('',(8.025753539651E0,5.487571353458E0,-1.676922911405E1));
#4992=CARTESIAN_POINT('',(7.933884368130E0,4.117384497489E0,-1.234680574541E1));
#4993=CARTESIAN_POINT('',(7.842015196608E0,5.382363050138E0,-7.893149429675E0));
#4994=CARTESIAN_POINT('',(7.750146025087E0,8.873436309543E0,-4.851576797937E0));
#4995=CARTESIAN_POINT('',(7.688899910739E0,1.192861039665E1,-4.422010045826E0));
#4996=CARTESIAN_POINT('',(7.658276853565E0,1.339259279873E1,-4.641856718019E0));
#4997=CARTESIAN_POINT('',(1.043185898657E1,1.626594293022E1,-5.352486855442E0));
#4998=CARTESIAN_POINT('',(1.040123592940E1,1.759319274388E1,-6.125195811695E0));
#4999=CARTESIAN_POINT('',(1.033998981505E1,1.978619310894E1,-8.456526160512E0));
#5000=CARTESIAN_POINT('',(1.024812064353E1,2.063586257642E1,-1.318425190248E1));
#5001=CARTESIAN_POINT('',(1.015625147201E1,1.876752403621E1,-1.760905014630E1));
#5002=CARTESIAN_POINT('',(1.006438230048E1,1.478736773246E1,-2.029752564494E1));
#5003=CARTESIAN_POINT('',(9.972513128963E0,9.984943914522E0,-2.037836924085E1));
#5004=CARTESIAN_POINT('',(9.880643957442E0,5.916514461581E0,-1.782541573625E1));
#5005=CARTESIAN_POINT('',(9.788774785921E0,3.900423782144E0,-1.346593145601E1));
#5006=CARTESIAN_POINT('',(9.696905614399E0,4.589982313366E0,-8.712592968864E0));
#5007=CARTESIAN_POINT('',(9.605036442878E0,7.761740186031E0,-5.105700899121E0));
#5008=CARTESIAN_POINT('',(9.513167271356E0,1.238790162086E1,-3.814055052078E0));
#5009=CARTESIAN_POINT('',(9.421298099835E0,1.696937654458E1,-5.256208302199E0));
#5010=CARTESIAN_POINT('',(9.329428928313E0,2.002155547350E1,-8.964836391931E0));
#5011=CARTESIAN_POINT('',(9.237559756792E0,2.055539144221E1,-1.373817250716E1));
#5012=CARTESIAN_POINT('',(9.145690585270E0,1.839789693923E1,-1.802943525625E1));
#5013=CARTESIAN_POINT('',(9.053821413749E0,1.424819984265E1,-2.044805728519E1));
#5014=CARTESIAN_POINT('',(8.961952242227E0,9.450993695718E0,-2.021029333506E1));
#5015=CARTESIAN_POINT('',(8.870083070706E0,5.560794883782E0,-1.739318990854E1));
#5016=CARTESIAN_POINT('',(8.778213899185E0,3.838207518923E0,-1.290961864417E1));
#5017=CARTESIAN_POINT('',(8.686344727663E0,4.841429477661E0,-8.212463737883E0));
#5018=CARTESIAN_POINT('',(8.594475556142E0,8.245370503840E0,-4.823820351402E0));
#5019=CARTESIAN_POINT('',(8.502606384620E0,1.294699647094E1,-3.841765471269E0));
#5020=CARTESIAN_POINT('',(8.410737213099E0,1.742276338072E1,-5.584530241040E0));
#5021=CARTESIAN_POINT('',(8.318868041577E0,2.022231603184E1,-9.487378376561E0));
#5022=CARTESIAN_POINT('',(8.226998870056E0,2.043846996120E1,-1.428560678759E1));
#5023=CARTESIAN_POINT('',(8.135129698534E0,1.800118163386E1,-1.842436787646E1));
#5024=CARTESIAN_POINT('',(8.043260527013E0,1.370024384695E1,-2.056251169076E1));
#5025=CARTESIAN_POINT('',(7.951391355491E0,8.929363609669E0,-2.000718154418E1));
#5026=CARTESIAN_POINT('',(7.859522183970E0,5.234509716440E0,-1.693832753628E1));
#5027=CARTESIAN_POINT('',(7.767653012449E0,3.813048126657E0,-1.235040952723E1));
#5028=CARTESIAN_POINT('',(7.675783840927E0,5.125364338609E0,-7.730089780804E0));
#5029=CARTESIAN_POINT('',(7.583914669406E0,8.747079525662E0,-4.574696303106E0));
#5030=CARTESIAN_POINT('',(7.522668555058E0,1.191658344844E1,-4.129054428997E0));
#5031=CARTESIAN_POINT('',(7.492045497884E0,1.343535057396E1,-4.357128139384E0));
#5032=B_SPLINE_SURFACE_WITH_KNOTS('',3,3,((#4892,#4893,#4894,#4895,#4896,#4897,
#4898,#4899,#4900,#4901,#4902,#4903,#4904,#4905,#4906,#4907,#4908,#4909,#4910,
#4911,#4912,#4913,#4914,#4915,#4916,#4917,#4918,#4919,#4920,#4921,#4922,#4923,
#4924,#4925,#4926),(#4927,#4928,#4929,#4930,#4931,#4932,#4933,#4934,#4935,#4936,
#4937,#4938,#4939,#4940,#4941,#4942,#4943,#4944,#4945,#4946,#4947,#4948,#4949,
#4950,#4951,#4952,#4953,#4954,#4955,#4956,#4957,#4958,#4959,#4960,#4961),(#4962,
#4963,#4964,#4965,#4966,#4967,#4968,#4969,#4970,#4971,#4972,#4973,#4974,#4975,
#4976,#4977,#4978,#4979,#4980,#4981,#4982,#4983,#4984,#4985,#4986,#4987,#4988,
#4989,#4990,#4991,#4992,#4993,#4994,#4995,#4996),(#4997,#4998,#4999,#5000,#5001,
#5002,#5003,#5004,#5005,#5006,#5007,#5008,#5009,#5010,#5011,#5012,#5013,#5014,
#5015,#5016,#5017,#5018,#5019,#5020,#5021,#5022,#5023,#5024,#5025,#5026,#5027,
#5028,#5029,#5030,#5031)),.UNSPECIFIED.,.F.,.F.,.F.,(4,4),(4,1,1,1,1,1,1,1,1,1,
1,1,1,1,1,1,1,1,1,1,1,1,1,1,1,1,1,1,1,1,1,1,4),(-1.169739011083E-1,
1.116973901108E0),(-1.453172646694E-2,9.082329041838E-3,3.269638455062E-2,
5.631044005939E-2,7.992449556817E-2,1.035385510770E-1,1.271526065857E-1,
1.507666620945E-1,1.743807176033E-1,1.979947731121E-1,2.216088286208E-1,
2.452228841296E-1,2.688369396384E-1,2.924509951472E-1,3.160650506560E-1,
3.396791061647E-1,3.632931616735E-1,3.869072171823E-1,4.105212726911E-1,
4.341353281998E-1,4.577493837086E-1,4.813634392174E-1,5.049774947262E-1,
5.285915502350E-1,5.522056057437E-1,5.758196612525E-1,5.994337167613E-1,
6.230477722701E-1,6.466618277788E-1,6.702758832876E-1,6.938899387964E-1,
7.175039943052E-1,7.411180498140E-1),.UNSPECIFIED.);
#5034=ORIENTED_EDGE('',*,*,#5033,.F.);
#5035=ORIENTED_EDGE('',*,*,#4633,.F.);
#5037=ORIENTED_EDGE('',*,*,#5036,.F.);
#5039=ORIENTED_EDGE('',*,*,#5038,.F.);
#5040=EDGE_LOOP('',(#5034,#5035,#5037,#5039));
#5041=FACE_OUTER_BOUND('',#5040,.F.);
#5043=CARTESIAN_POINT('',(1.093055305361E1,1.583135558806E1,-6.098959332864E0));
#5044=CARTESIAN_POINT('',(1.089992999644E1,1.701497637638E1,-6.788049189593E0));
#5045=CARTESIAN_POINT('',(1.083868388209E1,1.897066007221E1,-8.867093418416E0));
#5046=CARTESIAN_POINT('',(1.074681471057E1,1.972838211862E1,-1.308320587296E1));
#5047=CARTESIAN_POINT('',(1.065494553905E1,1.806222680028E1,-1.702917228530E1));
#5048=CARTESIAN_POINT('',(1.056307636753E1,1.451278517038E1,-1.942671301676E1));
#5049=CARTESIAN_POINT('',(1.047120719601E1,1.023005813082E1,-1.949880808111E1));
#5050=CARTESIAN_POINT('',(1.037933802449E1,6.601895876249E0,-1.722212376099E1));
#5051=CARTESIAN_POINT('',(1.028746885296E1,4.803977492871E0,-1.333440332785E1));
#5052=CARTESIAN_POINT('',(1.019559968144E1,5.418915090839E0,-9.095449824606E0));
#5053=CARTESIAN_POINT('',(1.010373050992E1,8.247439544154E0,-5.878879446500E0));
#5054=CARTESIAN_POINT('',(1.001186133840E1,1.237297852561E1,-4.727009723129E0));
#5055=CARTESIAN_POINT('',(9.919992166878E0,1.645866676986E1,-6.013099613077E0));
#5056=CARTESIAN_POINT('',(9.828122995356E0,1.918055257671E1,-9.320396595128E0));
#5057=CARTESIAN_POINT('',(9.736253823835E0,1.965661920985E1,-1.357718367279E1));
#5058=CARTESIAN_POINT('',(9.644384652313E0,1.773259909085E1,-1.740406520306E1));
#5059=CARTESIAN_POINT('',(9.552515480792E0,1.403196361275E1,-1.956095479768E1));
#5060=CARTESIAN_POINT('',(9.460646309270E0,9.753889611223E0,-1.934892059643E1));
#5061=CARTESIAN_POINT('',(9.368777137749E0,6.284670676621E0,-1.683667147486E1));
#5062=CARTESIAN_POINT('',(9.276907966228E0,4.748493994767E0,-1.283829219480E1));
#5063=CARTESIAN_POINT('',(9.185038794706E0,5.643151770144E0,-8.649442337136E0));
#5064=CARTESIAN_POINT('',(9.093169623185E0,8.678733556878E0,-5.627502748105E0));
#5065=CARTESIAN_POINT('',(9.001300451663E0,1.287157063719E1,-4.751721444969E0));
#5066=CARTESIAN_POINT('',(8.909431280142E0,1.686299011494E1,-6.305892023423E0));
#5067=CARTESIAN_POINT('',(8.817562108620E0,1.935958772735E1,-9.786391428512E0));
#5068=CARTESIAN_POINT('',(8.725692937099E0,1.955235044739E1,-1.406537706930E1));
#5069=CARTESIAN_POINT('',(8.633823765577E0,1.737881453752E1,-1.775625998542E1));
#5070=CARTESIAN_POINT('',(8.541954594056E0,1.354330495866E1,-1.966302346052E1));
#5071=CARTESIAN_POINT('',(8.450085422534E0,9.288707994842E0,-1.916778865310E1));
#5072=CARTESIAN_POINT('',(8.358216251013E0,5.993694627493E0,-1.643103226958E1));
#5073=CARTESIAN_POINT('',(8.266347079492E0,4.726057239153E0,-1.233959818179E1));
#5074=CARTESIAN_POINT('',(8.174477907970E0,5.896360473198E0,-8.219268727417E0));
#5075=CARTESIAN_POINT('',(8.082608736449E0,9.126149877305E0,-5.405337787600E0));
#5076=CARTESIAN_POINT('',(8.021362622101E0,1.195266429309E1,-5.007921279485E0));
#5077=CARTESIAN_POINT('',(7.990739564927E0,1.330707724826E1,-5.211313875291E0));
#5078=CARTESIAN_POINT('',(1.076432169793E1,1.597621803545E1,-5.850135173723E0));
#5079=CARTESIAN_POINT('',(1.073369864076E1,1.720771516555E1,-6.567098063627E0));
#5080=CARTESIAN_POINT('',(1.067245252641E1,1.924250441779E1,-8.730237665782E0));
#5081=CARTESIAN_POINT('',(1.058058335489E1,2.003087560456E1,-1.311688788280E1));
#5082=CARTESIAN_POINT('',(1.048871418337E1,1.829732587892E1,-1.722246490563E1));
#5083=CARTESIAN_POINT('',(1.039684501185E1,1.460431269108E1,-1.971698389282E1));
#5084=CARTESIAN_POINT('',(1.030497584033E1,1.014835339205E1,-1.979199513436E1));
#5085=CARTESIAN_POINT('',(1.021310666880E1,6.373435404693E0,-1.742322108607E1));
#5086=CARTESIAN_POINT('',(1.012123749728E1,4.502792922628E0,-1.337824603723E1));
#5087=CARTESIAN_POINT('',(1.002936832576E1,5.142604165015E0,-8.967830872692E0));
#5088=CARTESIAN_POINT('',(9.937499154240E0,8.085539758113E0,-5.621153264040E0));
#5089=CARTESIAN_POINT('',(9.845629982718E0,1.237795289069E1,-4.422691499445E0));
#5090=CARTESIAN_POINT('',(9.753760811197E0,1.662890336144E1,-5.760802509451E0));
#5091=CARTESIAN_POINT('',(9.661891639675E0,1.946088687564E1,-9.201876527395E0));
#5092=CARTESIAN_POINT('',(9.570022468154E0,1.995620995397E1,-1.363084661758E1));
#5093=CARTESIAN_POINT('',(9.478153296632E0,1.795436504031E1,-1.761252188746E1));
#5094=CARTESIAN_POINT('',(9.386284125111E0,1.410404235605E1,-1.985665562685E1));
#5095=CARTESIAN_POINT('',(9.294414953589E0,9.652924306055E0,-1.963604484264E1));
#5096=CARTESIAN_POINT('',(9.202545782068E0,6.043378745675E0,-1.702217761942E1));
#5097=CARTESIAN_POINT('',(9.110676610547E0,4.445065169485E0,-1.286206767792E1));
#5098=CARTESIAN_POINT('',(9.018807439025E0,5.375911005983E0,-8.503782804052E0));
#5099=CARTESIAN_POINT('',(8.926938267504E0,8.534279205865E0,-5.359608615871E0));
#5100=CARTESIAN_POINT('',(8.835069095982E0,1.289671258177E1,-4.448402787069E0));
#5101=CARTESIAN_POINT('',(8.743199924461E0,1.704958120353E1,-6.065438095962E0));
#5102=CARTESIAN_POINT('',(8.651330752939E0,1.964716382885E1,-9.686720411195E0));
#5103=CARTESIAN_POINT('',(8.559461581418E0,1.984772361866E1,-1.413878697540E1));
#5104=CARTESIAN_POINT('',(8.467592409896E0,1.758627023630E1,-1.797896261577E1));
#5105=CARTESIAN_POINT('',(8.375723238375E0,1.359561792142E1,-1.996285287060E1));
#5106=CARTESIAN_POINT('',(8.283854066853E0,9.168926533117E0,-1.944758628346E1));
#5107=CARTESIAN_POINT('',(8.191984895332E0,5.740632990475E0,-1.660013069181E1));
#5108=CARTESIAN_POINT('',(8.100115723811E0,4.421720868321E0,-1.234320196360E1));
#5109=CARTESIAN_POINT('',(8.008246552289E0,5.639361761668E0,-8.056209078546E0));
#5110=CARTESIAN_POINT('',(7.916377380768E0,8.999793093424E0,-5.128457292769E0));
#5111=CARTESIAN_POINT('',(7.855131266420E0,1.194063734487E1,-4.714965662656E0));
#5112=CARTESIAN_POINT('',(7.824508209246E0,1.334983502350E1,-4.926585296655E0));
#5113=CARTESIAN_POINT('',(1.059809034225E1,1.612108048283E1,-5.601311014583E0));
#5114=CARTESIAN_POINT('',(1.056746728508E1,1.740045395471E1,-6.346146937661E0));
#5115=CARTESIAN_POINT('',(1.050622117073E1,1.951434876336E1,-8.593381913147E0));
#5116=CARTESIAN_POINT('',(1.041435199921E1,2.033336909049E1,-1.315056989264E1));
#5117=CARTESIAN_POINT('',(1.032248282769E1,1.853242495757E1,-1.741575752597E1));
#5118=CARTESIAN_POINT('',(1.023061365617E1,1.469584021177E1,-2.000725476888E1));
#5119=CARTESIAN_POINT('',(1.013874448464E1,1.006664865329E1,-2.008518218760E1));
#5120=CARTESIAN_POINT('',(1.004687531312E1,6.144974933137E0,-1.762431841116E1));
#5121=CARTESIAN_POINT('',(9.955006141602E0,4.201608352386E0,-1.342208874662E1));
#5122=CARTESIAN_POINT('',(9.863136970080E0,4.866293239190E0,-8.840211920778E0));
#5123=CARTESIAN_POINT('',(9.771267798559E0,7.923639972072E0,-5.363427081580E0));
#5124=CARTESIAN_POINT('',(9.679398627037E0,1.238292725578E1,-4.118373275761E0));
#5125=CARTESIAN_POINT('',(9.587529455516E0,1.679913995301E1,-5.508505405825E0));
#5126=CARTESIAN_POINT('',(9.495660283994E0,1.974122117457E1,-9.083356459663E0));
#5127=CARTESIAN_POINT('',(9.403791112473E0,2.025580069809E1,-1.368450956237E1));
#5128=CARTESIAN_POINT('',(9.311921940951E0,1.817613098977E1,-1.782097857186E1));
#5129=CARTESIAN_POINT('',(9.220052769430E0,1.417612109935E1,-2.015235645602E1));
#5130=CARTESIAN_POINT('',(9.128183597908E0,9.551959000886E0,-1.992316908885E1));
#5131=CARTESIAN_POINT('',(9.036314426387E0,5.802086814728E0,-1.720768376398E1));
#5132=CARTESIAN_POINT('',(8.944445254866E0,4.141636344204E0,-1.288584316105E1));
#5133=CARTESIAN_POINT('',(8.852576083344E0,5.108670241822E0,-8.358123270967E0));
#5134=CARTESIAN_POINT('',(8.760706911823E0,8.389824854852E0,-5.091714483637E0));
#5135=CARTESIAN_POINT('',(8.668837740301E0,1.292185452636E1,-4.145084129169E0));
#5136=CARTESIAN_POINT('',(8.576968568780E0,1.723617229213E1,-5.824984168501E0));
#5137=CARTESIAN_POINT('',(8.485099397258E0,1.993473993034E1,-9.587049393878E0));
#5138=CARTESIAN_POINT('',(8.393230225737E0,2.014309678993E1,-1.421219688149E1));
#5139=CARTESIAN_POINT('',(8.301361054215E0,1.779372593508E1,-1.820166524611E1));
#5140=CARTESIAN_POINT('',(8.209491882694E0,1.364793088419E1,-2.026268228068E1));
#5141=CARTESIAN_POINT('',(8.117622711172E0,9.049145071393E0,-1.972738391382E1));
#5142=CARTESIAN_POINT('',(8.025753539651E0,5.487571353458E0,-1.676922911405E1));
#5143=CARTESIAN_POINT('',(7.933884368130E0,4.117384497489E0,-1.234680574541E1));
#5144=CARTESIAN_POINT('',(7.842015196608E0,5.382363050138E0,-7.893149429675E0));
#5145=CARTESIAN_POINT('',(7.750146025087E0,8.873436309543E0,-4.851576797937E0));
#5146=CARTESIAN_POINT('',(7.688899910739E0,1.192861039665E1,-4.422010045826E0));
#5147=CARTESIAN_POINT('',(7.658276853565E0,1.339259279873E1,-4.641856718019E0));
#5148=CARTESIAN_POINT('',(1.043185898657E1,1.626594293022E1,-5.352486855442E0));
#5149=CARTESIAN_POINT('',(1.040123592940E1,1.759319274388E1,-6.125195811695E0));
#5150=CARTESIAN_POINT('',(1.033998981505E1,1.978619310894E1,-8.456526160512E0));
#5151=CARTESIAN_POINT('',(1.024812064353E1,2.063586257642E1,-1.318425190248E1));
#5152=CARTESIAN_POINT('',(1.015625147201E1,1.876752403621E1,-1.760905014630E1));
#5153=CARTESIAN_POINT('',(1.006438230048E1,1.478736773246E1,-2.029752564494E1));
#5154=CARTESIAN_POINT('',(9.972513128963E0,9.984943914522E0,-2.037836924085E1));
#5155=CARTESIAN_POINT('',(9.880643957442E0,5.916514461581E0,-1.782541573625E1));
#5156=CARTESIAN_POINT('',(9.788774785921E0,3.900423782144E0,-1.346593145601E1));
#5157=CARTESIAN_POINT('',(9.696905614399E0,4.589982313366E0,-8.712592968864E0));
#5158=CARTESIAN_POINT('',(9.605036442878E0,7.761740186031E0,-5.105700899121E0));
#5159=CARTESIAN_POINT('',(9.513167271356E0,1.238790162086E1,-3.814055052078E0));
#5160=CARTESIAN_POINT('',(9.421298099835E0,1.696937654458E1,-5.256208302199E0));
#5161=CARTESIAN_POINT('',(9.329428928313E0,2.002155547350E1,-8.964836391931E0));
#5162=CARTESIAN_POINT('',(9.237559756792E0,2.055539144221E1,-1.373817250716E1));
#5163=CARTESIAN_POINT('',(9.145690585270E0,1.839789693923E1,-1.802943525625E1));
#5164=CARTESIAN_POINT('',(9.053821413749E0,1.424819984265E1,-2.044805728519E1));
#5165=CARTESIAN_POINT('',(8.961952242227E0,9.450993695718E0,-2.021029333506E1));
#5166=CARTESIAN_POINT('',(8.870083070706E0,5.560794883782E0,-1.739318990854E1));
#5167=CARTESIAN_POINT('',(8.778213899185E0,3.838207518923E0,-1.290961864417E1));
#5168=CARTESIAN_POINT('',(8.686344727663E0,4.841429477661E0,-8.212463737883E0));
#5169=CARTESIAN_POINT('',(8.594475556142E0,8.245370503840E0,-4.823820351402E0));
#5170=CARTESIAN_POINT('',(8.502606384620E0,1.294699647094E1,-3.841765471269E0));
#5171=CARTESIAN_POINT('',(8.410737213099E0,1.742276338072E1,-5.584530241040E0));
#5172=CARTESIAN_POINT('',(8.318868041577E0,2.022231603184E1,-9.487378376561E0));
#5173=CARTESIAN_POINT('',(8.226998870056E0,2.043846996120E1,-1.428560678759E1));
#5174=CARTESIAN_POINT('',(8.135129698534E0,1.800118163386E1,-1.842436787646E1));
#5175=CARTESIAN_POINT('',(8.043260527013E0,1.370024384695E1,-2.056251169076E1));
#5176=CARTESIAN_POINT('',(7.951391355491E0,8.929363609669E0,-2.000718154418E1));
#5177=CARTESIAN_POINT('',(7.859522183970E0,5.234509716440E0,-1.693832753628E1));
#5178=CARTESIAN_POINT('',(7.767653012449E0,3.813048126657E0,-1.235040952723E1));
#5179=CARTESIAN_POINT('',(7.675783840927E0,5.125364338609E0,-7.730089780804E0));
#5180=CARTESIAN_POINT('',(7.583914669406E0,8.747079525662E0,-4.574696303106E0));
#5181=CARTESIAN_POINT('',(7.522668555058E0,1.191658344844E1,-4.129054428997E0));
#5182=CARTESIAN_POINT('',(7.492045497884E0,1.343535057396E1,-4.357128139384E0));
#5183=B_SPLINE_SURFACE_WITH_KNOTS('',3,3,((#5043,#5044,#5045,#5046,#5047,#5048,
#5049,#5050,#5051,#5052,#5053,#5054,#5055,#5056,#5057,#5058,#5059,#5060,#5061,
#5062,#5063,#5064,#5065,#5066,#5067,#5068,#5069,#5070,#5071,#5072,#5073,#5074,
#5075,#5076,#5077),(#5078,#5079,#5080,#5081,#5082,#5083,#5084,#5085,#5086,#5087,
#5088,#5089,#5090,#5091,#5092,#5093,#5094,#5095,#5096,#5097,#5098,#5099,#5100,
#5101,#5102,#5103,#5104,#5105,#5106,#5107,#5108,#5109,#5110,#5111,#5112),(#5113,
#5114,#5115,#5116,#5117,#5118,#5119,#5120,#5121,#5122,#5123,#5124,#5125,#5126,
#5127,#5128,#5129,#5130,#5131,#5132,#5133,#5134,#5135,#5136,#5137,#5138,#5139,
#5140,#5141,#5142,#5143,#5144,#5145,#5146,#5147),(#5148,#5149,#5150,#5151,#5152,
#5153,#5154,#5155,#5156,#5157,#5158,#5159,#5160,#5161,#5162,#5163,#5164,#5165,
#5166,#5167,#5168,#5169,#5170,#5171,#5172,#5173,#5174,#5175,#5176,#5177,#5178,
#5179,#5180,#5181,#5182)),.UNSPECIFIED.,.F.,.F.,.F.,(4,4),(4,1,1,1,1,1,1,1,1,1,
1,1,1,1,1,1,1,1,1,1,1,1,1,1,1,1,1,1,1,1,1,1,4),(-1.169739011083E-1,
1.116973901108E0),(-1.453172646694E-2,9.082329041838E-3,3.269638455062E-2,
5.631044005939E-2,7.992449556817E-2,1.035385510770E-1,1.271526065857E-1,
1.507666620945E-1,1.743807176033E-1,1.979947731121E-1,2.216088286208E-1,
2.452228841296E-1,2.688369396384E-1,2.924509951472E-1,3.160650506560E-1,
3.396791061647E-1,3.632931616735E-1,3.869072171823E-1,4.105212726911E-1,
4.341353281998E-1,4.577493837086E-1,4.813634392174E-1,5.049774947262E-1,
5.285915502350E-1,5.522056057437E-1,5.758196612525E-1,5.994337167613E-1,
6.230477722701E-1,6.466618277788E-1,6.702758832876E-1,6.938899387964E-1,
7.175039943052E-1,7.411180498140E-1),.UNSPECIFIED.);
#5185=ORIENTED_EDGE('',*,*,#5184,.F.);
#5186=ORIENTED_EDGE('',*,*,#4649,.F.);
#5188=ORIENTED_EDGE('',*,*,#5187,.F.);
#5190=ORIENTED_EDGE('',*,*,#5189,.F.);
#5191=EDGE_LOOP('',(#5185,#5186,#5188,#5190));
#5192=FACE_OUTER_BOUND('',#5191,.F.);
#5194=CARTESIAN_POINT('',(1.093055305361E1,1.583135558806E1,-6.098959332864E0));
#5195=CARTESIAN_POINT('',(1.089992999644E1,1.701497637638E1,-6.788049189593E0));
#5196=CARTESIAN_POINT('',(1.083868388209E1,1.897066007221E1,-8.867093418416E0));
#5197=CARTESIAN_POINT('',(1.074681471057E1,1.972838211862E1,-1.308320587296E1));
#5198=CARTESIAN_POINT('',(1.065494553905E1,1.806222680028E1,-1.702917228530E1));
#5199=CARTESIAN_POINT('',(1.056307636753E1,1.451278517038E1,-1.942671301676E1));
#5200=CARTESIAN_POINT('',(1.047120719601E1,1.023005813082E1,-1.949880808111E1));
#5201=CARTESIAN_POINT('',(1.037933802449E1,6.601895876249E0,-1.722212376099E1));
#5202=CARTESIAN_POINT('',(1.028746885296E1,4.803977492871E0,-1.333440332785E1));
#5203=CARTESIAN_POINT('',(1.019559968144E1,5.418915090839E0,-9.095449824606E0));
#5204=CARTESIAN_POINT('',(1.010373050992E1,8.247439544154E0,-5.878879446500E0));
#5205=CARTESIAN_POINT('',(1.001186133840E1,1.237297852561E1,-4.727009723129E0));
#5206=CARTESIAN_POINT('',(9.919992166878E0,1.645866676986E1,-6.013099613077E0));
#5207=CARTESIAN_POINT('',(9.828122995356E0,1.918055257671E1,-9.320396595128E0));
#5208=CARTESIAN_POINT('',(9.736253823835E0,1.965661920985E1,-1.357718367279E1));
#5209=CARTESIAN_POINT('',(9.644384652313E0,1.773259909085E1,-1.740406520306E1));
#5210=CARTESIAN_POINT('',(9.552515480792E0,1.403196361275E1,-1.956095479768E1));
#5211=CARTESIAN_POINT('',(9.460646309270E0,9.753889611223E0,-1.934892059643E1));
#5212=CARTESIAN_POINT('',(9.368777137749E0,6.284670676621E0,-1.683667147486E1));
#5213=CARTESIAN_POINT('',(9.276907966228E0,4.748493994767E0,-1.283829219480E1));
#5214=CARTESIAN_POINT('',(9.185038794706E0,5.643151770144E0,-8.649442337136E0));
#5215=CARTESIAN_POINT('',(9.093169623185E0,8.678733556878E0,-5.627502748105E0));
#5216=CARTESIAN_POINT('',(9.001300451663E0,1.287157063719E1,-4.751721444969E0));
#5217=CARTESIAN_POINT('',(8.909431280142E0,1.686299011494E1,-6.305892023423E0));
#5218=CARTESIAN_POINT('',(8.817562108620E0,1.935958772735E1,-9.786391428512E0));
#5219=CARTESIAN_POINT('',(8.725692937099E0,1.955235044739E1,-1.406537706930E1));
#5220=CARTESIAN_POINT('',(8.633823765577E0,1.737881453752E1,-1.775625998542E1));
#5221=CARTESIAN_POINT('',(8.541954594056E0,1.354330495866E1,-1.966302346052E1));
#5222=CARTESIAN_POINT('',(8.450085422534E0,9.288707994842E0,-1.916778865310E1));
#5223=CARTESIAN_POINT('',(8.358216251013E0,5.993694627493E0,-1.643103226958E1));
#5224=CARTESIAN_POINT('',(8.266347079492E0,4.726057239153E0,-1.233959818179E1));
#5225=CARTESIAN_POINT('',(8.174477907970E0,5.896360473198E0,-8.219268727417E0));
#5226=CARTESIAN_POINT('',(8.082608736449E0,9.126149877305E0,-5.405337787600E0));
#5227=CARTESIAN_POINT('',(8.021362622101E0,1.195266429309E1,-5.007921279485E0));
#5228=CARTESIAN_POINT('',(7.990739564927E0,1.330707724826E1,-5.211313875291E0));
#5229=CARTESIAN_POINT('',(1.076432169793E1,1.597621803545E1,-5.850135173723E0));
#5230=CARTESIAN_POINT('',(1.073369864076E1,1.720771516555E1,-6.567098063627E0));
#5231=CARTESIAN_POINT('',(1.067245252641E1,1.924250441779E1,-8.730237665782E0));
#5232=CARTESIAN_POINT('',(1.058058335489E1,2.003087560456E1,-1.311688788280E1));
#5233=CARTESIAN_POINT('',(1.048871418337E1,1.829732587892E1,-1.722246490563E1));
#5234=CARTESIAN_POINT('',(1.039684501185E1,1.460431269108E1,-1.971698389282E1));
#5235=CARTESIAN_POINT('',(1.030497584033E1,1.014835339205E1,-1.979199513436E1));
#5236=CARTESIAN_POINT('',(1.021310666880E1,6.373435404693E0,-1.742322108607E1));
#5237=CARTESIAN_POINT('',(1.012123749728E1,4.502792922628E0,-1.337824603723E1));
#5238=CARTESIAN_POINT('',(1.002936832576E1,5.142604165015E0,-8.967830872692E0));
#5239=CARTESIAN_POINT('',(9.937499154240E0,8.085539758113E0,-5.621153264040E0));
#5240=CARTESIAN_POINT('',(9.845629982718E0,1.237795289069E1,-4.422691499445E0));
#5241=CARTESIAN_POINT('',(9.753760811197E0,1.662890336144E1,-5.760802509451E0));
#5242=CARTESIAN_POINT('',(9.661891639675E0,1.946088687564E1,-9.201876527395E0));
#5243=CARTESIAN_POINT('',(9.570022468154E0,1.995620995397E1,-1.363084661758E1));
#5244=CARTESIAN_POINT('',(9.478153296632E0,1.795436504031E1,-1.761252188746E1));
#5245=CARTESIAN_POINT('',(9.386284125111E0,1.410404235605E1,-1.985665562685E1));
#5246=CARTESIAN_POINT('',(9.294414953589E0,9.652924306055E0,-1.963604484264E1));
#5247=CARTESIAN_POINT('',(9.202545782068E0,6.043378745675E0,-1.702217761942E1));
#5248=CARTESIAN_POINT('',(9.110676610547E0,4.445065169485E0,-1.286206767792E1));
#5249=CARTESIAN_POINT('',(9.018807439025E0,5.375911005983E0,-8.503782804052E0));
#5250=CARTESIAN_POINT('',(8.926938267504E0,8.534279205865E0,-5.359608615871E0));
#5251=CARTESIAN_POINT('',(8.835069095982E0,1.289671258177E1,-4.448402787069E0));
#5252=CARTESIAN_POINT('',(8.743199924461E0,1.704958120353E1,-6.065438095962E0));
#5253=CARTESIAN_POINT('',(8.651330752939E0,1.964716382885E1,-9.686720411195E0));
#5254=CARTESIAN_POINT('',(8.559461581418E0,1.984772361866E1,-1.413878697540E1));
#5255=CARTESIAN_POINT('',(8.467592409896E0,1.758627023630E1,-1.797896261577E1));
#5256=CARTESIAN_POINT('',(8.375723238375E0,1.359561792142E1,-1.996285287060E1));
#5257=CARTESIAN_POINT('',(8.283854066853E0,9.168926533117E0,-1.944758628346E1));
#5258=CARTESIAN_POINT('',(8.191984895332E0,5.740632990475E0,-1.660013069181E1));
#5259=CARTESIAN_POINT('',(8.100115723811E0,4.421720868321E0,-1.234320196360E1));
#5260=CARTESIAN_POINT('',(8.008246552289E0,5.639361761668E0,-8.056209078546E0));
#5261=CARTESIAN_POINT('',(7.916377380768E0,8.999793093424E0,-5.128457292769E0));
#5262=CARTESIAN_POINT('',(7.855131266420E0,1.194063734487E1,-4.714965662656E0));
#5263=CARTESIAN_POINT('',(7.824508209246E0,1.334983502350E1,-4.926585296655E0));
#5264=CARTESIAN_POINT('',(1.059809034225E1,1.612108048283E1,-5.601311014583E0));
#5265=CARTESIAN_POINT('',(1.056746728508E1,1.740045395471E1,-6.346146937661E0));
#5266=CARTESIAN_POINT('',(1.050622117073E1,1.951434876336E1,-8.593381913147E0));
#5267=CARTESIAN_POINT('',(1.041435199921E1,2.033336909049E1,-1.315056989264E1));
#5268=CARTESIAN_POINT('',(1.032248282769E1,1.853242495757E1,-1.741575752597E1));
#5269=CARTESIAN_POINT('',(1.023061365617E1,1.469584021177E1,-2.000725476888E1));
#5270=CARTESIAN_POINT('',(1.013874448464E1,1.006664865329E1,-2.008518218760E1));
#5271=CARTESIAN_POINT('',(1.004687531312E1,6.144974933137E0,-1.762431841116E1));
#5272=CARTESIAN_POINT('',(9.955006141602E0,4.201608352386E0,-1.342208874662E1));
#5273=CARTESIAN_POINT('',(9.863136970080E0,4.866293239190E0,-8.840211920778E0));
#5274=CARTESIAN_POINT('',(9.771267798559E0,7.923639972072E0,-5.363427081580E0));
#5275=CARTESIAN_POINT('',(9.679398627037E0,1.238292725578E1,-4.118373275761E0));
#5276=CARTESIAN_POINT('',(9.587529455516E0,1.679913995301E1,-5.508505405825E0));
#5277=CARTESIAN_POINT('',(9.495660283994E0,1.974122117457E1,-9.083356459663E0));
#5278=CARTESIAN_POINT('',(9.403791112473E0,2.025580069809E1,-1.368450956237E1));
#5279=CARTESIAN_POINT('',(9.311921940951E0,1.817613098977E1,-1.782097857186E1));
#5280=CARTESIAN_POINT('',(9.220052769430E0,1.417612109935E1,-2.015235645602E1));
#5281=CARTESIAN_POINT('',(9.128183597908E0,9.551959000886E0,-1.992316908885E1));
#5282=CARTESIAN_POINT('',(9.036314426387E0,5.802086814728E0,-1.720768376398E1));
#5283=CARTESIAN_POINT('',(8.944445254866E0,4.141636344204E0,-1.288584316105E1));
#5284=CARTESIAN_POINT('',(8.852576083344E0,5.108670241822E0,-8.358123270967E0));
#5285=CARTESIAN_POINT('',(8.760706911823E0,8.389824854852E0,-5.091714483637E0));
#5286=CARTESIAN_POINT('',(8.668837740301E0,1.292185452636E1,-4.145084129169E0));
#5287=CARTESIAN_POINT('',(8.576968568780E0,1.723617229213E1,-5.824984168501E0));
#5288=CARTESIAN_POINT('',(8.485099397258E0,1.993473993034E1,-9.587049393878E0));
#5289=CARTESIAN_POINT('',(8.393230225737E0,2.014309678993E1,-1.421219688149E1));
#5290=CARTESIAN_POINT('',(8.301361054215E0,1.779372593508E1,-1.820166524611E1));
#5291=CARTESIAN_POINT('',(8.209491882694E0,1.364793088419E1,-2.026268228068E1));
#5292=CARTESIAN_POINT('',(8.117622711172E0,9.049145071393E0,-1.972738391382E1));
#5293=CARTESIAN_POINT('',(8.025753539651E0,5.487571353458E0,-1.676922911405E1));
#5294=CARTESIAN_POINT('',(7.933884368130E0,4.117384497489E0,-1.234680574541E1));
#5295=CARTESIAN_POINT('',(7.842015196608E0,5.382363050138E0,-7.893149429675E0));
#5296=CARTESIAN_POINT('',(7.750146025087E0,8.873436309543E0,-4.851576797937E0));
#5297=CARTESIAN_POINT('',(7.688899910739E0,1.192861039665E1,-4.422010045826E0));
#5298=CARTESIAN_POINT('',(7.658276853565E0,1.339259279873E1,-4.641856718019E0));
#5299=CARTESIAN_POINT('',(1.043185898657E1,1.626594293022E1,-5.352486855442E0));
#5300=CARTESIAN_POINT('',(1.040123592940E1,1.759319274388E1,-6.125195811695E0));
#5301=CARTESIAN_POINT('',(1.033998981505E1,1.978619310894E1,-8.456526160512E0));
#5302=CARTESIAN_POINT('',(1.024812064353E1,2.063586257642E1,-1.318425190248E1));
#5303=CARTESIAN_POINT('',(1.015625147201E1,1.876752403621E1,-1.760905014630E1));
#5304=CARTESIAN_POINT('',(1.006438230048E1,1.478736773246E1,-2.029752564494E1));
#5305=CARTESIAN_POINT('',(9.972513128963E0,9.984943914522E0,-2.037836924085E1));
#5306=CARTESIAN_POINT('',(9.880643957442E0,5.916514461581E0,-1.782541573625E1));
#5307=CARTESIAN_POINT('',(9.788774785921E0,3.900423782144E0,-1.346593145601E1));
#5308=CARTESIAN_POINT('',(9.696905614399E0,4.589982313366E0,-8.712592968864E0));
#5309=CARTESIAN_POINT('',(9.605036442878E0,7.761740186031E0,-5.105700899121E0));
#5310=CARTESIAN_POINT('',(9.513167271356E0,1.238790162086E1,-3.814055052078E0));
#5311=CARTESIAN_POINT('',(9.421298099835E0,1.696937654458E1,-5.256208302199E0));
#5312=CARTESIAN_POINT('',(9.329428928313E0,2.002155547350E1,-8.964836391931E0));
#5313=CARTESIAN_POINT('',(9.237559756792E0,2.055539144221E1,-1.373817250716E1));
#5314=CARTESIAN_POINT('',(9.145690585270E0,1.839789693923E1,-1.802943525625E1));
#5315=CARTESIAN_POINT('',(9.053821413749E0,1.424819984265E1,-2.044805728519E1));
#5316=CARTESIAN_POINT('',(8.961952242227E0,9.450993695718E0,-2.021029333506E1));
#5317=CARTESIAN_POINT('',(8.870083070706E0,5.560794883782E0,-1.739318990854E1));
#5318=CARTESIAN_POINT('',(8.778213899185E0,3.838207518923E0,-1.290961864417E1));
#5319=CARTESIAN_POINT('',(8.686344727663E0,4.841429477661E0,-8.212463737883E0));
#5320=CARTESIAN_POINT('',(8.594475556142E0,8.245370503840E0,-4.823820351402E0));
#5321=CARTESIAN_POINT('',(8.502606384620E0,1.294699647094E1,-3.841765471269E0));
#5322=CARTESIAN_POINT('',(8.410737213099E0,1.742276338072E1,-5.584530241040E0));
#5323=CARTESIAN_POINT('',(8.318868041577E0,2.022231603184E1,-9.487378376561E0));
#5324=CARTESIAN_POINT('',(8.226998870056E0,2.043846996120E1,-1.428560678759E1));
#5325=CARTESIAN_POINT('',(8.135129698534E0,1.800118163386E1,-1.842436787646E1));
#5326=CARTESIAN_POINT('',(8.043260527013E0,1.370024384695E1,-2.056251169076E1));
#5327=CARTESIAN_POINT('',(7.951391355491E0,8.929363609669E0,-2.000718154418E1));
#5328=CARTESIAN_POINT('',(7.859522183970E0,5.234509716440E0,-1.693832753628E1));
#5329=CARTESIAN_POINT('',(7.767653012449E0,3.813048126657E0,-1.235040952723E1));
#5330=CARTESIAN_POINT('',(7.675783840927E0,5.125364338609E0,-7.730089780804E0));
#5331=CARTESIAN_POINT('',(7.583914669406E0,8.747079525662E0,-4.574696303106E0));
#5332=CARTESIAN_POINT('',(7.522668555058E0,1.191658344844E1,-4.129054428997E0));
#5333=CARTESIAN_POINT('',(7.492045497884E0,1.343535057396E1,-4.357128139384E0));
#5334=B_SPLINE_SURFACE_WITH_KNOTS('',3,3,((#5194,#5195,#5196,#5197,#5198,#5199,
#5200,#5201,#5202,#5203,#5204,#5205,#5206,#5207,#5208,#5209,#5210,#5211,#5212,
#5213,#5214,#5215,#5216,#5217,#5218,#5219,#5220,#5221,#5222,#5223,#5224,#5225,
#5226,#5227,#5228),(#5229,#5230,#5231,#5232,#5233,#5234,#5235,#5236,#5237,#5238,
#5239,#5240,#5241,#5242,#5243,#5244,#5245,#5246,#5247,#5248,#5249,#5250,#5251,
#5252,#5253,#5254,#5255,#5256,#5257,#5258,#5259,#5260,#5261,#5262,#5263),(#5264,
#5265,#5266,#5267,#5268,#5269,#5270,#5271,#5272,#5273,#5274,#5275,#5276,#5277,
#5278,#5279,#5280,#5281,#5282,#5283,#5284,#5285,#5286,#5287,#5288,#5289,#5290,
#5291,#5292,#5293,#5294,#5295,#5296,#5297,#5298),(#5299,#5300,#5301,#5302,#5303,
#5304,#5305,#5306,#5307,#5308,#5309,#5310,#5311,#5312,#5313,#5314,#5315,#5316,
#5317,#5318,#5319,#5320,#5321,#5322,#5323,#5324,#5325,#5326,#5327,#5328,#5329,
#5330,#5331,#5332,#5333)),.UNSPECIFIED.,.F.,.F.,.F.,(4,4),(4,1,1,1,1,1,1,1,1,1,
1,1,1,1,1,1,1,1,1,1,1,1,1,1,1,1,1,1,1,1,1,1,4),(-1.169739011083E-1,
1.116973901108E0),(-1.453172646694E-2,9.082329041838E-3,3.269638455062E-2,
5.631044005939E-2,7.992449556817E-2,1.035385510770E-1,1.271526065857E-1,
1.507666620945E-1,1.743807176033E-1,1.979947731121E-1,2.216088286208E-1,
2.452228841296E-1,2.688369396384E-1,2.924509951472E-1,3.160650506560E-1,
3.396791061647E-1,3.632931616735E-1,3.869072171823E-1,4.105212726911E-1,
4.341353281998E-1,4.577493837086E-1,4.813634392174E-1,5.049774947262E-1,
5.285915502350E-1,5.522056057437E-1,5.758196612525E-1,5.994337167613E-1,
6.230477722701E-1,6.466618277788E-1,6.702758832876E-1,6.938899387964E-1,
7.175039943052E-1,7.411180498140E-1),.UNSPECIFIED.);
#5336=ORIENTED_EDGE('',*,*,#5335,.T.);
#5338=ORIENTED_EDGE('',*,*,#5337,.F.);
#5340=ORIENTED_EDGE('',*,*,#5339,.F.);
#5341=ORIENTED_EDGE('',*,*,#4732,.F.);
#5342=EDGE_LOOP('',(#5336,#5338,#5340,#5341));
#5343=FACE_OUTER_BOUND('',#5342,.F.);
#5345=CARTESIAN_POINT('',(1.915000000040E1,1.935E1,-6.870503841889E0));
#5346=DIRECTION('',(0.E0,-1.E0,0.E0));
#5347=DIRECTION('',(0.E0,0.E0,-1.E0));
#5348=AXIS2_PLACEMENT_3D('',#5345,#5346,#5347);
#5349=PLANE('',#5348);
#5351=ORIENTED_EDGE('',*,*,#5350,.F.);
#5353=ORIENTED_EDGE('',*,*,#5352,.T.);
#5354=ORIENTED_EDGE('',*,*,#4701,.T.);
#5356=ORIENTED_EDGE('',*,*,#5355,.T.);
#5357=EDGE_LOOP('',(#5351,#5353,#5354,#5356));
#5358=FACE_OUTER_BOUND('',#5357,.F.);
#5360=CARTESIAN_POINT('',(1.915000000040E1,1.935E1,-6.870503841889E0));
#5361=DIRECTION('',(0.E0,-1.E0,0.E0));
#5362=DIRECTION('',(0.E0,0.E0,-1.E0));
#5363=AXIS2_PLACEMENT_3D('',#5360,#5361,#5362);
#5364=PLANE('',#5363);
#5366=ORIENTED_EDGE('',*,*,#5365,.T.);
#5367=ORIENTED_EDGE('',*,*,#4705,.F.);
#5369=ORIENTED_EDGE('',*,*,#5368,.T.);
#5371=ORIENTED_EDGE('',*,*,#5370,.T.);
#5372=EDGE_LOOP('',(#5366,#5367,#5369,#5371));
#5373=FACE_OUTER_BOUND('',#5372,.F.);
#5375=CARTESIAN_POINT('',(1.915000000040E1,1.935E1,-6.870503841889E0));
#5376=DIRECTION('',(0.E0,-1.E0,0.E0));
#5377=DIRECTION('',(0.E0,0.E0,-1.E0));
#5378=AXIS2_PLACEMENT_3D('',#5375,#5376,#5377);
#5379=PLANE('',#5378);
#5380=ORIENTED_EDGE('',*,*,#4617,.T.);
#5382=ORIENTED_EDGE('',*,*,#5381,.T.);
#5384=ORIENTED_EDGE('',*,*,#5383,.F.);
#5386=ORIENTED_EDGE('',*,*,#5385,.T.);
#5387=EDGE_LOOP('',(#5380,#5382,#5384,#5386));
#5388=FACE_OUTER_BOUND('',#5387,.F.);
#5390=CARTESIAN_POINT('',(1.915000000040E1,1.935E1,-6.870503841889E0));
#5391=DIRECTION('',(0.E0,-1.E0,0.E0));
#5392=DIRECTION('',(0.E0,0.E0,-1.E0));
#5393=AXIS2_PLACEMENT_3D('',#5390,#5391,#5392);
#5394=PLANE('',#5393);
#5396=ORIENTED_EDGE('',*,*,#5395,.T.);
#5398=ORIENTED_EDGE('',*,*,#5397,.T.);
#5399=ORIENTED_EDGE('',*,*,#4734,.T.);
#5400=ORIENTED_EDGE('',*,*,#5339,.T.);
#5402=ORIENTED_EDGE('',*,*,#5401,.T.);
#5404=ORIENTED_EDGE('',*,*,#5403,.T.);
#5405=ORIENTED_EDGE('',*,*,#4651,.T.);
#5406=ORIENTED_EDGE('',*,*,#5184,.T.);
#5408=ORIENTED_EDGE('',*,*,#5407,.T.);
#5410=ORIENTED_EDGE('',*,*,#5409,.T.);
#5411=ORIENTED_EDGE('',*,*,#4635,.T.);
#5412=ORIENTED_EDGE('',*,*,#5033,.T.);
#5414=ORIENTED_EDGE('',*,*,#5413,.T.);
#5416=ORIENTED_EDGE('',*,*,#5415,.T.);
#5417=ORIENTED_EDGE('',*,*,#4667,.T.);
#5419=ORIENTED_EDGE('',*,*,#5418,.T.);
#5421=ORIENTED_EDGE('',*,*,#5420,.T.);
#5423=ORIENTED_EDGE('',*,*,#5422,.T.);
#5425=ORIENTED_EDGE('',*,*,#5424,.F.);
#5427=ORIENTED_EDGE('',*,*,#5426,.F.);
#5429=ORIENTED_EDGE('',*,*,#5428,.F.);
#5431=ORIENTED_EDGE('',*,*,#5430,.T.);
#5433=ORIENTED_EDGE('',*,*,#5432,.T.);
#5435=ORIENTED_EDGE('',*,*,#5434,.T.);
#5437=ORIENTED_EDGE('',*,*,#5436,.F.);
#5438=ORIENTED_EDGE('',*,*,#4683,.F.);
#5440=ORIENTED_EDGE('',*,*,#5439,.T.);
#5442=ORIENTED_EDGE('',*,*,#5441,.T.);
#5443=ORIENTED_EDGE('',*,*,#4882,.T.);
#5444=ORIENTED_EDGE('',*,*,#4671,.T.);
#5446=ORIENTED_EDGE('',*,*,#5445,.T.);
#5448=ORIENTED_EDGE('',*,*,#5447,.T.);
#5449=ORIENTED_EDGE('',*,*,#5036,.T.);
#5450=ORIENTED_EDGE('',*,*,#4639,.T.);
#5452=ORIENTED_EDGE('',*,*,#5451,.T.);
#5454=ORIENTED_EDGE('',*,*,#5453,.T.);
#5455=ORIENTED_EDGE('',*,*,#5187,.T.);
#5456=ORIENTED_EDGE('',*,*,#4655,.F.);
#5458=ORIENTED_EDGE('',*,*,#5457,.T.);
#5459=EDGE_LOOP('',(#5396,#5398,#5399,#5400,#5402,#5404,#5405,#5406,#5408,#5410,
#5411,#5412,#5414,#5416,#5417,#5419,#5421,#5423,#5425,#5427,#5429,#5431,#5433,
#5435,#5437,#5438,#5440,#5442,#5443,#5444,#5446,#5448,#5449,#5450,#5452,#5454,
#5455,#5456,#5458));
#5460=FACE_OUTER_BOUND('',#5459,.F.);
#5462=CARTESIAN_POINT('',(8.500000000405E0,1.225E1,-1.225050384189E1));
#5463=DIRECTION('',(1.E0,0.E0,0.E0));
#5464=DIRECTION('',(0.E0,-1.E0,0.E0));
#5465=AXIS2_PLACEMENT_3D('',#5462,#5463,#5464);
#5466=CYLINDRICAL_SURFACE('',#5465,7.126749453506E0);
#5468=ORIENTED_EDGE('',*,*,#5467,.T.);
#5469=ORIENTED_EDGE('',*,*,#5370,.F.);
#5471=ORIENTED_EDGE('',*,*,#5470,.T.);
#5472=ORIENTED_EDGE('',*,*,#5350,.T.);
#5473=EDGE_LOOP('',(#5468,#5469,#5471,#5472));
#5474=FACE_OUTER_BOUND('',#5473,.F.);
#5476=CARTESIAN_POINT('',(4.000000000405E0,4.725E1,-1.225050384189E1));
#5477=DIRECTION('',(-1.E0,0.E0,0.E0));
#5478=DIRECTION('',(0.E0,0.E0,-1.E0));
#5479=AXIS2_PLACEMENT_3D('',#5476,#5477,#5478);
#5480=PLANE('',#5479);
#5482=ORIENTED_EDGE('',*,*,#5481,.T.);
#5484=ORIENTED_EDGE('',*,*,#5483,.T.);
#5486=ORIENTED_EDGE('',*,*,#5485,.T.);
#5488=ORIENTED_EDGE('',*,*,#5487,.T.);
#5490=ORIENTED_EDGE('',*,*,#5489,.T.);
#5492=ORIENTED_EDGE('',*,*,#5491,.T.);
#5494=ORIENTED_EDGE('',*,*,#5493,.T.);
#5496=ORIENTED_EDGE('',*,*,#5495,.T.);
#5498=ORIENTED_EDGE('',*,*,#5497,.T.);
#5499=EDGE_LOOP('',(#5482,#5484,#5486,#5488,#5490,#5492,#5494,#5496,#5498));
#5500=FACE_OUTER_BOUND('',#5499,.F.);
#5501=ORIENTED_EDGE('',*,*,#4699,.F.);
#5502=ORIENTED_EDGE('',*,*,#5365,.F.);
#5503=ORIENTED_EDGE('',*,*,#5467,.F.);
#5504=ORIENTED_EDGE('',*,*,#5355,.F.);
#5505=EDGE_LOOP('',(#5501,#5502,#5503,#5504));
#5506=FACE_BOUND('',#5505,.F.);
#5508=CARTESIAN_POINT('',(4.100000000405E0,2.435914255409E1,-1.330050384189E1));
#5509=DIRECTION('',(0.E0,1.E0,0.E0));
#5510=DIRECTION('',(0.E0,0.E0,-1.E0));
#5511=AXIS2_PLACEMENT_3D('',#5508,#5509,#5510);
#5512=CYLINDRICAL_SURFACE('',#5511,1.E-1);
#5513=ORIENTED_EDGE('',*,*,#5481,.F.);
#5515=ORIENTED_EDGE('',*,*,#5514,.F.);
#5517=ORIENTED_EDGE('',*,*,#5516,.T.);
#5519=ORIENTED_EDGE('',*,*,#5518,.T.);
#5520=EDGE_LOOP('',(#5513,#5515,#5517,#5519));
#5521=FACE_OUTER_BOUND('',#5520,.F.);
#5523=CARTESIAN_POINT('',(4.100000000405E0,2.446638244326E1,-1.590050384189E1));
#5524=DIRECTION('',(-1.E0,0.E0,0.E0));
#5525=DIRECTION('',(0.E0,-9.704826078295E-1,2.411711174673E-1));
#5526=AXIS2_PLACEMENT_3D('',#5523,#5524,#5525);
#5527=TOROIDAL_SURFACE('',#5526,2.6E0,1.E-1);
#5529=ORIENTED_EDGE('',*,*,#5528,.T.);
#5530=ORIENTED_EDGE('',*,*,#5514,.T.);
#5531=ORIENTED_EDGE('',*,*,#5497,.F.);
#5533=ORIENTED_EDGE('',*,*,#5532,.F.);
#5534=EDGE_LOOP('',(#5529,#5530,#5531,#5533));
#5535=FACE_OUTER_BOUND('',#5534,.F.);
#5537=CARTESIAN_POINT('',(7.886960000405E0,2.446638244326E1,-1.590050384189E1));
#5538=DIRECTION('',(-1.E0,0.E0,0.E0));
#5539=DIRECTION('',(0.E0,-9.581476426087E-1,2.862745098039E-1));
#5540=AXIS2_PLACEMENT_3D('',#5537,#5538,#5539);
#5541=CYLINDRICAL_SURFACE('',#5540,2.5E0);
#5542=ORIENTED_EDGE('',*,*,#5528,.F.);
#5544=ORIENTED_EDGE('',*,*,#5543,.F.);
#5545=ORIENTED_EDGE('',*,*,#4593,.T.);
#5547=ORIENTED_EDGE('',*,*,#5546,.T.);
#5548=EDGE_LOOP('',(#5542,#5544,#5545,#5547));
#5549=FACE_OUTER_BOUND('',#5548,.F.);
#5551=CARTESIAN_POINT('',(4.800000000405E0,1.225E1,-1.225050384189E1));
#5552=DIRECTION('',(-1.E0,0.E0,0.E0));
#5553=DIRECTION('',(0.E0,0.E0,-1.E0));
#5554=AXIS2_PLACEMENT_3D('',#5551,#5552,#5553);
#5555=CYLINDRICAL_SURFACE('',#5554,1.025E1);
#5557=ORIENTED_EDGE('',*,*,#5556,.F.);
#5559=ORIENTED_EDGE('',*,*,#5558,.F.);
#5560=ORIENTED_EDGE('',*,*,#4595,.F.);
#5561=ORIENTED_EDGE('',*,*,#5543,.T.);
#5562=EDGE_LOOP('',(#5557,#5559,#5560,#5561));
#5563=FACE_OUTER_BOUND('',#5562,.F.);
#5565=CARTESIAN_POINT('',(4.100000000405E0,1.225E1,-1.225050384189E1));
#5566=DIRECTION('',(-1.E0,0.E0,0.E0));
#5567=DIRECTION('',(0.E0,9.610902743804E-1,2.762344737563E-1));
#5568=AXIS2_PLACEMENT_3D('',#5565,#5566,#5567);
#5569=TOROIDAL_SURFACE('',#5568,1.015E1,1.E-1);
#5570=ORIENTED_EDGE('',*,*,#5556,.T.);
#5571=ORIENTED_EDGE('',*,*,#5532,.T.);
#5572=ORIENTED_EDGE('',*,*,#5495,.F.);
#5574=ORIENTED_EDGE('',*,*,#5573,.F.);
#5575=EDGE_LOOP('',(#5570,#5571,#5572,#5574));
#5576=FACE_OUTER_BOUND('',#5575,.F.);
#5578=CARTESIAN_POINT('',(4.100000000405E0,2.446638244326E1,-8.600503841889E0));
#5579=DIRECTION('',(-1.E0,0.E0,0.E0));
#5580=DIRECTION('',(0.E0,4.674689516302E-2,-9.989067663164E-1));
#5581=AXIS2_PLACEMENT_3D('',#5578,#5579,#5580);
#5582=TOROIDAL_SURFACE('',#5581,2.6E0,1.E-1);
#5584=ORIENTED_EDGE('',*,*,#5583,.T.);
#5585=ORIENTED_EDGE('',*,*,#5573,.T.);
#5586=ORIENTED_EDGE('',*,*,#5493,.F.);
#5588=ORIENTED_EDGE('',*,*,#5587,.F.);
#5589=EDGE_LOOP('',(#5584,#5585,#5586,#5588));
#5590=FACE_OUTER_BOUND('',#5589,.F.);
#5592=CARTESIAN_POINT('',(7.886960000405E0,2.446638244326E1,-8.600503841889E0));
#5593=DIRECTION('',(-1.E0,0.E0,0.E0));
#5594=DIRECTION('',(0.E0,0.E0,-1.E0));
#5595=AXIS2_PLACEMENT_3D('',#5592,#5593,#5594);
#5596=CYLINDRICAL_SURFACE('',#5595,2.5E0);
#5597=ORIENTED_EDGE('',*,*,#5583,.F.);
#5599=ORIENTED_EDGE('',*,*,#5598,.F.);
#5600=ORIENTED_EDGE('',*,*,#4597,.T.);
#5601=ORIENTED_EDGE('',*,*,#5558,.T.);
#5602=EDGE_LOOP('',(#5597,#5599,#5600,#5601));
#5603=FACE_OUTER_BOUND('',#5602,.F.);
#5605=CARTESIAN_POINT('',(4.800000000405E0,2.243528350121E1,-1.110050384189E1));
#5606=DIRECTION('',(0.E0,0.E0,1.E0));
#5607=DIRECTION('',(0.E0,1.E0,0.E0));
#5608=AXIS2_PLACEMENT_3D('',#5605,#5606,#5607);
#5609=PLANE('',#5608);
#5611=ORIENTED_EDGE('',*,*,#5610,.F.);
#5613=ORIENTED_EDGE('',*,*,#5612,.F.);
#5614=ORIENTED_EDGE('',*,*,#4599,.F.);
#5615=ORIENTED_EDGE('',*,*,#5598,.T.);
#5616=EDGE_LOOP('',(#5611,#5613,#5614,#5615));
#5617=FACE_OUTER_BOUND('',#5616,.F.);
#5619=CARTESIAN_POINT('',(4.100000000405E0,5.150459044306E1,-1.120050384189E1));
#5620=DIRECTION('',(0.E0,-1.E0,0.E0));
#5621=DIRECTION('',(0.E0,0.E0,1.E0));
#5622=AXIS2_PLACEMENT_3D('',#5619,#5620,#5621);
#5623=CYLINDRICAL_SURFACE('',#5622,1.E-1);
#5624=ORIENTED_EDGE('',*,*,#5610,.T.);
#5625=ORIENTED_EDGE('',*,*,#5587,.T.);
#5626=ORIENTED_EDGE('',*,*,#5491,.F.);
#5628=ORIENTED_EDGE('',*,*,#5627,.F.);
#5629=EDGE_LOOP('',(#5624,#5625,#5626,#5628));
#5630=FACE_OUTER_BOUND('',#5629,.F.);
#5632=CARTESIAN_POINT('',(4.100000000405E0,5.139735055390E1,-8.600503841889E0));
#5633=DIRECTION('',(-1.E0,0.E0,0.E0));
#5634=DIRECTION('',(0.E0,-5.828610391105E-1,8.125718485691E-1));
#5635=AXIS2_PLACEMENT_3D('',#5632,#5633,#5634);
#5636=TOROIDAL_SURFACE('',#5635,2.6E0,1.E-1);
#5638=ORIENTED_EDGE('',*,*,#5637,.T.);
#5639=ORIENTED_EDGE('',*,*,#5627,.T.);
#5640=ORIENTED_EDGE('',*,*,#5489,.F.);
#5642=ORIENTED_EDGE('',*,*,#5641,.T.);
#5643=EDGE_LOOP('',(#5638,#5639,#5640,#5642));
#5644=FACE_OUTER_BOUND('',#5643,.F.);
#5646=CARTESIAN_POINT('',(1.968592000076E1,5.139735055390E1,-8.600503841889E0));
#5647=DIRECTION('',(-1.E0,0.E0,0.E0));
#5648=DIRECTION('',(0.E0,9.478296459479E-1,-3.187772925764E-1));
#5649=AXIS2_PLACEMENT_3D('',#5646,#5647,#5648);
#5650=CYLINDRICAL_SURFACE('',#5649,2.5E0);
#5651=ORIENTED_EDGE('',*,*,#5637,.F.);
#5653=ORIENTED_EDGE('',*,*,#5652,.F.);
#5654=ORIENTED_EDGE('',*,*,#4601,.T.);
#5655=ORIENTED_EDGE('',*,*,#5612,.T.);
#5656=EDGE_LOOP('',(#5651,#5653,#5654,#5655));
#5657=FACE_OUTER_BOUND('',#5656,.F.);
#5659=CARTESIAN_POINT('',(1.066000000040E1,6.225E1,-1.225050384189E1));
#5660=DIRECTION('',(-1.E0,0.E0,0.E0));
#5661=DIRECTION('',(0.E0,-1.E0,0.E0));
#5662=AXIS2_PLACEMENT_3D('',#5659,#5660,#5661);
#5663=CYLINDRICAL_SURFACE('',#5662,8.95E0);
#5664=ORIENTED_EDGE('',*,*,#5652,.T.);
#5665=ORIENTED_EDGE('',*,*,#5641,.F.);
#5666=ORIENTED_EDGE('',*,*,#5487,.F.);
#5668=ORIENTED_EDGE('',*,*,#5667,.T.);
#5670=ORIENTED_EDGE('',*,*,#5669,.T.);
#5672=ORIENTED_EDGE('',*,*,#5671,.F.);
#5673=ORIENTED_EDGE('',*,*,#4603,.F.);
#5674=EDGE_LOOP('',(#5664,#5665,#5666,#5668,#5670,#5672,#5673));
#5675=FACE_OUTER_BOUND('',#5674,.F.);
#5677=CARTESIAN_POINT('',(1.066000000040E1,6.225E1,-1.225050384189E1));
#5678=DIRECTION('',(-1.E0,0.E0,0.E0));
#5679=DIRECTION('',(0.E0,-1.E0,0.E0));
#5680=AXIS2_PLACEMENT_3D('',#5677,#5678,#5679);
#5681=CYLINDRICAL_SURFACE('',#5680,8.95E0);
#5682=ORIENTED_EDGE('',*,*,#5485,.F.);
#5684=ORIENTED_EDGE('',*,*,#5683,.F.);
#5686=ORIENTED_EDGE('',*,*,#5685,.T.);
#5687=ORIENTED_EDGE('',*,*,#4587,.T.);
#5688=ORIENTED_EDGE('',*,*,#5671,.T.);
#5690=ORIENTED_EDGE('',*,*,#5689,.T.);
#5691=ORIENTED_EDGE('',*,*,#5667,.F.);
#5692=EDGE_LOOP('',(#5682,#5684,#5686,#5687,#5688,#5690,#5691));
#5693=FACE_OUTER_BOUND('',#5692,.F.);
#5695=CARTESIAN_POINT('',(4.100000000405E0,5.139735055390E1,-1.590050384189E1));
#5696=DIRECTION('',(1.E0,0.E0,0.E0));
#5697=DIRECTION('',(0.E0,-4.288280166683E-2,9.990801095614E-1));
#5698=AXIS2_PLACEMENT_3D('',#5695,#5696,#5697);
#5699=TOROIDAL_SURFACE('',#5698,2.6E0,1.E-1);
#5700=ORIENTED_EDGE('',*,*,#5483,.F.);
#5701=ORIENTED_EDGE('',*,*,#5518,.F.);
#5703=ORIENTED_EDGE('',*,*,#5702,.T.);
#5704=ORIENTED_EDGE('',*,*,#5683,.T.);
#5705=EDGE_LOOP('',(#5700,#5701,#5703,#5704));
#5706=FACE_OUTER_BOUND('',#5705,.F.);
#5708=CARTESIAN_POINT('',(-6.285920000216E0,5.139735055390E1,
-1.590050384189E1));
#5709=DIRECTION('',(1.E0,0.E0,0.E0));
#5710=DIRECTION('',(0.E0,9.478296459479E-1,3.187772925764E-1));
#5711=AXIS2_PLACEMENT_3D('',#5708,#5709,#5710);
#5712=CYLINDRICAL_SURFACE('',#5711,2.5E0);
#5713=ORIENTED_EDGE('',*,*,#5702,.F.);
#5715=ORIENTED_EDGE('',*,*,#5714,.T.);
#5716=ORIENTED_EDGE('',*,*,#4589,.T.);
#5717=ORIENTED_EDGE('',*,*,#5685,.F.);
#5718=EDGE_LOOP('',(#5713,#5715,#5716,#5717));
#5719=FACE_OUTER_BOUND('',#5718,.F.);
#5721=CARTESIAN_POINT('',(4.800000000405E0,4.631528350121E1,-1.340050384189E1));
#5722=DIRECTION('',(0.E0,0.E0,-1.E0));
#5723=DIRECTION('',(0.E0,-1.E0,0.E0));
#5724=AXIS2_PLACEMENT_3D('',#5721,#5722,#5723);
#5725=PLANE('',#5724);
#5726=ORIENTED_EDGE('',*,*,#5516,.F.);
#5727=ORIENTED_EDGE('',*,*,#5546,.F.);
#5728=ORIENTED_EDGE('',*,*,#4591,.T.);
#5729=ORIENTED_EDGE('',*,*,#5714,.F.);
#5730=EDGE_LOOP('',(#5726,#5727,#5728,#5729));
#5731=FACE_OUTER_BOUND('',#5730,.F.);
#5733=CARTESIAN_POINT('',(3.350000000270E0,6.225E1,-1.225050384189E1));
#5734=DIRECTION('',(1.E0,0.E0,0.E0));
#5735=DIRECTION('',(0.E0,0.E0,1.E0));
#5736=AXIS2_PLACEMENT_3D('',#5733,#5734,#5735);
#5737=CONICAL_SURFACE('',#5736,8.449999999731E0,6.343494882292E1);
#5739=ORIENTED_EDGE('',*,*,#5738,.T.);
#5741=ORIENTED_EDGE('',*,*,#5740,.T.);
#5742=ORIENTED_EDGE('',*,*,#5689,.F.);
#5744=ORIENTED_EDGE('',*,*,#5743,.F.);
#5745=EDGE_LOOP('',(#5739,#5741,#5742,#5744));
#5746=FACE_OUTER_BOUND('',#5745,.F.);
#5748=CARTESIAN_POINT('',(3.100000000405E0,6.225E1,-1.225050384189E1));
#5749=DIRECTION('',(-1.E0,0.E0,0.E0));
#5750=DIRECTION('',(0.E0,-1.E0,0.E0));
#5751=AXIS2_PLACEMENT_3D('',#5748,#5749,#5750);
#5752=PLANE('',#5751);
#5754=ORIENTED_EDGE('',*,*,#5753,.F.);
#5755=ORIENTED_EDGE('',*,*,#5738,.F.);
#5756=EDGE_LOOP('',(#5754,#5755));
#5757=FACE_OUTER_BOUND('',#5756,.F.);
#5759=ORIENTED_EDGE('',*,*,#5758,.T.);
#5761=ORIENTED_EDGE('',*,*,#5760,.T.);
#5762=EDGE_LOOP('',(#5759,#5761));
#5763=FACE_BOUND('',#5762,.F.);
#5765=CARTESIAN_POINT('',(3.100000000405E0,6.225E1,-1.225050384189E1));
#5766=DIRECTION('',(-1.E0,0.E0,0.E0));
#5767=DIRECTION('',(0.E0,-1.E0,0.E0));
#5768=AXIS2_PLACEMENT_3D('',#5765,#5766,#5767);
#5769=PLANE('',#5768);
#5771=ORIENTED_EDGE('',*,*,#5770,.T.);
#5773=ORIENTED_EDGE('',*,*,#5772,.T.);
#5775=ORIENTED_EDGE('',*,*,#5774,.F.);
#5777=ORIENTED_EDGE('',*,*,#5776,.T.);
#5778=EDGE_LOOP('',(#5771,#5773,#5775,#5777));
#5779=FACE_OUTER_BOUND('',#5778,.F.);
#5781=CARTESIAN_POINT('',(3.100000000405E0,6.225E1,-1.225050384189E1));
#5782=DIRECTION('',(-1.E0,0.E0,0.E0));
#5783=DIRECTION('',(0.E0,-1.E0,0.E0));
#5784=AXIS2_PLACEMENT_3D('',#5781,#5782,#5783);
#5785=PLANE('',#5784);
#5787=ORIENTED_EDGE('',*,*,#5786,.F.);
#5789=ORIENTED_EDGE('',*,*,#5788,.F.);
#5790=EDGE_LOOP('',(#5787,#5789));
#5791=FACE_OUTER_BOUND('',#5790,.F.);
#5793=ORIENTED_EDGE('',*,*,#5792,.T.);
#5795=ORIENTED_EDGE('',*,*,#5794,.T.);
#5797=ORIENTED_EDGE('',*,*,#5796,.T.);
#5799=ORIENTED_EDGE('',*,*,#5798,.T.);
#5801=ORIENTED_EDGE('',*,*,#5800,.T.);
#5803=ORIENTED_EDGE('',*,*,#5802,.T.);
#5805=ORIENTED_EDGE('',*,*,#5804,.F.);
#5807=ORIENTED_EDGE('',*,*,#5806,.T.);
#5809=ORIENTED_EDGE('',*,*,#5808,.T.);
#5811=ORIENTED_EDGE('',*,*,#5810,.T.);
#5813=ORIENTED_EDGE('',*,*,#5812,.F.);
#5815=ORIENTED_EDGE('',*,*,#5814,.T.);
#5817=ORIENTED_EDGE('',*,*,#5816,.T.);
#5818=EDGE_LOOP('',(#5793,#5795,#5797,#5799,#5801,#5803,#5805,#5807,#5809,#5811,
#5813,#5815,#5817));
#5819=FACE_BOUND('',#5818,.F.);
#5821=ORIENTED_EDGE('',*,*,#5820,.T.);
#5823=ORIENTED_EDGE('',*,*,#5822,.T.);
#5825=ORIENTED_EDGE('',*,*,#5824,.T.);
#5827=ORIENTED_EDGE('',*,*,#5826,.T.);
#5829=ORIENTED_EDGE('',*,*,#5828,.T.);
#5831=ORIENTED_EDGE('',*,*,#5830,.F.);
#5833=ORIENTED_EDGE('',*,*,#5832,.T.);
#5835=ORIENTED_EDGE('',*,*,#5834,.T.);
#5837=ORIENTED_EDGE('',*,*,#5836,.T.);
#5839=ORIENTED_EDGE('',*,*,#5838,.F.);
#5841=ORIENTED_EDGE('',*,*,#5840,.T.);
#5843=ORIENTED_EDGE('',*,*,#5842,.T.);
#5845=ORIENTED_EDGE('',*,*,#5844,.T.);
#5846=EDGE_LOOP('',(#5821,#5823,#5825,#5827,#5829,#5831,#5833,#5835,#5837,#5839,
#5841,#5843,#5845));
#5847=FACE_BOUND('',#5846,.F.);
#5849=ORIENTED_EDGE('',*,*,#5848,.T.);
#5851=ORIENTED_EDGE('',*,*,#5850,.T.);
#5853=ORIENTED_EDGE('',*,*,#5852,.T.);
#5855=ORIENTED_EDGE('',*,*,#5854,.T.);
#5856=EDGE_LOOP('',(#5849,#5851,#5853,#5855));
#5857=FACE_BOUND('',#5856,.F.);
#5859=ORIENTED_EDGE('',*,*,#5858,.T.);
#5861=ORIENTED_EDGE('',*,*,#5860,.T.);
#5863=ORIENTED_EDGE('',*,*,#5862,.T.);
#5865=ORIENTED_EDGE('',*,*,#5864,.T.);
#5866=EDGE_LOOP('',(#5859,#5861,#5863,#5865));
#5867=FACE_BOUND('',#5866,.F.);
#5869=ORIENTED_EDGE('',*,*,#5868,.T.);
#5871=ORIENTED_EDGE('',*,*,#5870,.T.);
#5873=ORIENTED_EDGE('',*,*,#5872,.T.);
#5875=ORIENTED_EDGE('',*,*,#5874,.T.);
#5877=ORIENTED_EDGE('',*,*,#5876,.T.);
#5879=ORIENTED_EDGE('',*,*,#5878,.F.);
#5880=EDGE_LOOP('',(#5869,#5871,#5873,#5875,#5877,#5879));
#5881=FACE_BOUND('',#5880,.F.);
#5883=ORIENTED_EDGE('',*,*,#5882,.T.);
#5885=ORIENTED_EDGE('',*,*,#5884,.T.);
#5887=ORIENTED_EDGE('',*,*,#5886,.T.);
#5889=ORIENTED_EDGE('',*,*,#5888,.T.);
#5891=ORIENTED_EDGE('',*,*,#5890,.F.);
#5893=ORIENTED_EDGE('',*,*,#5892,.T.);
#5895=ORIENTED_EDGE('',*,*,#5894,.T.);
#5897=ORIENTED_EDGE('',*,*,#5896,.T.);
#5898=EDGE_LOOP('',(#5883,#5885,#5887,#5889,#5891,#5893,#5895,#5897));
#5899=FACE_BOUND('',#5898,.F.);
#5901=CARTESIAN_POINT('',(3.350000000270E0,6.225E1,-1.225050384189E1));
#5902=DIRECTION('',(1.E0,0.E0,0.E0));
#5903=DIRECTION('',(0.E0,0.E0,1.E0));
#5904=AXIS2_PLACEMENT_3D('',#5901,#5902,#5903);
#5905=CONICAL_SURFACE('',#5904,8.449999999731E0,6.343494882292E1);
#5906=ORIENTED_EDGE('',*,*,#5753,.T.);
#5907=ORIENTED_EDGE('',*,*,#5743,.T.);
#5908=ORIENTED_EDGE('',*,*,#5669,.F.);
#5909=ORIENTED_EDGE('',*,*,#5740,.F.);
#5910=EDGE_LOOP('',(#5906,#5907,#5908,#5909));
#5911=FACE_OUTER_BOUND('',#5910,.F.);
#5913=CARTESIAN_POINT('',(3.100000000405E0,6.114970122E1,-7.994325261889E0));
#5914=DIRECTION('',(0.E0,0.E0,1.E0));
#5915=DIRECTION('',(0.E0,1.E0,0.E0));
#5916=AXIS2_PLACEMENT_3D('',#5913,#5914,#5915);
#5917=PLANE('',#5916);
#5918=ORIENTED_EDGE('',*,*,#5792,.F.);
#5920=ORIENTED_EDGE('',*,*,#5919,.T.);
#5922=ORIENTED_EDGE('',*,*,#5921,.T.);
#5924=ORIENTED_EDGE('',*,*,#5923,.F.);
#5925=EDGE_LOOP('',(#5918,#5920,#5922,#5924));
#5926=FACE_OUTER_BOUND('',#5925,.F.);
#5928=CARTESIAN_POINT('',(3.100000000405E0,6.114970122E1,-8.414325261889E0));
#5929=DIRECTION('',(0.E0,-1.E0,0.E0));
#5930=DIRECTION('',(0.E0,0.E0,1.E0));
#5931=AXIS2_PLACEMENT_3D('',#5928,#5929,#5930);
#5932=PLANE('',#5931);
#5933=ORIENTED_EDGE('',*,*,#5816,.F.);
#5935=ORIENTED_EDGE('',*,*,#5934,.T.);
#5937=ORIENTED_EDGE('',*,*,#5936,.T.);
#5938=ORIENTED_EDGE('',*,*,#5919,.F.);
#5939=EDGE_LOOP('',(#5933,#5935,#5937,#5938));
#5940=FACE_OUTER_BOUND('',#5939,.F.);
#5942=CARTESIAN_POINT('',(3.100000000405E0,6.27425784E1,-8.414325261889E0));
#5943=DIRECTION('',(0.E0,0.E0,-1.E0));
#5944=DIRECTION('',(0.E0,-1.E0,0.E0));
#5945=AXIS2_PLACEMENT_3D('',#5942,#5943,#5944);
#5946=PLANE('',#5945);
#5947=ORIENTED_EDGE('',*,*,#5814,.F.);
#5949=ORIENTED_EDGE('',*,*,#5948,.T.);
#5951=ORIENTED_EDGE('',*,*,#5950,.T.);
#5952=ORIENTED_EDGE('',*,*,#5934,.F.);
#5953=EDGE_LOOP('',(#5947,#5949,#5951,#5952));
#5954=FACE_OUTER_BOUND('',#5953,.F.);
#5956=CARTESIAN_POINT('',(3.100000000405E0,6.27425784E1,-8.631062631889E0));
#5957=DIRECTION('',(-1.E0,0.E0,0.E0));
#5958=DIRECTION('',(0.E0,0.E0,-1.E0));
#5959=AXIS2_PLACEMENT_3D('',#5956,#5957,#5958);
#5960=CYLINDRICAL_SURFACE('',#5959,2.1673737E-1);
#5961=ORIENTED_EDGE('',*,*,#5812,.T.);
#5963=ORIENTED_EDGE('',*,*,#5962,.T.);
#5965=ORIENTED_EDGE('',*,*,#5964,.T.);
#5966=ORIENTED_EDGE('',*,*,#5948,.F.);
#5967=EDGE_LOOP('',(#5961,#5963,#5965,#5966));
#5968=FACE_OUTER_BOUND('',#5967,.F.);
#5970=CARTESIAN_POINT('',(3.100000000405E0,6.114970122E1,-8.847800001889E0));
#5971=DIRECTION('',(0.E0,0.E0,1.E0));
#5972=DIRECTION('',(0.E0,1.E0,0.E0));
#5973=AXIS2_PLACEMENT_3D('',#5970,#5971,#5972);
#5974=PLANE('',#5973);
#5975=ORIENTED_EDGE('',*,*,#5810,.F.);
#5977=ORIENTED_EDGE('',*,*,#5976,.T.);
#5979=ORIENTED_EDGE('',*,*,#5978,.T.);
#5980=ORIENTED_EDGE('',*,*,#5962,.F.);
#5981=EDGE_LOOP('',(#5975,#5977,#5979,#5980));
#5982=FACE_OUTER_BOUND('',#5981,.F.);
#5984=CARTESIAN_POINT('',(3.100000000405E0,6.114970122E1,-9.267800001889E0));
#5985=DIRECTION('',(0.E0,-1.E0,0.E0));
#5986=DIRECTION('',(0.E0,0.E0,1.E0));
#5987=AXIS2_PLACEMENT_3D('',#5984,#5985,#5986);
#5988=PLANE('',#5987);
#5989=ORIENTED_EDGE('',*,*,#5808,.F.);
#5991=ORIENTED_EDGE('',*,*,#5990,.T.);
#5993=ORIENTED_EDGE('',*,*,#5992,.T.);
#5994=ORIENTED_EDGE('',*,*,#5976,.F.);
#5995=EDGE_LOOP('',(#5989,#5991,#5993,#5994));
#5996=FACE_OUTER_BOUND('',#5995,.F.);
#5998=CARTESIAN_POINT('',(3.100000000405E0,6.278093511E1,-9.267800001889E0));
#5999=DIRECTION('',(0.E0,0.E0,-1.E0));
#6000=DIRECTION('',(0.E0,-1.E0,0.E0));
#6001=AXIS2_PLACEMENT_3D('',#5998,#5999,#6000);
#6002=PLANE('',#6001);
#6003=ORIENTED_EDGE('',*,*,#5806,.F.);
#6005=ORIENTED_EDGE('',*,*,#6004,.T.);
#6007=ORIENTED_EDGE('',*,*,#6006,.T.);
#6008=ORIENTED_EDGE('',*,*,#5990,.F.);
#6009=EDGE_LOOP('',(#6003,#6005,#6007,#6008));
#6010=FACE_OUTER_BOUND('',#6009,.F.);
#6012=CARTESIAN_POINT('',(3.100000000405E0,6.278093511E1,-9.484537371889E0));
#6013=DIRECTION('',(-1.E0,0.E0,0.E0));
#6014=DIRECTION('',(0.E0,0.E0,-1.E0));
#6015=AXIS2_PLACEMENT_3D('',#6012,#6013,#6014);
#6016=CYLINDRICAL_SURFACE('',#6015,2.1673737E-1);
#6017=ORIENTED_EDGE('',*,*,#5804,.T.);
#6019=ORIENTED_EDGE('',*,*,#6018,.T.);
#6021=ORIENTED_EDGE('',*,*,#6020,.T.);
#6022=ORIENTED_EDGE('',*,*,#6004,.F.);
#6023=EDGE_LOOP('',(#6017,#6019,#6021,#6022));
#6024=FACE_OUTER_BOUND('',#6023,.F.);
#6026=CARTESIAN_POINT('',(3.100000000405E0,6.114970122E1,-9.701274741889E0));
#6027=DIRECTION('',(0.E0,0.E0,1.E0));
#6028=DIRECTION('',(0.E0,1.E0,0.E0));
#6029=AXIS2_PLACEMENT_3D('',#6026,#6027,#6028);
#6030=PLANE('',#6029);
#6031=ORIENTED_EDGE('',*,*,#5802,.F.);
#6033=ORIENTED_EDGE('',*,*,#6032,.T.);
#6035=ORIENTED_EDGE('',*,*,#6034,.T.);
#6036=ORIENTED_EDGE('',*,*,#6018,.F.);
#6037=EDGE_LOOP('',(#6031,#6033,#6035,#6036));
#6038=FACE_OUTER_BOUND('',#6037,.F.);
#6040=CARTESIAN_POINT('',(3.100000000405E0,6.114970122E1,-1.012127474189E1));
#6041=DIRECTION('',(0.E0,-1.E0,0.E0));
#6042=DIRECTION('',(0.E0,0.E0,1.E0));
#6043=AXIS2_PLACEMENT_3D('',#6040,#6041,#6042);
#6044=PLANE('',#6043);
#6045=ORIENTED_EDGE('',*,*,#5800,.F.);
#6047=ORIENTED_EDGE('',*,*,#6046,.T.);
#6049=ORIENTED_EDGE('',*,*,#6048,.T.);
#6050=ORIENTED_EDGE('',*,*,#6032,.F.);
#6051=EDGE_LOOP('',(#6045,#6047,#6049,#6050));
#6052=FACE_OUTER_BOUND('',#6051,.F.);
#6054=CARTESIAN_POINT('',(3.100000000405E0,6.27425784E1,-1.012127474189E1));
#6055=DIRECTION('',(0.E0,0.E0,-1.E0));
#6056=DIRECTION('',(0.E0,-1.E0,0.E0));
#6057=AXIS2_PLACEMENT_3D('',#6054,#6055,#6056);
#6058=PLANE('',#6057);
#6059=ORIENTED_EDGE('',*,*,#5798,.F.);
#6061=ORIENTED_EDGE('',*,*,#6060,.T.);
#6063=ORIENTED_EDGE('',*,*,#6062,.T.);
#6064=ORIENTED_EDGE('',*,*,#6046,.F.);
#6065=EDGE_LOOP('',(#6059,#6061,#6063,#6064));
#6066=FACE_OUTER_BOUND('',#6065,.F.);
#6068=CARTESIAN_POINT('',(3.100000000405E0,6.27425784E1,-9.484537371889E0));
#6069=DIRECTION('',(-1.E0,0.E0,0.E0));
#6070=DIRECTION('',(0.E0,0.E0,-1.E0));
#6071=AXIS2_PLACEMENT_3D('',#6068,#6069,#6070);
#6072=CYLINDRICAL_SURFACE('',#6071,6.3673737E-1);
#6073=ORIENTED_EDGE('',*,*,#5796,.F.);
#6075=ORIENTED_EDGE('',*,*,#6074,.T.);
#6077=ORIENTED_EDGE('',*,*,#6076,.T.);
#6078=ORIENTED_EDGE('',*,*,#6060,.F.);
#6079=EDGE_LOOP('',(#6073,#6075,#6077,#6078));
#6080=FACE_OUTER_BOUND('',#6079,.F.);
#6082=CARTESIAN_POINT('',(3.100000000405E0,6.27425784E1,-8.631062631889E0));
#6083=DIRECTION('',(-1.E0,0.E0,0.E0));
#6084=DIRECTION('',(0.E0,0.E0,-1.E0));
#6085=AXIS2_PLACEMENT_3D('',#6082,#6083,#6084);
#6086=CYLINDRICAL_SURFACE('',#6085,6.3673737E-1);
#6087=ORIENTED_EDGE('',*,*,#5794,.F.);
#6088=ORIENTED_EDGE('',*,*,#5923,.T.);
#6090=ORIENTED_EDGE('',*,*,#6089,.T.);
#6091=ORIENTED_EDGE('',*,*,#6074,.F.);
#6092=EDGE_LOOP('',(#6087,#6088,#6090,#6091));
#6093=FACE_OUTER_BOUND('',#6092,.F.);
#6095=CARTESIAN_POINT('',(3.400000000405E0,6.225E1,-1.225050384189E1));
#6096=DIRECTION('',(-1.E0,0.E0,0.E0));
#6097=DIRECTION('',(0.E0,0.E0,-1.E0));
#6098=AXIS2_PLACEMENT_3D('',#6095,#6096,#6097);
#6099=PLANE('',#6098);
#6100=ORIENTED_EDGE('',*,*,#5921,.F.);
#6101=ORIENTED_EDGE('',*,*,#5936,.F.);
#6102=ORIENTED_EDGE('',*,*,#5950,.F.);
#6103=ORIENTED_EDGE('',*,*,#5964,.F.);
#6104=ORIENTED_EDGE('',*,*,#5978,.F.);
#6105=ORIENTED_EDGE('',*,*,#5992,.F.);
#6106=ORIENTED_EDGE('',*,*,#6006,.F.);
#6107=ORIENTED_EDGE('',*,*,#6020,.F.);
#6108=ORIENTED_EDGE('',*,*,#6034,.F.);
#6109=ORIENTED_EDGE('',*,*,#6048,.F.);
#6110=ORIENTED_EDGE('',*,*,#6062,.F.);
#6111=ORIENTED_EDGE('',*,*,#6076,.F.);
#6112=ORIENTED_EDGE('',*,*,#6089,.F.);
#6113=EDGE_LOOP('',(#6100,#6101,#6102,#6103,#6104,#6105,#6106,#6107,#6108,#6109,
#6110,#6111,#6112));
#6114=FACE_OUTER_BOUND('',#6113,.F.);
#6116=CARTESIAN_POINT('',(3.400000000405E0,6.225E1,-1.225050384189E1));
#6117=DIRECTION('',(-1.E0,0.E0,0.E0));
#6118=DIRECTION('',(0.E0,0.E0,-1.E0));
#6119=AXIS2_PLACEMENT_3D('',#6116,#6117,#6118);
#6120=PLANE('',#6119);
#6122=ORIENTED_EDGE('',*,*,#6121,.F.);
#6124=ORIENTED_EDGE('',*,*,#6123,.F.);
#6126=ORIENTED_EDGE('',*,*,#6125,.F.);
#6128=ORIENTED_EDGE('',*,*,#6127,.F.);
#6130=ORIENTED_EDGE('',*,*,#6129,.F.);
#6132=ORIENTED_EDGE('',*,*,#6131,.F.);
#6134=ORIENTED_EDGE('',*,*,#6133,.F.);
#6136=ORIENTED_EDGE('',*,*,#6135,.F.);
#6138=ORIENTED_EDGE('',*,*,#6137,.F.);
#6140=ORIENTED_EDGE('',*,*,#6139,.F.);
#6142=ORIENTED_EDGE('',*,*,#6141,.F.);
#6144=ORIENTED_EDGE('',*,*,#6143,.F.);
#6146=ORIENTED_EDGE('',*,*,#6145,.F.);
#6147=EDGE_LOOP('',(#6122,#6124,#6126,#6128,#6130,#6132,#6134,#6136,#6138,#6140,
#6142,#6144,#6146));
#6148=FACE_OUTER_BOUND('',#6147,.F.);
#6150=CARTESIAN_POINT('',(3.400000000405E0,6.225E1,-1.225050384189E1));
#6151=DIRECTION('',(-1.E0,0.E0,0.E0));
#6152=DIRECTION('',(0.E0,0.E0,-1.E0));
#6153=AXIS2_PLACEMENT_3D('',#6150,#6151,#6152);
#6154=PLANE('',#6153);
#6156=ORIENTED_EDGE('',*,*,#6155,.F.);
#6158=ORIENTED_EDGE('',*,*,#6157,.F.);
#6160=ORIENTED_EDGE('',*,*,#6159,.F.);
#6162=ORIENTED_EDGE('',*,*,#6161,.F.);
#6163=EDGE_LOOP('',(#6156,#6158,#6160,#6162));
#6164=FACE_OUTER_BOUND('',#6163,.F.);
#6166=CARTESIAN_POINT('',(3.400000000405E0,6.225E1,-1.225050384189E1));
#6167=DIRECTION('',(-1.E0,0.E0,0.E0));
#6168=DIRECTION('',(0.E0,0.E0,-1.E0));
#6169=AXIS2_PLACEMENT_3D('',#6166,#6167,#6168);
#6170=PLANE('',#6169);
#6172=ORIENTED_EDGE('',*,*,#6171,.F.);
#6174=ORIENTED_EDGE('',*,*,#6173,.F.);
#6176=ORIENTED_EDGE('',*,*,#6175,.F.);
#6178=ORIENTED_EDGE('',*,*,#6177,.F.);
#6179=EDGE_LOOP('',(#6172,#6174,#6176,#6178));
#6180=FACE_OUTER_BOUND('',#6179,.F.);
#6182=CARTESIAN_POINT('',(3.400000000405E0,6.225E1,-1.225050384189E1));
#6183=DIRECTION('',(-1.E0,0.E0,0.E0));
#6184=DIRECTION('',(0.E0,0.E0,-1.E0));
#6185=AXIS2_PLACEMENT_3D('',#6182,#6183,#6184);
#6186=PLANE('',#6185);
#6188=ORIENTED_EDGE('',*,*,#6187,.F.);
#6190=ORIENTED_EDGE('',*,*,#6189,.F.);
#6192=ORIENTED_EDGE('',*,*,#6191,.F.);
#6194=ORIENTED_EDGE('',*,*,#6193,.F.);
#6196=ORIENTED_EDGE('',*,*,#6195,.F.);
#6198=ORIENTED_EDGE('',*,*,#6197,.F.);
#6199=EDGE_LOOP('',(#6188,#6190,#6192,#6194,#6196,#6198));
#6200=FACE_OUTER_BOUND('',#6199,.F.);
#6202=ORIENTED_EDGE('',*,*,#6201,.F.);
#6204=ORIENTED_EDGE('',*,*,#6203,.F.);
#6206=ORIENTED_EDGE('',*,*,#6205,.F.);
#6208=ORIENTED_EDGE('',*,*,#6207,.F.);
#6209=EDGE_LOOP('',(#6202,#6204,#6206,#6208));
#6210=FACE_BOUND('',#6209,.F.);
#6212=CARTESIAN_POINT('',(3.400000000405E0,6.225E1,-1.225050384189E1));
#6213=DIRECTION('',(-1.E0,0.E0,0.E0));
#6214=DIRECTION('',(0.E0,0.E0,-1.E0));
#6215=AXIS2_PLACEMENT_3D('',#6212,#6213,#6214);
#6216=PLANE('',#6215);
#6218=ORIENTED_EDGE('',*,*,#6217,.F.);
#6220=ORIENTED_EDGE('',*,*,#6219,.F.);
#6222=ORIENTED_EDGE('',*,*,#6221,.F.);
#6224=ORIENTED_EDGE('',*,*,#6223,.F.);
#6226=ORIENTED_EDGE('',*,*,#6225,.F.);
#6228=ORIENTED_EDGE('',*,*,#6227,.F.);
#6230=ORIENTED_EDGE('',*,*,#6229,.F.);
#6232=ORIENTED_EDGE('',*,*,#6231,.F.);
#6233=EDGE_LOOP('',(#6218,#6220,#6222,#6224,#6226,#6228,#6230,#6232));
#6234=FACE_OUTER_BOUND('',#6233,.F.);
#6236=CARTESIAN_POINT('',(3.100000000405E0,6.182066028E1,-1.118963145189E1));
#6237=DIRECTION('',(-1.E0,0.E0,0.E0));
#6238=DIRECTION('',(0.E0,0.E0,-1.E0));
#6239=AXIS2_PLACEMENT_3D('',#6236,#6237,#6238);
#6240=CYLINDRICAL_SURFACE('',#6239,6.7095906E-1);
#6241=ORIENTED_EDGE('',*,*,#5820,.F.);
#6243=ORIENTED_EDGE('',*,*,#6242,.T.);
#6244=ORIENTED_EDGE('',*,*,#6121,.T.);
#6246=ORIENTED_EDGE('',*,*,#6245,.F.);
#6247=EDGE_LOOP('',(#6241,#6243,#6244,#6246));
#6248=FACE_OUTER_BOUND('',#6247,.F.);
#6250=CARTESIAN_POINT('',(3.100000000405E0,6.114970122E1,-1.186265802189E1));
#6251=DIRECTION('',(0.E0,-1.E0,0.E0));
#6252=DIRECTION('',(0.E0,0.E0,1.E0));
#6253=AXIS2_PLACEMENT_3D('',#6250,#6251,#6252);
#6254=PLANE('',#6253);
#6255=ORIENTED_EDGE('',*,*,#5844,.F.);
#6257=ORIENTED_EDGE('',*,*,#6256,.T.);
#6258=ORIENTED_EDGE('',*,*,#6123,.T.);
#6259=ORIENTED_EDGE('',*,*,#6242,.F.);
#6260=EDGE_LOOP('',(#6255,#6257,#6258,#6259));
#6261=FACE_OUTER_BOUND('',#6260,.F.);
#6263=CARTESIAN_POINT('',(3.100000000405E0,6.156970122E1,-1.186265802189E1));
#6264=DIRECTION('',(0.E0,0.E0,-1.E0));
#6265=DIRECTION('',(0.E0,-1.E0,0.E0));
#6266=AXIS2_PLACEMENT_3D('',#6263,#6264,#6265);
#6267=PLANE('',#6266);
#6268=ORIENTED_EDGE('',*,*,#5842,.F.);
#6270=ORIENTED_EDGE('',*,*,#6269,.T.);
#6271=ORIENTED_EDGE('',*,*,#6125,.T.);
#6272=ORIENTED_EDGE('',*,*,#6256,.F.);
#6273=EDGE_LOOP('',(#6268,#6270,#6271,#6272));
#6274=FACE_OUTER_BOUND('',#6273,.F.);
#6276=CARTESIAN_POINT('',(3.100000000405E0,6.156970122E1,-1.118963145189E1));
#6277=DIRECTION('',(0.E0,1.E0,0.E0));
#6278=DIRECTION('',(0.E0,0.E0,-1.E0));
#6279=AXIS2_PLACEMENT_3D('',#6276,#6277,#6278);
#6280=PLANE('',#6279);
#6281=ORIENTED_EDGE('',*,*,#5840,.F.);
#6283=ORIENTED_EDGE('',*,*,#6282,.T.);
#6284=ORIENTED_EDGE('',*,*,#6127,.T.);
#6285=ORIENTED_EDGE('',*,*,#6269,.F.);
#6286=EDGE_LOOP('',(#6281,#6283,#6284,#6285));
#6287=FACE_OUTER_BOUND('',#6286,.F.);
#6289=CARTESIAN_POINT('',(3.100000000405E0,6.182066028E1,-1.118963145189E1));
#6290=DIRECTION('',(-1.E0,0.E0,0.E0));
#6291=DIRECTION('',(0.E0,0.E0,-1.E0));
#6292=AXIS2_PLACEMENT_3D('',#6289,#6290,#6291);
#6293=CYLINDRICAL_SURFACE('',#6292,2.5095906E-1);
#6294=ORIENTED_EDGE('',*,*,#5838,.T.);
#6296=ORIENTED_EDGE('',*,*,#6295,.T.);
#6297=ORIENTED_EDGE('',*,*,#6129,.T.);
#6298=ORIENTED_EDGE('',*,*,#6282,.F.);
#6299=EDGE_LOOP('',(#6294,#6296,#6297,#6298));
#6300=FACE_OUTER_BOUND('',#6299,.F.);
#6302=CARTESIAN_POINT('',(3.100000000405E0,6.207161934E1,-1.186265802189E1));
#6303=DIRECTION('',(0.E0,-1.E0,0.E0));
#6304=DIRECTION('',(0.E0,0.E0,1.E0));
#6305=AXIS2_PLACEMENT_3D('',#6302,#6303,#6304);
#6306=PLANE('',#6305);
#6307=ORIENTED_EDGE('',*,*,#5836,.F.);
#6309=ORIENTED_EDGE('',*,*,#6308,.T.);
#6310=ORIENTED_EDGE('',*,*,#6131,.T.);
#6311=ORIENTED_EDGE('',*,*,#6295,.F.);
#6312=EDGE_LOOP('',(#6307,#6309,#6310,#6311));
#6313=FACE_OUTER_BOUND('',#6312,.F.);
#6315=CARTESIAN_POINT('',(3.100000000405E0,6.249161934E1,-1.186265802189E1));
#6316=DIRECTION('',(0.E0,0.E0,-1.E0));
#6317=DIRECTION('',(0.E0,-1.E0,0.E0));
#6318=AXIS2_PLACEMENT_3D('',#6315,#6316,#6317);
#6319=PLANE('',#6318);
#6320=ORIENTED_EDGE('',*,*,#5834,.F.);
#6322=ORIENTED_EDGE('',*,*,#6321,.T.);
#6323=ORIENTED_EDGE('',*,*,#6133,.T.);
#6324=ORIENTED_EDGE('',*,*,#6308,.F.);
#6325=EDGE_LOOP('',(#6320,#6322,#6323,#6324));
#6326=FACE_OUTER_BOUND('',#6325,.F.);
#6328=CARTESIAN_POINT('',(3.100000000405E0,6.249161934E1,-1.118963145189E1));
#6329=DIRECTION('',(0.E0,1.E0,0.E0));
#6330=DIRECTION('',(0.E0,0.E0,-1.E0));
#6331=AXIS2_PLACEMENT_3D('',#6328,#6329,#6330);
#6332=PLANE('',#6331);
#6333=ORIENTED_EDGE('',*,*,#5832,.F.);
#6335=ORIENTED_EDGE('',*,*,#6334,.T.);
#6336=ORIENTED_EDGE('',*,*,#6135,.T.);
#6337=ORIENTED_EDGE('',*,*,#6321,.F.);
#6338=EDGE_LOOP('',(#6333,#6335,#6336,#6337));
#6339=FACE_OUTER_BOUND('',#6338,.F.);
#6341=CARTESIAN_POINT('',(3.100000000405E0,6.27425784E1,-1.118963145189E1));
#6342=DIRECTION('',(-1.E0,0.E0,0.E0));
#6343=DIRECTION('',(0.E0,0.E0,-1.E0));
#6344=AXIS2_PLACEMENT_3D('',#6341,#6342,#6343);
#6345=CYLINDRICAL_SURFACE('',#6344,2.5095906E-1);
#6346=ORIENTED_EDGE('',*,*,#5830,.T.);
#6348=ORIENTED_EDGE('',*,*,#6347,.T.);
#6349=ORIENTED_EDGE('',*,*,#6137,.T.);
#6350=ORIENTED_EDGE('',*,*,#6334,.F.);
#6351=EDGE_LOOP('',(#6346,#6348,#6349,#6350));
#6352=FACE_OUTER_BOUND('',#6351,.F.);
#6354=CARTESIAN_POINT('',(3.100000000405E0,6.299353746E1,-1.186265802189E1));
#6355=DIRECTION('',(0.E0,-1.E0,0.E0));
#6356=DIRECTION('',(0.E0,0.E0,1.E0));
#6357=AXIS2_PLACEMENT_3D('',#6354,#6355,#6356);
#6358=PLANE('',#6357);
#6359=ORIENTED_EDGE('',*,*,#5828,.F.);
#6361=ORIENTED_EDGE('',*,*,#6360,.T.);
#6362=ORIENTED_EDGE('',*,*,#6139,.T.);
#6363=ORIENTED_EDGE('',*,*,#6347,.F.);
#6364=EDGE_LOOP('',(#6359,#6361,#6362,#6363));
#6365=FACE_OUTER_BOUND('',#6364,.F.);
#6367=CARTESIAN_POINT('',(3.100000000405E0,6.341353746E1,-1.186265802189E1));
#6368=DIRECTION('',(0.E0,0.E0,-1.E0));
#6369=DIRECTION('',(0.E0,-1.E0,0.E0));
#6370=AXIS2_PLACEMENT_3D('',#6367,#6368,#6369);
#6371=PLANE('',#6370);
#6372=ORIENTED_EDGE('',*,*,#5826,.F.);
#6374=ORIENTED_EDGE('',*,*,#6373,.T.);
#6375=ORIENTED_EDGE('',*,*,#6141,.T.);
#6376=ORIENTED_EDGE('',*,*,#6360,.F.);
#6377=EDGE_LOOP('',(#6372,#6374,#6375,#6376));
#6378=FACE_OUTER_BOUND('',#6377,.F.);
#6380=CARTESIAN_POINT('',(3.100000000405E0,6.341353746E1,-1.118963145189E1));
#6381=DIRECTION('',(0.E0,1.E0,0.E0));
#6382=DIRECTION('',(0.E0,0.E0,-1.E0));
#6383=AXIS2_PLACEMENT_3D('',#6380,#6381,#6382);
#6384=PLANE('',#6383);
#6385=ORIENTED_EDGE('',*,*,#5824,.F.);
#6387=ORIENTED_EDGE('',*,*,#6386,.T.);
#6388=ORIENTED_EDGE('',*,*,#6143,.T.);
#6389=ORIENTED_EDGE('',*,*,#6373,.F.);
#6390=EDGE_LOOP('',(#6385,#6387,#6388,#6389));
#6391=FACE_OUTER_BOUND('',#6390,.F.);
#6393=CARTESIAN_POINT('',(3.100000000405E0,6.27425784E1,-1.118963145189E1));
#6394=DIRECTION('',(-1.E0,0.E0,0.E0));
#6395=DIRECTION('',(0.E0,0.E0,-1.E0));
#6396=AXIS2_PLACEMENT_3D('',#6393,#6394,#6395);
#6397=CYLINDRICAL_SURFACE('',#6396,6.7095906E-1);
#6398=ORIENTED_EDGE('',*,*,#5822,.F.);
#6399=ORIENTED_EDGE('',*,*,#6245,.T.);
#6400=ORIENTED_EDGE('',*,*,#6145,.T.);
#6401=ORIENTED_EDGE('',*,*,#6386,.F.);
#6402=EDGE_LOOP('',(#6398,#6399,#6400,#6401));
#6403=FACE_OUTER_BOUND('',#6402,.F.);
#6405=CARTESIAN_POINT('',(3.100000000405E0,6.114970122E1,-1.248050384189E1));
#6406=DIRECTION('',(0.E0,0.E0,1.E0));
#6407=DIRECTION('',(0.E0,1.E0,0.E0));
#6408=AXIS2_PLACEMENT_3D('',#6405,#6406,#6407);
#6409=PLANE('',#6408);
#6410=ORIENTED_EDGE('',*,*,#5848,.F.);
#6412=ORIENTED_EDGE('',*,*,#6411,.T.);
#6413=ORIENTED_EDGE('',*,*,#6155,.T.);
#6415=ORIENTED_EDGE('',*,*,#6414,.F.);
#6416=EDGE_LOOP('',(#6410,#6412,#6413,#6415));
#6417=FACE_OUTER_BOUND('',#6416,.F.);
#6419=CARTESIAN_POINT('',(3.100000000405E0,6.114970122E1,-1.290050384189E1));
#6420=DIRECTION('',(0.E0,-1.E0,0.E0));
#6421=DIRECTION('',(0.E0,0.E0,1.E0));
#6422=AXIS2_PLACEMENT_3D('',#6419,#6420,#6421);
#6423=PLANE('',#6422);
#6424=ORIENTED_EDGE('',*,*,#5854,.F.);
#6426=ORIENTED_EDGE('',*,*,#6425,.T.);
#6427=ORIENTED_EDGE('',*,*,#6157,.T.);
#6428=ORIENTED_EDGE('',*,*,#6411,.F.);
#6429=EDGE_LOOP('',(#6424,#6426,#6427,#6428));
#6430=FACE_OUTER_BOUND('',#6429,.F.);
#6432=CARTESIAN_POINT('',(3.100000000405E0,6.156970122E1,-1.290050384189E1));
#6433=DIRECTION('',(0.E0,0.E0,-1.E0));
#6434=DIRECTION('',(0.E0,-1.E0,0.E0));
#6435=AXIS2_PLACEMENT_3D('',#6432,#6433,#6434);
#6436=PLANE('',#6435);
#6437=ORIENTED_EDGE('',*,*,#5852,.F.);
#6439=ORIENTED_EDGE('',*,*,#6438,.T.);
#6440=ORIENTED_EDGE('',*,*,#6159,.T.);
#6441=ORIENTED_EDGE('',*,*,#6425,.F.);
#6442=EDGE_LOOP('',(#6437,#6439,#6440,#6441));
#6443=FACE_OUTER_BOUND('',#6442,.F.);
#6445=CARTESIAN_POINT('',(3.100000000405E0,6.156970122E1,-1.248050384189E1));
#6446=DIRECTION('',(0.E0,1.E0,0.E0));
#6447=DIRECTION('',(0.E0,0.E0,-1.E0));
#6448=AXIS2_PLACEMENT_3D('',#6445,#6446,#6447);
#6449=PLANE('',#6448);
#6450=ORIENTED_EDGE('',*,*,#5850,.F.);
#6451=ORIENTED_EDGE('',*,*,#6414,.T.);
#6452=ORIENTED_EDGE('',*,*,#6161,.T.);
#6453=ORIENTED_EDGE('',*,*,#6438,.F.);
#6454=EDGE_LOOP('',(#6450,#6451,#6452,#6453));
#6455=FACE_OUTER_BOUND('',#6454,.F.);
#6457=CARTESIAN_POINT('',(3.100000000405E0,6.178230357E1,-1.248050384189E1));
#6458=DIRECTION('',(0.E0,0.E0,1.E0));
#6459=DIRECTION('',(0.E0,1.E0,0.E0));
#6460=AXIS2_PLACEMENT_3D('',#6457,#6458,#6459);
#6461=PLANE('',#6460);
#6462=ORIENTED_EDGE('',*,*,#5858,.F.);
#6464=ORIENTED_EDGE('',*,*,#6463,.T.);
#6465=ORIENTED_EDGE('',*,*,#6171,.T.);
#6467=ORIENTED_EDGE('',*,*,#6466,.F.);
#6468=EDGE_LOOP('',(#6462,#6464,#6465,#6467));
#6469=FACE_OUTER_BOUND('',#6468,.F.);
#6471=CARTESIAN_POINT('',(3.100000000405E0,6.178230357E1,-1.290050384189E1));
#6472=DIRECTION('',(0.E0,-1.E0,0.E0));
#6473=DIRECTION('',(0.E0,0.E0,1.E0));
#6474=AXIS2_PLACEMENT_3D('',#6471,#6472,#6473);
#6475=PLANE('',#6474);
#6476=ORIENTED_EDGE('',*,*,#5864,.F.);
#6478=ORIENTED_EDGE('',*,*,#6477,.T.);
#6479=ORIENTED_EDGE('',*,*,#6173,.T.);
#6480=ORIENTED_EDGE('',*,*,#6463,.F.);
#6481=EDGE_LOOP('',(#6476,#6478,#6479,#6480));
#6482=FACE_OUTER_BOUND('',#6481,.F.);
#6484=CARTESIAN_POINT('',(3.100000000405E0,6.341353746E1,-1.290050384189E1));
#6485=DIRECTION('',(0.E0,0.E0,-1.E0));
#6486=DIRECTION('',(0.E0,-1.E0,0.E0));
#6487=AXIS2_PLACEMENT_3D('',#6484,#6485,#6486);
#6488=PLANE('',#6487);
#6489=ORIENTED_EDGE('',*,*,#5862,.F.);
#6491=ORIENTED_EDGE('',*,*,#6490,.T.);
#6492=ORIENTED_EDGE('',*,*,#6175,.T.);
#6493=ORIENTED_EDGE('',*,*,#6477,.F.);
#6494=EDGE_LOOP('',(#6489,#6491,#6492,#6493));
#6495=FACE_OUTER_BOUND('',#6494,.F.);
#6497=CARTESIAN_POINT('',(3.100000000405E0,6.341353746E1,-1.248050384189E1));
#6498=DIRECTION('',(0.E0,1.E0,0.E0));
#6499=DIRECTION('',(0.E0,0.E0,-1.E0));
#6500=AXIS2_PLACEMENT_3D('',#6497,#6498,#6499);
#6501=PLANE('',#6500);
#6502=ORIENTED_EDGE('',*,*,#5860,.F.);
#6503=ORIENTED_EDGE('',*,*,#6466,.T.);
#6504=ORIENTED_EDGE('',*,*,#6177,.T.);
#6505=ORIENTED_EDGE('',*,*,#6490,.F.);
#6506=EDGE_LOOP('',(#6502,#6503,#6504,#6505));
#6507=FACE_OUTER_BOUND('',#6506,.F.);
#6509=CARTESIAN_POINT('',(3.100000000405E0,6.114970122E1,-1.336820027189E1));
#6510=DIRECTION('',(0.E0,0.E0,1.E0));
#6511=DIRECTION('',(0.E0,1.E0,0.E0));
#6512=AXIS2_PLACEMENT_3D('',#6509,#6510,#6511);
#6513=PLANE('',#6512);
#6514=ORIENTED_EDGE('',*,*,#5868,.F.);
#6516=ORIENTED_EDGE('',*,*,#6515,.T.);
#6517=ORIENTED_EDGE('',*,*,#6187,.T.);
#6519=ORIENTED_EDGE('',*,*,#6518,.F.);
#6520=EDGE_LOOP('',(#6514,#6516,#6517,#6519));
#6521=FACE_OUTER_BOUND('',#6520,.F.);
#6523=CARTESIAN_POINT('',(3.100000000405E0,6.114970122E1,-1.414182440189E1));
#6524=DIRECTION('',(0.E0,-1.E0,0.E0));
#6525=DIRECTION('',(0.E0,0.E0,1.E0));
#6526=AXIS2_PLACEMENT_3D('',#6523,#6524,#6525);
#6527=PLANE('',#6526);
#6528=ORIENTED_EDGE('',*,*,#6189,.T.);
#6529=ORIENTED_EDGE('',*,*,#6515,.F.);
#6530=ORIENTED_EDGE('',*,*,#5878,.T.);
#6532=ORIENTED_EDGE('',*,*,#6531,.T.);
#6533=EDGE_LOOP('',(#6528,#6529,#6530,#6532));
#6534=FACE_OUTER_BOUND('',#6533,.F.);
#6536=CARTESIAN_POINT('',(3.100000000405E0,6.185488197E1,-1.414182440189E1));
#6537=DIRECTION('',(-1.E0,0.E0,0.E0));
#6538=DIRECTION('',(0.E0,0.E0,-1.E0));
#6539=AXIS2_PLACEMENT_3D('',#6536,#6537,#6538);
#6540=CYLINDRICAL_SURFACE('',#6539,7.0518075E-1);
#6541=ORIENTED_EDGE('',*,*,#5876,.F.);
#6543=ORIENTED_EDGE('',*,*,#6542,.T.);
#6544=ORIENTED_EDGE('',*,*,#6191,.T.);
#6545=ORIENTED_EDGE('',*,*,#6531,.F.);
#6546=EDGE_LOOP('',(#6541,#6543,#6544,#6545));
#6547=FACE_OUTER_BOUND('',#6546,.F.);
#6549=CARTESIAN_POINT('',(3.100000000405E0,6.256006272E1,-1.378820027189E1));
#6550=DIRECTION('',(0.E0,1.E0,0.E0));
#6551=DIRECTION('',(0.E0,0.E0,-1.E0));
#6552=AXIS2_PLACEMENT_3D('',#6549,#6550,#6551);
#6553=PLANE('',#6552);
#6554=ORIENTED_EDGE('',*,*,#5874,.F.);
#6556=ORIENTED_EDGE('',*,*,#6555,.T.);
#6557=ORIENTED_EDGE('',*,*,#6193,.T.);
#6558=ORIENTED_EDGE('',*,*,#6542,.F.);
#6559=EDGE_LOOP('',(#6554,#6556,#6557,#6558));
#6560=FACE_OUTER_BOUND('',#6559,.F.);
#6562=CARTESIAN_POINT('',(3.100000000405E0,6.341353746E1,-1.378820027189E1));
#6563=DIRECTION('',(0.E0,0.E0,-1.E0));
#6564=DIRECTION('',(0.E0,-1.E0,0.E0));
#6565=AXIS2_PLACEMENT_3D('',#6562,#6563,#6564);
#6566=PLANE('',#6565);
#6567=ORIENTED_EDGE('',*,*,#5872,.F.);
#6569=ORIENTED_EDGE('',*,*,#6568,.T.);
#6570=ORIENTED_EDGE('',*,*,#6195,.T.);
#6571=ORIENTED_EDGE('',*,*,#6555,.F.);
#6572=EDGE_LOOP('',(#6567,#6569,#6570,#6571));
#6573=FACE_OUTER_BOUND('',#6572,.F.);
#6575=CARTESIAN_POINT('',(3.100000000405E0,6.341353746E1,-1.336820027189E1));
#6576=DIRECTION('',(0.E0,1.E0,0.E0));
#6577=DIRECTION('',(0.E0,0.E0,-1.E0));
#6578=AXIS2_PLACEMENT_3D('',#6575,#6576,#6577);
#6579=PLANE('',#6578);
#6580=ORIENTED_EDGE('',*,*,#5870,.F.);
#6581=ORIENTED_EDGE('',*,*,#6518,.T.);
#6582=ORIENTED_EDGE('',*,*,#6197,.T.);
#6583=ORIENTED_EDGE('',*,*,#6568,.F.);
#6584=EDGE_LOOP('',(#6580,#6581,#6582,#6583));
#6585=FACE_OUTER_BOUND('',#6584,.F.);
#6587=CARTESIAN_POINT('',(3.100000000405E0,6.214006272E1,-1.378820027189E1));
#6588=DIRECTION('',(0.E0,0.E0,-1.E0));
#6589=DIRECTION('',(0.E0,-1.E0,0.E0));
#6590=AXIS2_PLACEMENT_3D('',#6587,#6588,#6589);
#6591=PLANE('',#6590);
#6592=ORIENTED_EDGE('',*,*,#5770,.F.);
#6594=ORIENTED_EDGE('',*,*,#6593,.T.);
#6595=ORIENTED_EDGE('',*,*,#6201,.T.);
#6597=ORIENTED_EDGE('',*,*,#6596,.F.);
#6598=EDGE_LOOP('',(#6592,#6594,#6595,#6597));
#6599=FACE_OUTER_BOUND('',#6598,.F.);
#6601=CARTESIAN_POINT('',(3.100000000405E0,6.214006272E1,-1.414182440189E1));
#6602=DIRECTION('',(0.E0,-1.E0,0.E0));
#6603=DIRECTION('',(0.E0,0.E0,1.E0));
#6604=AXIS2_PLACEMENT_3D('',#6601,#6602,#6603);
#6605=PLANE('',#6604);
#6606=ORIENTED_EDGE('',*,*,#5776,.F.);
#6608=ORIENTED_EDGE('',*,*,#6607,.T.);
#6609=ORIENTED_EDGE('',*,*,#6203,.T.);
#6610=ORIENTED_EDGE('',*,*,#6593,.F.);
#6611=EDGE_LOOP('',(#6606,#6608,#6609,#6610));
#6612=FACE_OUTER_BOUND('',#6611,.F.);
#6614=CARTESIAN_POINT('',(3.100000000405E0,6.185488197E1,-1.414182440189E1));
#6615=DIRECTION('',(-1.E0,0.E0,0.E0));
#6616=DIRECTION('',(0.E0,0.E0,-1.E0));
#6617=AXIS2_PLACEMENT_3D('',#6614,#6615,#6616);
#6618=CYLINDRICAL_SURFACE('',#6617,2.8518075E-1);
#6619=ORIENTED_EDGE('',*,*,#5774,.T.);
#6621=ORIENTED_EDGE('',*,*,#6620,.T.);
#6622=ORIENTED_EDGE('',*,*,#6205,.T.);
#6623=ORIENTED_EDGE('',*,*,#6607,.F.);
#6624=EDGE_LOOP('',(#6619,#6621,#6622,#6623));
#6625=FACE_OUTER_BOUND('',#6624,.F.);
#6627=CARTESIAN_POINT('',(3.100000000405E0,6.156970122E1,-1.378820027189E1));
#6628=DIRECTION('',(0.E0,1.E0,0.E0));
#6629=DIRECTION('',(0.E0,0.E0,-1.E0));
#6630=AXIS2_PLACEMENT_3D('',#6627,#6628,#6629);
#6631=PLANE('',#6630);
#6632=ORIENTED_EDGE('',*,*,#5772,.F.);
#6633=ORIENTED_EDGE('',*,*,#6596,.T.);
#6634=ORIENTED_EDGE('',*,*,#6207,.T.);
#6635=ORIENTED_EDGE('',*,*,#6620,.F.);
#6636=EDGE_LOOP('',(#6632,#6633,#6634,#6635));
#6637=FACE_OUTER_BOUND('',#6636,.F.);
#6639=CARTESIAN_POINT('',(3.100000000405E0,6.27425784E1,-1.586224862189E1));
#6640=DIRECTION('',(-1.E0,0.E0,0.E0));
#6641=DIRECTION('',(0.E0,0.E0,-1.E0));
#6642=AXIS2_PLACEMENT_3D('',#6639,#6640,#6641);
#6643=CYLINDRICAL_SURFACE('',#6642,6.7095906E-1);
#6644=ORIENTED_EDGE('',*,*,#5882,.F.);
#6646=ORIENTED_EDGE('',*,*,#6645,.T.);
#6647=ORIENTED_EDGE('',*,*,#6217,.T.);
#6649=ORIENTED_EDGE('',*,*,#6648,.F.);
#6650=EDGE_LOOP('',(#6644,#6646,#6647,#6649));
#6651=FACE_OUTER_BOUND('',#6650,.F.);
#6653=CARTESIAN_POINT('',(3.100000000405E0,6.114970122E1,-1.519128956189E1));
#6654=DIRECTION('',(0.E0,0.E0,1.E0));
#6655=DIRECTION('',(0.E0,1.E0,0.E0));
#6656=AXIS2_PLACEMENT_3D('',#6653,#6654,#6655);
#6657=PLANE('',#6656);
#6658=ORIENTED_EDGE('',*,*,#5896,.F.);
#6660=ORIENTED_EDGE('',*,*,#6659,.T.);
#6661=ORIENTED_EDGE('',*,*,#6219,.T.);
#6662=ORIENTED_EDGE('',*,*,#6645,.F.);
#6663=EDGE_LOOP('',(#6658,#6660,#6661,#6662));
#6664=FACE_OUTER_BOUND('',#6663,.F.);
#6666=CARTESIAN_POINT('',(3.100000000405E0,6.114970122E1,-1.561128956189E1));
#6667=DIRECTION('',(0.E0,-1.E0,0.E0));
#6668=DIRECTION('',(0.E0,0.E0,1.E0));
#6669=AXIS2_PLACEMENT_3D('',#6666,#6667,#6668);
#6670=PLANE('',#6669);
#6671=ORIENTED_EDGE('',*,*,#5894,.F.);
#6673=ORIENTED_EDGE('',*,*,#6672,.T.);
#6674=ORIENTED_EDGE('',*,*,#6221,.T.);
#6675=ORIENTED_EDGE('',*,*,#6659,.F.);
#6676=EDGE_LOOP('',(#6671,#6673,#6674,#6675));
#6677=FACE_OUTER_BOUND('',#6676,.F.);
#6679=CARTESIAN_POINT('',(3.100000000405E0,6.27425784E1,-1.561128956189E1));
#6680=DIRECTION('',(0.E0,0.E0,-1.E0));
#6681=DIRECTION('',(0.E0,-1.E0,0.E0));
#6682=AXIS2_PLACEMENT_3D('',#6679,#6680,#6681);
#6683=PLANE('',#6682);
#6684=ORIENTED_EDGE('',*,*,#5892,.F.);
#6686=ORIENTED_EDGE('',*,*,#6685,.T.);
#6687=ORIENTED_EDGE('',*,*,#6223,.T.);
#6688=ORIENTED_EDGE('',*,*,#6672,.F.);
#6689=EDGE_LOOP('',(#6684,#6686,#6687,#6688));
#6690=FACE_OUTER_BOUND('',#6689,.F.);
#6692=CARTESIAN_POINT('',(3.100000000405E0,6.27425784E1,-1.586224862189E1));
#6693=DIRECTION('',(-1.E0,0.E0,0.E0));
#6694=DIRECTION('',(0.E0,0.E0,-1.E0));
#6695=AXIS2_PLACEMENT_3D('',#6692,#6693,#6694);
#6696=CYLINDRICAL_SURFACE('',#6695,2.5095906E-1);
#6697=ORIENTED_EDGE('',*,*,#5890,.T.);
#6699=ORIENTED_EDGE('',*,*,#6698,.T.);
#6700=ORIENTED_EDGE('',*,*,#6225,.T.);
#6701=ORIENTED_EDGE('',*,*,#6685,.F.);
#6702=EDGE_LOOP('',(#6697,#6699,#6700,#6701));
#6703=FACE_OUTER_BOUND('',#6702,.F.);
#6705=CARTESIAN_POINT('',(3.100000000405E0,6.114970122E1,-1.611320768189E1));
#6706=DIRECTION('',(0.E0,0.E0,1.E0));
#6707=DIRECTION('',(0.E0,1.E0,0.E0));
#6708=AXIS2_PLACEMENT_3D('',#6705,#6706,#6707);
#6709=PLANE('',#6708);
#6710=ORIENTED_EDGE('',*,*,#5888,.F.);
#6712=ORIENTED_EDGE('',*,*,#6711,.T.);
#6713=ORIENTED_EDGE('',*,*,#6227,.T.);
#6714=ORIENTED_EDGE('',*,*,#6698,.F.);
#6715=EDGE_LOOP('',(#6710,#6712,#6713,#6714));
#6716=FACE_OUTER_BOUND('',#6715,.F.);
#6718=CARTESIAN_POINT('',(3.100000000405E0,6.114970122E1,-1.653320768189E1));
#6719=DIRECTION('',(0.E0,-1.E0,0.E0));
#6720=DIRECTION('',(0.E0,0.E0,1.E0));
#6721=AXIS2_PLACEMENT_3D('',#6718,#6719,#6720);
#6722=PLANE('',#6721);
#6723=ORIENTED_EDGE('',*,*,#5886,.F.);
#6725=ORIENTED_EDGE('',*,*,#6724,.T.);
#6726=ORIENTED_EDGE('',*,*,#6229,.T.);
#6727=ORIENTED_EDGE('',*,*,#6711,.F.);
#6728=EDGE_LOOP('',(#6723,#6725,#6726,#6727));
#6729=FACE_OUTER_BOUND('',#6728,.F.);
#6731=CARTESIAN_POINT('',(3.100000000405E0,6.27425784E1,-1.653320768189E1));
#6732=DIRECTION('',(0.E0,0.E0,-1.E0));
#6733=DIRECTION('',(0.E0,-1.E0,0.E0));
#6734=AXIS2_PLACEMENT_3D('',#6731,#6732,#6733);
#6735=PLANE('',#6734);
#6736=ORIENTED_EDGE('',*,*,#5884,.F.);
#6737=ORIENTED_EDGE('',*,*,#6648,.T.);
#6738=ORIENTED_EDGE('',*,*,#6231,.T.);
#6739=ORIENTED_EDGE('',*,*,#6724,.F.);
#6740=EDGE_LOOP('',(#6736,#6737,#6738,#6739));
#6741=FACE_OUTER_BOUND('',#6740,.F.);
#6743=CARTESIAN_POINT('',(3.100000000405E0,6.225E1,-1.225050384189E1));
#6744=DIRECTION('',(-1.E0,0.E0,0.E0));
#6745=DIRECTION('',(0.E0,0.E0,-1.E0));
#6746=AXIS2_PLACEMENT_3D('',#6743,#6744,#6745);
#6747=CYLINDRICAL_SURFACE('',#6746,7.25E0);
#6748=ORIENTED_EDGE('',*,*,#5758,.F.);
#6750=ORIENTED_EDGE('',*,*,#6749,.T.);
#6752=ORIENTED_EDGE('',*,*,#6751,.T.);
#6754=ORIENTED_EDGE('',*,*,#6753,.F.);
#6755=EDGE_LOOP('',(#6748,#6750,#6752,#6754));
#6756=FACE_OUTER_BOUND('',#6755,.F.);
#6758=CARTESIAN_POINT('',(3.100000000405E0,6.225E1,-1.225050384189E1));
#6759=DIRECTION('',(-1.E0,0.E0,0.E0));
#6760=DIRECTION('',(0.E0,0.E0,-1.E0));
#6761=AXIS2_PLACEMENT_3D('',#6758,#6759,#6760);
#6762=CYLINDRICAL_SURFACE('',#6761,7.25E0);
#6763=ORIENTED_EDGE('',*,*,#5760,.F.);
#6764=ORIENTED_EDGE('',*,*,#6753,.T.);
#6766=ORIENTED_EDGE('',*,*,#6765,.T.);
#6767=ORIENTED_EDGE('',*,*,#6749,.F.);
#6768=EDGE_LOOP('',(#6763,#6764,#6766,#6767));
#6769=FACE_OUTER_BOUND('',#6768,.F.);
#6771=CARTESIAN_POINT('',(3.300000000405E0,6.225E1,-1.225050384189E1));
#6772=DIRECTION('',(-1.E0,0.E0,0.E0));
#6773=DIRECTION('',(0.E0,0.E0,-1.E0));
#6774=AXIS2_PLACEMENT_3D('',#6771,#6772,#6773);
#6775=PLANE('',#6774);
#6776=ORIENTED_EDGE('',*,*,#6751,.F.);
#6777=ORIENTED_EDGE('',*,*,#6765,.F.);
#6778=EDGE_LOOP('',(#6776,#6777));
#6779=FACE_OUTER_BOUND('',#6778,.F.);
#6781=ORIENTED_EDGE('',*,*,#6780,.F.);
#6783=ORIENTED_EDGE('',*,*,#6782,.F.);
#6784=EDGE_LOOP('',(#6781,#6783));
#6785=FACE_BOUND('',#6784,.F.);
#6787=CARTESIAN_POINT('',(3.100000000405E0,6.225E1,-1.225050384189E1));
#6788=DIRECTION('',(-1.E0,0.E0,0.E0));
#6789=DIRECTION('',(0.E0,0.E0,-1.E0));
#6790=AXIS2_PLACEMENT_3D('',#6787,#6788,#6789);
#6791=CYLINDRICAL_SURFACE('',#6790,6.05E0);
#6792=ORIENTED_EDGE('',*,*,#5786,.T.);
#6794=ORIENTED_EDGE('',*,*,#6793,.T.);
#6795=ORIENTED_EDGE('',*,*,#6780,.T.);
#6797=ORIENTED_EDGE('',*,*,#6796,.F.);
#6798=EDGE_LOOP('',(#6792,#6794,#6795,#6797));
#6799=FACE_OUTER_BOUND('',#6798,.F.);
#6801=CARTESIAN_POINT('',(3.100000000405E0,6.225E1,-1.225050384189E1));
#6802=DIRECTION('',(-1.E0,0.E0,0.E0));
#6803=DIRECTION('',(0.E0,0.E0,-1.E0));
#6804=AXIS2_PLACEMENT_3D('',#6801,#6802,#6803);
#6805=CYLINDRICAL_SURFACE('',#6804,6.05E0);
#6806=ORIENTED_EDGE('',*,*,#5788,.T.);
#6807=ORIENTED_EDGE('',*,*,#6796,.T.);
#6808=ORIENTED_EDGE('',*,*,#6782,.T.);
#6809=ORIENTED_EDGE('',*,*,#6793,.F.);
#6810=EDGE_LOOP('',(#6806,#6807,#6808,#6809));
#6811=FACE_OUTER_BOUND('',#6810,.F.);
#6813=CARTESIAN_POINT('',(3.500000000405E0,1.225E1,-1.225050384189E1));
#6814=DIRECTION('',(1.E0,0.E0,0.E0));
#6815=DIRECTION('',(0.E0,1.E0,0.E0));
#6816=AXIS2_PLACEMENT_3D('',#6813,#6814,#6815);
#6817=PLANE('',#6816);
#6819=ORIENTED_EDGE('',*,*,#6818,.T.);
#6821=ORIENTED_EDGE('',*,*,#6820,.T.);
#6822=EDGE_LOOP('',(#6819,#6821));
#6823=FACE_OUTER_BOUND('',#6822,.F.);
#6824=ORIENTED_EDGE('',*,*,#5470,.F.);
#6825=ORIENTED_EDGE('',*,*,#5368,.F.);
#6826=ORIENTED_EDGE('',*,*,#4703,.F.);
#6827=ORIENTED_EDGE('',*,*,#5352,.F.);
#6828=EDGE_LOOP('',(#6824,#6825,#6826,#6827));
#6829=FACE_BOUND('',#6828,.F.);
#6831=CARTESIAN_POINT('',(3.350000000439E0,1.225E1,-1.225050384189E1));
#6832=DIRECTION('',(-1.E0,0.E0,0.E0));
#6833=DIRECTION('',(0.E0,0.E0,-1.E0));
#6834=AXIS2_PLACEMENT_3D('',#6831,#6832,#6833);
#6835=CONICAL_SURFACE('',#6834,1.059999999997E1,4.5E1);
#6837=ORIENTED_EDGE('',*,*,#6836,.T.);
#6839=ORIENTED_EDGE('',*,*,#6838,.T.);
#6840=ORIENTED_EDGE('',*,*,#6818,.F.);
#6842=ORIENTED_EDGE('',*,*,#6841,.F.);
#6843=EDGE_LOOP('',(#6837,#6839,#6840,#6842));
#6844=FACE_OUTER_BOUND('',#6843,.F.);
#6846=CARTESIAN_POINT('',(7.699998935193E-1,1.225E1,-1.225050384189E1));
#6847=DIRECTION('',(1.E0,0.E0,0.E0));
#6848=DIRECTION('',(0.E0,1.E0,0.E0));
#6849=AXIS2_PLACEMENT_3D('',#6846,#6847,#6848);
#6850=CYLINDRICAL_SURFACE('',#6849,1.075E1);
#6851=ORIENTED_EDGE('',*,*,#6836,.F.);
#6853=ORIENTED_EDGE('',*,*,#6852,.T.);
#6855=ORIENTED_EDGE('',*,*,#6854,.T.);
#6857=ORIENTED_EDGE('',*,*,#6856,.F.);
#6858=EDGE_LOOP('',(#6851,#6853,#6855,#6857));
#6859=FACE_OUTER_BOUND('',#6858,.F.);
#6861=CARTESIAN_POINT('',(7.699998935193E-1,1.225E1,-1.225050384189E1));
#6862=DIRECTION('',(1.E0,0.E0,0.E0));
#6863=DIRECTION('',(0.E0,1.E0,0.E0));
#6864=AXIS2_PLACEMENT_3D('',#6861,#6862,#6863);
#6865=CYLINDRICAL_SURFACE('',#6864,1.075E1);
#6867=ORIENTED_EDGE('',*,*,#6866,.F.);
#6868=ORIENTED_EDGE('',*,*,#6856,.T.);
#6870=ORIENTED_EDGE('',*,*,#6869,.T.);
#6871=ORIENTED_EDGE('',*,*,#6852,.F.);
#6872=EDGE_LOOP('',(#6867,#6868,#6870,#6871));
#6873=FACE_OUTER_BOUND('',#6872,.F.);
#6875=CARTESIAN_POINT('',(3.350000000439E0,1.225E1,-1.225050384189E1));
#6876=DIRECTION('',(-1.E0,0.E0,0.E0));
#6877=DIRECTION('',(0.E0,0.E0,-1.E0));
#6878=AXIS2_PLACEMENT_3D('',#6875,#6876,#6877);
#6879=CONICAL_SURFACE('',#6878,1.059999999997E1,4.5E1);
#6880=ORIENTED_EDGE('',*,*,#6866,.T.);
#6881=ORIENTED_EDGE('',*,*,#6841,.T.);
#6882=ORIENTED_EDGE('',*,*,#6820,.F.);
#6883=ORIENTED_EDGE('',*,*,#6838,.F.);
#6884=EDGE_LOOP('',(#6880,#6881,#6882,#6883));
#6885=FACE_OUTER_BOUND('',#6884,.F.);
#6887=CARTESIAN_POINT('',(1.450000000345E0,1.225E1,-1.225050384189E1));
#6888=DIRECTION('',(1.E0,0.E0,0.E0));
#6889=DIRECTION('',(0.E0,0.E0,-1.E0));
#6890=AXIS2_PLACEMENT_3D('',#6887,#6888,#6889);
#6891=CONICAL_SURFACE('',#6890,1.059999999994E1,4.5E1);
#6893=ORIENTED_EDGE('',*,*,#6892,.T.);
#6895=ORIENTED_EDGE('',*,*,#6894,.T.);
#6896=ORIENTED_EDGE('',*,*,#6869,.F.);
#6898=ORIENTED_EDGE('',*,*,#6897,.F.);
#6899=EDGE_LOOP('',(#6893,#6895,#6896,#6898));
#6900=FACE_OUTER_BOUND('',#6899,.F.);
#6902=CARTESIAN_POINT('',(1.300000000405E0,1.225E1,-1.225050384189E1));
#6903=DIRECTION('',(1.E0,0.E0,0.E0));
#6904=DIRECTION('',(0.E0,1.E0,0.E0));
#6905=AXIS2_PLACEMENT_3D('',#6902,#6903,#6904);
#6906=PLANE('',#6905);
#6908=ORIENTED_EDGE('',*,*,#6907,.F.);
#6909=ORIENTED_EDGE('',*,*,#6892,.F.);
#6910=EDGE_LOOP('',(#6908,#6909));
#6911=FACE_OUTER_BOUND('',#6910,.F.);
#6913=ORIENTED_EDGE('',*,*,#6912,.T.);
#6915=ORIENTED_EDGE('',*,*,#6914,.T.);
#6916=EDGE_LOOP('',(#6913,#6915));
#6917=FACE_BOUND('',#6916,.F.);
#6919=CARTESIAN_POINT('',(2.253730669994E0,1.225E1,-1.225050384189E1));
#6920=DIRECTION('',(-1.E0,0.E0,0.E0));
#6921=DIRECTION('',(0.E0,1.E0,0.E0));
#6922=AXIS2_PLACEMENT_3D('',#6919,#6920,#6921);
#6923=CYLINDRICAL_SURFACE('',#6922,5.6E0);
#6925=ORIENTED_EDGE('',*,*,#6924,.T.);
#6927=ORIENTED_EDGE('',*,*,#6926,.F.);
#6928=ORIENTED_EDGE('',*,*,#6912,.F.);
#6930=ORIENTED_EDGE('',*,*,#6929,.F.);
#6931=EDGE_LOOP('',(#6925,#6927,#6928,#6930));
#6932=FACE_OUTER_BOUND('',#6931,.F.);
#6934=CARTESIAN_POINT('',(1.500000002023E-1,1.225E1,-1.225050384189E1));
#6935=DIRECTION('',(1.E0,0.E0,0.E0));
#6936=DIRECTION('',(0.E0,0.E0,-1.E0));
#6937=AXIS2_PLACEMENT_3D('',#6934,#6935,#6936);
#6938=CONICAL_SURFACE('',#6937,5.449999999798E0,4.5E1);
#6940=ORIENTED_EDGE('',*,*,#6939,.T.);
#6942=ORIENTED_EDGE('',*,*,#6941,.T.);
#6943=ORIENTED_EDGE('',*,*,#6924,.F.);
#6945=ORIENTED_EDGE('',*,*,#6944,.F.);
#6946=EDGE_LOOP('',(#6940,#6942,#6943,#6945));
#6947=FACE_OUTER_BOUND('',#6946,.F.);
#6949=CARTESIAN_POINT('',(4.045244139661E-10,1.225E1,-1.225050384189E1));
#6950=DIRECTION('',(1.E0,0.E0,0.E0));
#6951=DIRECTION('',(0.E0,-1.E0,0.E0));
#6952=AXIS2_PLACEMENT_3D('',#6949,#6950,#6951);
#6953=PLANE('',#6952);
#6955=ORIENTED_EDGE('',*,*,#6954,.F.);
#6956=ORIENTED_EDGE('',*,*,#6939,.F.);
#6957=EDGE_LOOP('',(#6955,#6956));
#6958=FACE_OUTER_BOUND('',#6957,.F.);
#6960=ORIENTED_EDGE('',*,*,#6959,.T.);
#6962=ORIENTED_EDGE('',*,*,#6961,.T.);
#6963=EDGE_LOOP('',(#6960,#6962));
#6964=FACE_BOUND('',#6963,.F.);
#6966=CARTESIAN_POINT('',(-9.999999995955E-1,1.225E1,-1.225050384189E1));
#6967=DIRECTION('',(1.E0,0.E0,0.E0));
#6968=DIRECTION('',(0.E0,-1.E0,0.E0));
#6969=AXIS2_PLACEMENT_3D('',#6966,#6967,#6968);
#6970=CYLINDRICAL_SURFACE('',#6969,4.85E0);
#6972=ORIENTED_EDGE('',*,*,#6971,.T.);
#6974=ORIENTED_EDGE('',*,*,#6973,.F.);
#6976=ORIENTED_EDGE('',*,*,#6975,.T.);
#6977=ORIENTED_EDGE('',*,*,#6959,.F.);
#6978=EDGE_LOOP('',(#6972,#6974,#6976,#6977));
#6979=FACE_OUTER_BOUND('',#6978,.F.);
#6981=CARTESIAN_POINT('',(-9.999999995955E-1,1.225E1,-1.225050384189E1));
#6982=DIRECTION('',(1.E0,0.E0,0.E0));
#6983=DIRECTION('',(0.E0,-1.E0,0.E0));
#6984=AXIS2_PLACEMENT_3D('',#6981,#6982,#6983);
#6985=CYLINDRICAL_SURFACE('',#6984,4.85E0);
#6986=ORIENTED_EDGE('',*,*,#6975,.F.);
#6988=ORIENTED_EDGE('',*,*,#6987,.F.);
#6989=ORIENTED_EDGE('',*,*,#6971,.F.);
#6990=ORIENTED_EDGE('',*,*,#6961,.F.);
#6991=EDGE_LOOP('',(#6986,#6988,#6989,#6990));
#6992=FACE_OUTER_BOUND('',#6991,.F.);
#6994=CARTESIAN_POINT('',(1.200000000405E0,1.225E1,-1.225050384189E1));
#6995=DIRECTION('',(1.E0,0.E0,0.E0));
#6996=DIRECTION('',(0.E0,-1.E0,0.E0));
#6997=AXIS2_PLACEMENT_3D('',#6994,#6995,#6996);
#6998=PLANE('',#6997);
#6999=ORIENTED_EDGE('',*,*,#6987,.T.);
#7000=ORIENTED_EDGE('',*,*,#6973,.T.);
#7001=EDGE_LOOP('',(#6999,#7000));
#7002=FACE_OUTER_BOUND('',#7001,.F.);
#7004=ORIENTED_EDGE('',*,*,#7003,.T.);
#7006=ORIENTED_EDGE('',*,*,#7005,.T.);
#7007=EDGE_LOOP('',(#7004,#7006));
#7008=FACE_BOUND('',#7007,.F.);
#7010=ORIENTED_EDGE('',*,*,#7009,.T.);
#7012=ORIENTED_EDGE('',*,*,#7011,.T.);
#7013=EDGE_LOOP('',(#7010,#7012));
#7014=FACE_BOUND('',#7013,.F.);
#7016=ORIENTED_EDGE('',*,*,#7015,.T.);
#7018=ORIENTED_EDGE('',*,*,#7017,.T.);
#7019=EDGE_LOOP('',(#7016,#7018));
#7020=FACE_BOUND('',#7019,.F.);
#7022=CARTESIAN_POINT('',(1.200000000405E0,1.225E1,-1.225050384189E1));
#7023=DIRECTION('',(1.E0,0.E0,0.E0));
#7024=DIRECTION('',(0.E0,-1.E0,0.E0));
#7025=AXIS2_PLACEMENT_3D('',#7022,#7023,#7024);
#7026=PLANE('',#7025);
#7028=ORIENTED_EDGE('',*,*,#7027,.F.);
#7030=ORIENTED_EDGE('',*,*,#7029,.F.);
#7031=EDGE_LOOP('',(#7028,#7030));
#7032=FACE_OUTER_BOUND('',#7031,.F.);
#7034=CARTESIAN_POINT('',(1.200000000405E0,1.225E1,-1.225050384189E1));
#7035=DIRECTION('',(1.E0,0.E0,0.E0));
#7036=DIRECTION('',(0.E0,-1.E0,0.E0));
#7037=AXIS2_PLACEMENT_3D('',#7034,#7035,#7036);
#7038=PLANE('',#7037);
#7040=ORIENTED_EDGE('',*,*,#7039,.F.);
#7042=ORIENTED_EDGE('',*,*,#7041,.F.);
#7043=EDGE_LOOP('',(#7040,#7042));
#7044=FACE_OUTER_BOUND('',#7043,.F.);
#7046=CARTESIAN_POINT('',(1.200000000405E0,1.225E1,-1.225050384189E1));
#7047=DIRECTION('',(1.E0,0.E0,0.E0));
#7048=DIRECTION('',(0.E0,-1.E0,0.E0));
#7049=AXIS2_PLACEMENT_3D('',#7046,#7047,#7048);
#7050=PLANE('',#7049);
#7052=ORIENTED_EDGE('',*,*,#7051,.F.);
#7054=ORIENTED_EDGE('',*,*,#7053,.F.);
#7055=EDGE_LOOP('',(#7052,#7054));
#7056=FACE_OUTER_BOUND('',#7055,.F.);
#7058=CARTESIAN_POINT('',(2.000000000405E0,1.340000000009E1,-1.424236227075E1));
#7059=DIRECTION('',(-1.E0,0.E0,0.E0));
#7060=DIRECTION('',(0.E0,0.E0,1.E0));
#7061=AXIS2_PLACEMENT_3D('',#7058,#7059,#7060);
#7062=CYLINDRICAL_SURFACE('',#7061,1.299999999940E0);
#7063=ORIENTED_EDGE('',*,*,#7003,.F.);
#7065=ORIENTED_EDGE('',*,*,#7064,.T.);
#7067=ORIENTED_EDGE('',*,*,#7066,.F.);
#7069=ORIENTED_EDGE('',*,*,#7068,.T.);
#7071=ORIENTED_EDGE('',*,*,#7070,.F.);
#7073=ORIENTED_EDGE('',*,*,#7072,.F.);
#7074=EDGE_LOOP('',(#7063,#7065,#7067,#7069,#7071,#7073));
#7075=FACE_OUTER_BOUND('',#7074,.F.);
#7077=CARTESIAN_POINT('',(2.000000000405E0,1.469874921780E1,-1.418534938332E1));
#7078=DIRECTION('',(0.E0,4.999999999999E-1,-8.660254037845E-1));
#7079=DIRECTION('',(0.E0,-8.660254037845E-1,-4.999999999999E-1));
#7080=AXIS2_PLACEMENT_3D('',#7077,#7078,#7079);
#7081=PLANE('',#7080);
#7082=ORIENTED_EDGE('',*,*,#7005,.F.);
#7083=ORIENTED_EDGE('',*,*,#7072,.T.);
#7085=ORIENTED_EDGE('',*,*,#7084,.F.);
#7087=ORIENTED_EDGE('',*,*,#7086,.F.);
#7089=ORIENTED_EDGE('',*,*,#7088,.T.);
#7091=ORIENTED_EDGE('',*,*,#7090,.T.);
#7093=ORIENTED_EDGE('',*,*,#7092,.T.);
#7095=ORIENTED_EDGE('',*,*,#7094,.F.);
#7096=ORIENTED_EDGE('',*,*,#7064,.F.);
#7097=EDGE_LOOP('',(#7082,#7083,#7085,#7087,#7089,#7091,#7093,#7095,#7096));
#7098=FACE_OUTER_BOUND('',#7097,.F.);
#7100=CARTESIAN_POINT('',(-3.199999999595E0,2.089584392442E1,
-1.710264561511E1));
#7101=DIRECTION('',(0.E0,8.660254037844E-1,5.E-1));
#7102=DIRECTION('',(-1.E0,0.E0,0.E0));
#7103=AXIS2_PLACEMENT_3D('',#7100,#7101,#7102);
#7104=CYLINDRICAL_SURFACE('',#7103,6.625000000342E0);
#7106=ORIENTED_EDGE('',*,*,#7105,.F.);
#7107=ORIENTED_EDGE('',*,*,#7066,.T.);
#7108=ORIENTED_EDGE('',*,*,#7094,.T.);
#7110=ORIENTED_EDGE('',*,*,#7109,.T.);
#7111=EDGE_LOOP('',(#7106,#7107,#7108,#7110));
#7112=FACE_OUTER_BOUND('',#7111,.F.);
#7114=CARTESIAN_POINT('',(-3.199999999595E0,2.089584392442E1,
-1.710264561511E1));
#7115=DIRECTION('',(0.E0,8.660254037844E-1,5.E-1));
#7116=DIRECTION('',(-1.E0,0.E0,0.E0));
#7117=AXIS2_PLACEMENT_3D('',#7114,#7115,#7116);
#7118=CYLINDRICAL_SURFACE('',#7117,6.625000000342E0);
#7120=ORIENTED_EDGE('',*,*,#7119,.F.);
#7122=ORIENTED_EDGE('',*,*,#7121,.T.);
#7123=ORIENTED_EDGE('',*,*,#7084,.T.);
#7124=ORIENTED_EDGE('',*,*,#7070,.T.);
#7125=EDGE_LOOP('',(#7120,#7122,#7123,#7124));
#7126=FACE_OUTER_BOUND('',#7125,.F.);
#7128=CARTESIAN_POINT('',(-3.199999999595E0,8.435214987755E0,
-7.189054252796E0));
#7129=DIRECTION('',(-1.E0,0.E0,0.E0));
#7130=DIRECTION('',(0.E0,0.E0,1.E0));
#7131=AXIS2_PLACEMENT_3D('',#7128,#7129,#7130);
#7132=PLANE('',#7131);
#7134=ORIENTED_EDGE('',*,*,#7133,.T.);
#7136=ORIENTED_EDGE('',*,*,#7135,.F.);
#7138=ORIENTED_EDGE('',*,*,#7137,.T.);
#7140=ORIENTED_EDGE('',*,*,#7139,.F.);
#7141=EDGE_LOOP('',(#7134,#7136,#7138,#7140));
#7142=FACE_OUTER_BOUND('',#7141,.F.);
#7144=CARTESIAN_POINT('',(-3.199999999595E0,8.435214987755E0,
-7.189054252796E0));
#7145=DIRECTION('',(-1.E0,0.E0,0.E0));
#7146=DIRECTION('',(0.E0,0.E0,1.E0));
#7147=AXIS2_PLACEMENT_3D('',#7144,#7145,#7146);
#7148=PLANE('',#7147);
#7149=ORIENTED_EDGE('',*,*,#7105,.T.);
#7151=ORIENTED_EDGE('',*,*,#7150,.F.);
#7152=ORIENTED_EDGE('',*,*,#7119,.T.);
#7153=ORIENTED_EDGE('',*,*,#7068,.F.);
#7154=EDGE_LOOP('',(#7149,#7151,#7152,#7153));
#7155=FACE_OUTER_BOUND('',#7154,.F.);
#7157=CARTESIAN_POINT('',(-3.199999999595E0,8.435214987755E0,
-7.189054252796E0));
#7158=DIRECTION('',(-1.E0,0.E0,0.E0));
#7159=DIRECTION('',(0.E0,0.E0,1.E0));
#7160=AXIS2_PLACEMENT_3D('',#7157,#7158,#7159);
#7161=PLANE('',#7160);
#7163=ORIENTED_EDGE('',*,*,#7162,.T.);
#7165=ORIENTED_EDGE('',*,*,#7164,.F.);
#7167=ORIENTED_EDGE('',*,*,#7166,.T.);
#7169=ORIENTED_EDGE('',*,*,#7168,.F.);
#7170=EDGE_LOOP('',(#7163,#7165,#7167,#7169));
#7171=FACE_OUTER_BOUND('',#7170,.F.);
#7173=CARTESIAN_POINT('',(-3.199999999595E0,3.724999999416E0,
-7.189054252796E0));
#7174=DIRECTION('',(0.E0,0.E0,-1.E0));
#7175=DIRECTION('',(-1.E0,0.E0,0.E0));
#7176=AXIS2_PLACEMENT_3D('',#7173,#7174,#7175);
#7177=CYLINDRICAL_SURFACE('',#7176,6.625000000342E0);
#7178=ORIENTED_EDGE('',*,*,#7133,.F.);
#7180=ORIENTED_EDGE('',*,*,#7179,.T.);
#7182=ORIENTED_EDGE('',*,*,#7181,.T.);
#7184=ORIENTED_EDGE('',*,*,#7183,.T.);
#7185=EDGE_LOOP('',(#7178,#7180,#7182,#7184));
#7186=FACE_OUTER_BOUND('',#7185,.F.);
#7188=CARTESIAN_POINT('',(-3.199999999595E0,3.724999999416E0,
-7.189054252796E0));
#7189=DIRECTION('',(0.E0,0.E0,-1.E0));
#7190=DIRECTION('',(-1.E0,0.E0,0.E0));
#7191=AXIS2_PLACEMENT_3D('',#7188,#7189,#7190);
#7192=CYLINDRICAL_SURFACE('',#7191,6.625000000342E0);
#7193=ORIENTED_EDGE('',*,*,#7137,.F.);
#7195=ORIENTED_EDGE('',*,*,#7194,.T.);
#7197=ORIENTED_EDGE('',*,*,#7196,.T.);
#7199=ORIENTED_EDGE('',*,*,#7198,.T.);
#7200=EDGE_LOOP('',(#7193,#7195,#7197,#7199));
#7201=FACE_OUTER_BOUND('',#7200,.F.);
#7203=CARTESIAN_POINT('',(2.000000000405E0,9.949999999818E0,-1.225050384189E1));
#7204=DIRECTION('',(-1.E0,0.E0,0.E0));
#7205=DIRECTION('',(0.E0,0.E0,1.E0));
#7206=AXIS2_PLACEMENT_3D('',#7203,#7204,#7205);
#7207=CYLINDRICAL_SURFACE('',#7206,1.299999999940E0);
#7208=ORIENTED_EDGE('',*,*,#7015,.F.);
#7210=ORIENTED_EDGE('',*,*,#7209,.T.);
#7211=ORIENTED_EDGE('',*,*,#7179,.F.);
#7212=ORIENTED_EDGE('',*,*,#7139,.T.);
#7213=ORIENTED_EDGE('',*,*,#7198,.F.);
#7215=ORIENTED_EDGE('',*,*,#7214,.F.);
#7216=EDGE_LOOP('',(#7208,#7210,#7211,#7212,#7213,#7215));
#7217=FACE_OUTER_BOUND('',#7216,.F.);
#7219=CARTESIAN_POINT('',(2.000000000405E0,9.349999999819E0,-1.340376010129E1));
#7220=DIRECTION('',(0.E0,-1.E0,0.E0));
#7221=DIRECTION('',(0.E0,0.E0,1.E0));
#7222=AXIS2_PLACEMENT_3D('',#7219,#7220,#7221);
#7223=PLANE('',#7222);
#7224=ORIENTED_EDGE('',*,*,#7017,.F.);
#7225=ORIENTED_EDGE('',*,*,#7214,.T.);
#7226=ORIENTED_EDGE('',*,*,#7196,.F.);
#7228=ORIENTED_EDGE('',*,*,#7227,.F.);
#7230=ORIENTED_EDGE('',*,*,#7229,.T.);
#7232=ORIENTED_EDGE('',*,*,#7231,.T.);
#7233=ORIENTED_EDGE('',*,*,#7181,.F.);
#7234=ORIENTED_EDGE('',*,*,#7209,.F.);
#7235=EDGE_LOOP('',(#7224,#7225,#7226,#7228,#7230,#7232,#7233,#7234));
#7236=FACE_OUTER_BOUND('',#7235,.F.);
#7238=CARTESIAN_POINT('',(1.567813285386E0,9.949999999818E0,-1.225050384189E1));
#7239=DIRECTION('',(-1.E0,0.E0,0.E0));
#7240=DIRECTION('',(0.E0,0.E0,-1.E0));
#7241=AXIS2_PLACEMENT_3D('',#7238,#7239,#7240);
#7242=CYLINDRICAL_SURFACE('',#7241,9.E-1);
#7243=ORIENTED_EDGE('',*,*,#7183,.F.);
#7244=ORIENTED_EDGE('',*,*,#7231,.F.);
#7246=ORIENTED_EDGE('',*,*,#7245,.T.);
#7248=ORIENTED_EDGE('',*,*,#7247,.F.);
#7250=ORIENTED_EDGE('',*,*,#7249,.T.);
#7251=ORIENTED_EDGE('',*,*,#7227,.T.);
#7252=ORIENTED_EDGE('',*,*,#7194,.F.);
#7253=ORIENTED_EDGE('',*,*,#7135,.T.);
#7254=EDGE_LOOP('',(#7243,#7244,#7246,#7248,#7250,#7251,#7252,#7253));
#7255=FACE_OUTER_BOUND('',#7254,.F.);
#7257=CARTESIAN_POINT('',(1.000000000405E0,9.949999999818E0,-1.225050384189E1));
#7258=DIRECTION('',(-1.E0,0.E0,0.E0));
#7259=DIRECTION('',(0.E0,0.E0,-1.E0));
#7260=AXIS2_PLACEMENT_3D('',#7257,#7258,#7259);
#7261=CONICAL_SURFACE('',#7260,5.671441035299E-1,5.9E1);
#7262=ORIENTED_EDGE('',*,*,#7051,.T.);
#7264=ORIENTED_EDGE('',*,*,#7263,.T.);
#7265=ORIENTED_EDGE('',*,*,#7245,.F.);
#7266=ORIENTED_EDGE('',*,*,#7229,.F.);
#7267=ORIENTED_EDGE('',*,*,#7249,.F.);
#7269=ORIENTED_EDGE('',*,*,#7268,.F.);
#7270=EDGE_LOOP('',(#7262,#7264,#7265,#7266,#7267,#7269));
#7271=FACE_OUTER_BOUND('',#7270,.F.);
#7273=CARTESIAN_POINT('',(1.000000000405E0,9.949999999818E0,-1.225050384189E1));
#7274=DIRECTION('',(-1.E0,0.E0,0.E0));
#7275=DIRECTION('',(0.E0,0.E0,-1.E0));
#7276=AXIS2_PLACEMENT_3D('',#7273,#7274,#7275);
#7277=CONICAL_SURFACE('',#7276,5.671441035299E-1,5.9E1);
#7278=ORIENTED_EDGE('',*,*,#7053,.T.);
#7279=ORIENTED_EDGE('',*,*,#7268,.T.);
#7280=ORIENTED_EDGE('',*,*,#7247,.T.);
#7281=ORIENTED_EDGE('',*,*,#7263,.F.);
#7282=EDGE_LOOP('',(#7278,#7279,#7280,#7281));
#7283=FACE_OUTER_BOUND('',#7282,.F.);
#7285=CARTESIAN_POINT('',(1.567813285386E0,1.340000000009E1,-1.424236227075E1));
#7286=DIRECTION('',(-1.E0,0.E0,0.E0));
#7287=DIRECTION('',(0.E0,0.E0,-1.E0));
#7288=AXIS2_PLACEMENT_3D('',#7285,#7286,#7287);
#7289=CYLINDRICAL_SURFACE('',#7288,9.E-1);
#7290=ORIENTED_EDGE('',*,*,#7109,.F.);
#7291=ORIENTED_EDGE('',*,*,#7092,.F.);
#7293=ORIENTED_EDGE('',*,*,#7292,.T.);
#7295=ORIENTED_EDGE('',*,*,#7294,.F.);
#7296=ORIENTED_EDGE('',*,*,#7086,.T.);
#7297=ORIENTED_EDGE('',*,*,#7121,.F.);
#7298=ORIENTED_EDGE('',*,*,#7150,.T.);
#7299=EDGE_LOOP('',(#7290,#7291,#7293,#7295,#7296,#7297,#7298));
#7300=FACE_OUTER_BOUND('',#7299,.F.);
#7302=CARTESIAN_POINT('',(1.000000000405E0,1.340000000009E1,-1.424236227075E1));
#7303=DIRECTION('',(-1.E0,0.E0,0.E0));
#7304=DIRECTION('',(0.E0,0.E0,-1.E0));
#7305=AXIS2_PLACEMENT_3D('',#7302,#7303,#7304);
#7306=CONICAL_SURFACE('',#7305,5.671441035299E-1,5.9E1);
#7307=ORIENTED_EDGE('',*,*,#7027,.T.);
#7309=ORIENTED_EDGE('',*,*,#7308,.T.);
#7310=ORIENTED_EDGE('',*,*,#7292,.F.);
#7311=ORIENTED_EDGE('',*,*,#7090,.F.);
#7313=ORIENTED_EDGE('',*,*,#7312,.F.);
#7314=EDGE_LOOP('',(#7307,#7309,#7310,#7311,#7313));
#7315=FACE_OUTER_BOUND('',#7314,.F.);
#7317=CARTESIAN_POINT('',(1.000000000405E0,1.340000000009E1,-1.424236227075E1));
#7318=DIRECTION('',(-1.E0,0.E0,0.E0));
#7319=DIRECTION('',(0.E0,0.E0,-1.E0));
#7320=AXIS2_PLACEMENT_3D('',#7317,#7318,#7319);
#7321=CONICAL_SURFACE('',#7320,5.671441035299E-1,5.9E1);
#7322=ORIENTED_EDGE('',*,*,#7029,.T.);
#7323=ORIENTED_EDGE('',*,*,#7312,.T.);
#7324=ORIENTED_EDGE('',*,*,#7088,.F.);
#7325=ORIENTED_EDGE('',*,*,#7294,.T.);
#7326=ORIENTED_EDGE('',*,*,#7308,.F.);
#7327=EDGE_LOOP('',(#7322,#7323,#7324,#7325,#7326));
#7328=FACE_OUTER_BOUND('',#7327,.F.);
#7330=CARTESIAN_POINT('',(-3.199999999595E0,1.212915607616E1,
-2.336912479575E0));
#7331=DIRECTION('',(0.E0,-8.660254037844E-1,5.E-1));
#7332=DIRECTION('',(-1.E0,0.E0,0.E0));
#7333=AXIS2_PLACEMENT_3D('',#7330,#7331,#7332);
#7334=CYLINDRICAL_SURFACE('',#7333,6.625000000342E0);
#7335=ORIENTED_EDGE('',*,*,#7162,.F.);
#7337=ORIENTED_EDGE('',*,*,#7336,.T.);
#7339=ORIENTED_EDGE('',*,*,#7338,.T.);
#7341=ORIENTED_EDGE('',*,*,#7340,.T.);
#7342=EDGE_LOOP('',(#7335,#7337,#7339,#7341));
#7343=FACE_OUTER_BOUND('',#7342,.F.);
#7345=CARTESIAN_POINT('',(-3.199999999595E0,1.212915607616E1,
-2.336912479575E0));
#7346=DIRECTION('',(0.E0,-8.660254037844E-1,5.E-1));
#7347=DIRECTION('',(-1.E0,0.E0,0.E0));
#7348=AXIS2_PLACEMENT_3D('',#7345,#7346,#7347);
#7349=CYLINDRICAL_SURFACE('',#7348,6.625000000342E0);
#7350=ORIENTED_EDGE('',*,*,#7166,.F.);
#7352=ORIENTED_EDGE('',*,*,#7351,.T.);
#7354=ORIENTED_EDGE('',*,*,#7353,.T.);
#7356=ORIENTED_EDGE('',*,*,#7355,.T.);
#7357=EDGE_LOOP('',(#7350,#7352,#7354,#7356));
#7358=FACE_OUTER_BOUND('',#7357,.F.);
#7360=CARTESIAN_POINT('',(2.000000000405E0,1.340000000009E1,-1.025864541303E1));
#7361=DIRECTION('',(-1.E0,0.E0,0.E0));
#7362=DIRECTION('',(0.E0,0.E0,1.E0));
#7363=AXIS2_PLACEMENT_3D('',#7360,#7361,#7362);
#7364=CYLINDRICAL_SURFACE('',#7363,1.299999999940E0);
#7365=ORIENTED_EDGE('',*,*,#7009,.F.);
#7367=ORIENTED_EDGE('',*,*,#7366,.T.);
#7368=ORIENTED_EDGE('',*,*,#7336,.F.);
#7369=ORIENTED_EDGE('',*,*,#7168,.T.);
#7370=ORIENTED_EDGE('',*,*,#7355,.F.);
#7372=ORIENTED_EDGE('',*,*,#7371,.F.);
#7373=EDGE_LOOP('',(#7365,#7367,#7368,#7369,#7370,#7372));
#7374=FACE_OUTER_BOUND('',#7373,.F.);
#7376=CARTESIAN_POINT('',(2.000000000405E0,1.270125078238E1,-9.162402041058E0));
#7377=DIRECTION('',(0.E0,4.999999999999E-1,8.660254037845E-1));
#7378=DIRECTION('',(0.E0,8.660254037845E-1,-4.999999999999E-1));
#7379=AXIS2_PLACEMENT_3D('',#7376,#7377,#7378);
#7380=PLANE('',#7379);
#7381=ORIENTED_EDGE('',*,*,#7011,.F.);
#7382=ORIENTED_EDGE('',*,*,#7371,.T.);
#7383=ORIENTED_EDGE('',*,*,#7353,.F.);
#7385=ORIENTED_EDGE('',*,*,#7384,.F.);
#7387=ORIENTED_EDGE('',*,*,#7386,.T.);
#7389=ORIENTED_EDGE('',*,*,#7388,.T.);
#7391=ORIENTED_EDGE('',*,*,#7390,.T.);
#7392=ORIENTED_EDGE('',*,*,#7338,.F.);
#7393=ORIENTED_EDGE('',*,*,#7366,.F.);
#7394=EDGE_LOOP('',(#7381,#7382,#7383,#7385,#7387,#7389,#7391,#7392,#7393));
#7395=FACE_OUTER_BOUND('',#7394,.F.);
#7397=CARTESIAN_POINT('',(1.567813285386E0,1.340000000009E1,-1.025864541303E1));
#7398=DIRECTION('',(-1.E0,0.E0,0.E0));
#7399=DIRECTION('',(0.E0,0.E0,-1.E0));
#7400=AXIS2_PLACEMENT_3D('',#7397,#7398,#7399);
#7401=CYLINDRICAL_SURFACE('',#7400,9.E-1);
#7402=ORIENTED_EDGE('',*,*,#7340,.F.);
#7403=ORIENTED_EDGE('',*,*,#7390,.F.);
#7405=ORIENTED_EDGE('',*,*,#7404,.F.);
#7407=ORIENTED_EDGE('',*,*,#7406,.T.);
#7408=ORIENTED_EDGE('',*,*,#7384,.T.);
#7409=ORIENTED_EDGE('',*,*,#7351,.F.);
#7410=ORIENTED_EDGE('',*,*,#7164,.T.);
#7411=EDGE_LOOP('',(#7402,#7403,#7405,#7407,#7408,#7409,#7410));
#7412=FACE_OUTER_BOUND('',#7411,.F.);
#7414=CARTESIAN_POINT('',(1.000000000405E0,1.340000000009E1,-1.025864541303E1));
#7415=DIRECTION('',(-1.E0,0.E0,0.E0));
#7416=DIRECTION('',(0.E0,0.E0,-1.E0));
#7417=AXIS2_PLACEMENT_3D('',#7414,#7415,#7416);
#7418=CONICAL_SURFACE('',#7417,5.671441035299E-1,5.9E1);
#7419=ORIENTED_EDGE('',*,*,#7041,.T.);
#7421=ORIENTED_EDGE('',*,*,#7420,.T.);
#7422=ORIENTED_EDGE('',*,*,#7404,.T.);
#7423=ORIENTED_EDGE('',*,*,#7388,.F.);
#7425=ORIENTED_EDGE('',*,*,#7424,.F.);
#7426=EDGE_LOOP('',(#7419,#7421,#7422,#7423,#7425));
#7427=FACE_OUTER_BOUND('',#7426,.F.);
#7429=CARTESIAN_POINT('',(1.000000000405E0,1.340000000009E1,-1.025864541303E1));
#7430=DIRECTION('',(-1.E0,0.E0,0.E0));
#7431=DIRECTION('',(0.E0,0.E0,-1.E0));
#7432=AXIS2_PLACEMENT_3D('',#7429,#7430,#7431);
#7433=CONICAL_SURFACE('',#7432,5.671441035299E-1,5.9E1);
#7434=ORIENTED_EDGE('',*,*,#7039,.T.);
#7435=ORIENTED_EDGE('',*,*,#7424,.T.);
#7436=ORIENTED_EDGE('',*,*,#7386,.F.);
#7437=ORIENTED_EDGE('',*,*,#7406,.F.);
#7438=ORIENTED_EDGE('',*,*,#7420,.F.);
#7439=EDGE_LOOP('',(#7434,#7435,#7436,#7437,#7438));
#7440=FACE_OUTER_BOUND('',#7439,.F.);
#7442=CARTESIAN_POINT('',(1.500000002023E-1,1.225E1,-1.225050384189E1));
#7443=DIRECTION('',(1.E0,0.E0,0.E0));
#7444=DIRECTION('',(0.E0,0.E0,-1.E0));
#7445=AXIS2_PLACEMENT_3D('',#7442,#7443,#7444);
#7446=CONICAL_SURFACE('',#7445,5.449999999798E0,4.5E1);
#7447=ORIENTED_EDGE('',*,*,#6954,.T.);
#7448=ORIENTED_EDGE('',*,*,#6944,.T.);
#7450=ORIENTED_EDGE('',*,*,#7449,.F.);
#7451=ORIENTED_EDGE('',*,*,#6941,.F.);
#7452=EDGE_LOOP('',(#7447,#7448,#7450,#7451));
#7453=FACE_OUTER_BOUND('',#7452,.F.);
#7455=CARTESIAN_POINT('',(2.253730669994E0,1.225E1,-1.225050384189E1));
#7456=DIRECTION('',(-1.E0,0.E0,0.E0));
#7457=DIRECTION('',(0.E0,1.E0,0.E0));
#7458=AXIS2_PLACEMENT_3D('',#7455,#7456,#7457);
#7459=CYLINDRICAL_SURFACE('',#7458,5.6E0);
#7460=ORIENTED_EDGE('',*,*,#7449,.T.);
#7461=ORIENTED_EDGE('',*,*,#6929,.T.);
#7462=ORIENTED_EDGE('',*,*,#6914,.F.);
#7463=ORIENTED_EDGE('',*,*,#6926,.T.);
#7464=EDGE_LOOP('',(#7460,#7461,#7462,#7463));
#7465=FACE_OUTER_BOUND('',#7464,.F.);
#7467=CARTESIAN_POINT('',(1.450000000345E0,1.225E1,-1.225050384189E1));
#7468=DIRECTION('',(1.E0,0.E0,0.E0));
#7469=DIRECTION('',(0.E0,0.E0,-1.E0));
#7470=AXIS2_PLACEMENT_3D('',#7467,#7468,#7469);
#7471=CONICAL_SURFACE('',#7470,1.059999999994E1,4.5E1);
#7472=ORIENTED_EDGE('',*,*,#6907,.T.);
#7473=ORIENTED_EDGE('',*,*,#6897,.T.);
#7474=ORIENTED_EDGE('',*,*,#6854,.F.);
#7475=ORIENTED_EDGE('',*,*,#6894,.F.);
#7476=EDGE_LOOP('',(#7472,#7473,#7474,#7475));
#7477=FACE_OUTER_BOUND('',#7476,.F.);
#7479=CARTESIAN_POINT('',(5.463502531911E0,1.250599522724E1,-4.272728311848E0));
#7480=CARTESIAN_POINT('',(5.437322907079E0,1.381827096504E1,-4.314837333898E0));
#7481=CARTESIAN_POINT('',(5.384963657415E0,1.642007599593E1,-5.059825391496E0));
#7482=CARTESIAN_POINT('',(5.306424782919E0,1.932893064281E1,-7.893150613416E0));
#7483=CARTESIAN_POINT('',(5.227885908422E0,2.054832544970E1,-1.176619473765E1));
#7484=CARTESIAN_POINT('',(5.149347033926E0,1.978770387684E1,-1.575480964298E1));
#7485=CARTESIAN_POINT('',(5.070808159430E0,1.722843397966E1,-1.890722643547E1));
#7486=CARTESIAN_POINT('',(4.992269284934E0,1.348129776235E1,-2.047131231939E1));
#7487=CARTESIAN_POINT('',(4.913730410437E0,9.440140290665E0,-2.007355176470E1));
#7488=CARTESIAN_POINT('',(4.861371160773E0,7.193549760135E0,-1.856450318602E1));
#7489=CARTESIAN_POINT('',(4.835191535941E0,6.315522669337E0,-1.758833249931E1));
#7490=CARTESIAN_POINT('',(5.297271176230E0,1.249676100858E1,-4.560501347486E0));
#7491=CARTESIAN_POINT('',(5.271091551398E0,1.376170054706E1,-4.601091419666E0));
#7492=CARTESIAN_POINT('',(5.218732301734E0,1.626965368539E1,-5.319206387887E0));
#7493=CARTESIAN_POINT('',(5.140193427238E0,1.907358059536E1,-8.050328358163E0));
#7494=CARTESIAN_POINT('',(5.061654552741E0,2.024898958893E1,-1.178366465775E1));
#7495=CARTESIAN_POINT('',(4.983115678245E0,1.951580503508E1,-1.562840288782E1));
#7496=CARTESIAN_POINT('',(4.904576803749E0,1.704885270996E1,-1.866710620885E1));
#7497=CARTESIAN_POINT('',(4.826037929253E0,1.343688258753E1,-2.017477263837E1));
#7498=CARTESIAN_POINT('',(4.747499054756E0,9.541497098114E0,-1.979136003842E1));
#7499=CARTESIAN_POINT('',(4.695139805092E0,7.375945219822E0,-1.833674561733E1));
#7500=CARTESIAN_POINT('',(4.668960180260E0,6.529590181006E0,-1.739578720260E1));
#7501=CARTESIAN_POINT('',(5.131039820549E0,1.248752678992E1,-4.848274383125E0));
#7502=CARTESIAN_POINT('',(5.104860195717E0,1.370513012908E1,-4.887345505434E0));
#7503=CARTESIAN_POINT('',(5.052500946053E0,1.611923137485E1,-5.578587384278E0));
#7504=CARTESIAN_POINT('',(4.973962071557E0,1.881823054791E1,-8.207506102909E0));
#7505=CARTESIAN_POINT('',(4.895423197060E0,1.994965372815E1,-1.180113457786E1));
#7506=CARTESIAN_POINT('',(4.816884322564E0,1.924390619333E1,-1.550199613265E1));
#7507=CARTESIAN_POINT('',(4.738345448068E0,1.686927144026E1,-1.842698598224E1));
#7508=CARTESIAN_POINT('',(4.659806573572E0,1.339246741271E1,-1.987823295734E1));
#7509=CARTESIAN_POINT('',(4.581267699075E0,9.642853905564E0,-1.950916831214E1));
#7510=CARTESIAN_POINT('',(4.528908449411E0,7.558340679509E0,-1.810898804864E1));
#7511=CARTESIAN_POINT('',(4.502728824579E0,6.743657692675E0,-1.720324190590E1));
#7512=CARTESIAN_POINT('',(4.964808464868E0,1.247829257126E1,-5.136047418763E0));
#7513=CARTESIAN_POINT('',(4.938628840036E0,1.364855971109E1,-5.173599591203E0));
#7514=CARTESIAN_POINT('',(4.886269590372E0,1.596880906431E1,-5.837968380670E0));
#7515=CARTESIAN_POINT('',(4.807730715876E0,1.856288050045E1,-8.364683847656E0));
#7516=CARTESIAN_POINT('',(4.729191841379E0,1.965031786737E1,-1.181860449796E1));
#7517=CARTESIAN_POINT('',(4.650652966883E0,1.897200735158E1,-1.537558937749E1));
#7518=CARTESIAN_POINT('',(4.572114092387E0,1.668969017056E1,-1.818686575562E1));
#7519=CARTESIAN_POINT('',(4.493575217890E0,1.334805223789E1,-1.958169327632E1));
#7520=CARTESIAN_POINT('',(4.415036343394E0,9.744210713013E0,-1.922697658586E1));
#7521=CARTESIAN_POINT('',(4.362677093730E0,7.740736139195E0,-1.788123047995E1));
#7522=CARTESIAN_POINT('',(4.336497468898E0,6.957725204345E0,-1.701069660920E1));
#7523=B_SPLINE_SURFACE_WITH_KNOTS('',3,3,((#7479,#7480,#7481,#7482,#7483,#7484,
#7485,#7486,#7487,#7488,#7489),(#7490,#7491,#7492,#7493,#7494,#7495,#7496,#7497,
#7498,#7499,#7500),(#7501,#7502,#7503,#7504,#7505,#7506,#7507,#7508,#7509,#7510,
#7511),(#7512,#7513,#7514,#7515,#7516,#7517,#7518,#7519,#7520,#7521,#7522)),
.UNSPECIFIED.,.F.,.F.,.F.,(4,4),(4,1,1,1,1,1,1,1,4),(-1.169739011083E-1,
1.116973901108E0),(5.074526548206E-1,5.276402902508E-1,5.478279256810E-1,
5.680155611113E-1,5.882031965415E-1,6.083908319717E-1,6.285784674019E-1,
6.487661028321E-1,6.689537382624E-1),.UNSPECIFIED.);
#7524=ORIENTED_EDGE('',*,*,#4619,.T.);
#7525=ORIENTED_EDGE('',*,*,#5385,.F.);
#7527=ORIENTED_EDGE('',*,*,#7526,.T.);
#7529=ORIENTED_EDGE('',*,*,#7528,.T.);
#7530=EDGE_LOOP('',(#7524,#7525,#7527,#7529));
#7531=FACE_OUTER_BOUND('',#7530,.F.);
#7533=CARTESIAN_POINT('',(5.463502531911E0,1.250599522724E1,-4.272728311848E0));
#7534=CARTESIAN_POINT('',(5.437322907079E0,1.381827096504E1,-4.314837333898E0));
#7535=CARTESIAN_POINT('',(5.384963657415E0,1.642007599593E1,-5.059825391496E0));
#7536=CARTESIAN_POINT('',(5.306424782919E0,1.932893064281E1,-7.893150613416E0));
#7537=CARTESIAN_POINT('',(5.227885908422E0,2.054832544970E1,-1.176619473765E1));
#7538=CARTESIAN_POINT('',(5.149347033926E0,1.978770387684E1,-1.575480964298E1));
#7539=CARTESIAN_POINT('',(5.070808159430E0,1.722843397966E1,-1.890722643547E1));
#7540=CARTESIAN_POINT('',(4.992269284934E0,1.348129776235E1,-2.047131231939E1));
#7541=CARTESIAN_POINT('',(4.913730410437E0,9.440140290665E0,-2.007355176470E1));
#7542=CARTESIAN_POINT('',(4.861371160773E0,7.193549760135E0,-1.856450318602E1));
#7543=CARTESIAN_POINT('',(4.835191535941E0,6.315522669337E0,-1.758833249931E1));
#7544=CARTESIAN_POINT('',(5.297271176230E0,1.249676100858E1,-4.560501347486E0));
#7545=CARTESIAN_POINT('',(5.271091551398E0,1.376170054706E1,-4.601091419666E0));
#7546=CARTESIAN_POINT('',(5.218732301734E0,1.626965368539E1,-5.319206387887E0));
#7547=CARTESIAN_POINT('',(5.140193427238E0,1.907358059536E1,-8.050328358163E0));
#7548=CARTESIAN_POINT('',(5.061654552741E0,2.024898958893E1,-1.178366465775E1));
#7549=CARTESIAN_POINT('',(4.983115678245E0,1.951580503508E1,-1.562840288782E1));
#7550=CARTESIAN_POINT('',(4.904576803749E0,1.704885270996E1,-1.866710620885E1));
#7551=CARTESIAN_POINT('',(4.826037929253E0,1.343688258753E1,-2.017477263837E1));
#7552=CARTESIAN_POINT('',(4.747499054756E0,9.541497098114E0,-1.979136003842E1));
#7553=CARTESIAN_POINT('',(4.695139805092E0,7.375945219822E0,-1.833674561733E1));
#7554=CARTESIAN_POINT('',(4.668960180260E0,6.529590181006E0,-1.739578720260E1));
#7555=CARTESIAN_POINT('',(5.131039820549E0,1.248752678992E1,-4.848274383125E0));
#7556=CARTESIAN_POINT('',(5.104860195717E0,1.370513012908E1,-4.887345505434E0));
#7557=CARTESIAN_POINT('',(5.052500946053E0,1.611923137485E1,-5.578587384278E0));
#7558=CARTESIAN_POINT('',(4.973962071557E0,1.881823054791E1,-8.207506102909E0));
#7559=CARTESIAN_POINT('',(4.895423197060E0,1.994965372815E1,-1.180113457786E1));
#7560=CARTESIAN_POINT('',(4.816884322564E0,1.924390619333E1,-1.550199613265E1));
#7561=CARTESIAN_POINT('',(4.738345448068E0,1.686927144026E1,-1.842698598224E1));
#7562=CARTESIAN_POINT('',(4.659806573572E0,1.339246741271E1,-1.987823295734E1));
#7563=CARTESIAN_POINT('',(4.581267699075E0,9.642853905564E0,-1.950916831214E1));
#7564=CARTESIAN_POINT('',(4.528908449411E0,7.558340679509E0,-1.810898804864E1));
#7565=CARTESIAN_POINT('',(4.502728824579E0,6.743657692675E0,-1.720324190590E1));
#7566=CARTESIAN_POINT('',(4.964808464868E0,1.247829257126E1,-5.136047418763E0));
#7567=CARTESIAN_POINT('',(4.938628840036E0,1.364855971109E1,-5.173599591203E0));
#7568=CARTESIAN_POINT('',(4.886269590372E0,1.596880906431E1,-5.837968380670E0));
#7569=CARTESIAN_POINT('',(4.807730715876E0,1.856288050045E1,-8.364683847656E0));
#7570=CARTESIAN_POINT('',(4.729191841379E0,1.965031786737E1,-1.181860449796E1));
#7571=CARTESIAN_POINT('',(4.650652966883E0,1.897200735158E1,-1.537558937749E1));
#7572=CARTESIAN_POINT('',(4.572114092387E0,1.668969017056E1,-1.818686575562E1));
#7573=CARTESIAN_POINT('',(4.493575217890E0,1.334805223789E1,-1.958169327632E1));
#7574=CARTESIAN_POINT('',(4.415036343394E0,9.744210713013E0,-1.922697658586E1));
#7575=CARTESIAN_POINT('',(4.362677093730E0,7.740736139195E0,-1.788123047995E1));
#7576=CARTESIAN_POINT('',(4.336497468898E0,6.957725204345E0,-1.701069660920E1));
#7577=B_SPLINE_SURFACE_WITH_KNOTS('',3,3,((#7533,#7534,#7535,#7536,#7537,#7538,
#7539,#7540,#7541,#7542,#7543),(#7544,#7545,#7546,#7547,#7548,#7549,#7550,#7551,
#7552,#7553,#7554),(#7555,#7556,#7557,#7558,#7559,#7560,#7561,#7562,#7563,#7564,
#7565),(#7566,#7567,#7568,#7569,#7570,#7571,#7572,#7573,#7574,#7575,#7576)),
.UNSPECIFIED.,.F.,.F.,.F.,(4,4),(4,1,1,1,1,1,1,1,4),(-1.169739011083E-1,
1.116973901108E0),(5.074526548206E-1,5.276402902508E-1,5.478279256810E-1,
5.680155611113E-1,5.882031965415E-1,6.083908319717E-1,6.285784674019E-1,
6.487661028321E-1,6.689537382624E-1),.UNSPECIFIED.);
#7578=ORIENTED_EDGE('',*,*,#4615,.T.);
#7579=ORIENTED_EDGE('',*,*,#4720,.F.);
#7581=ORIENTED_EDGE('',*,*,#7580,.T.);
#7582=ORIENTED_EDGE('',*,*,#5381,.F.);
#7583=EDGE_LOOP('',(#7578,#7579,#7581,#7582));
#7584=FACE_OUTER_BOUND('',#7583,.F.);
#7586=CARTESIAN_POINT('',(5.000000000405E0,1.225E1,-1.225050384189E1));
#7587=DIRECTION('',(1.E0,0.E0,0.E0));
#7588=DIRECTION('',(0.E0,-1.E0,0.E0));
#7589=AXIS2_PLACEMENT_3D('',#7586,#7587,#7588);
#7590=PLANE('',#7589);
#7592=ORIENTED_EDGE('',*,*,#7591,.F.);
#7594=ORIENTED_EDGE('',*,*,#7593,.T.);
#7596=ORIENTED_EDGE('',*,*,#7595,.T.);
#7598=ORIENTED_EDGE('',*,*,#7597,.T.);
#7600=ORIENTED_EDGE('',*,*,#7599,.T.);
#7602=ORIENTED_EDGE('',*,*,#7601,.T.);
#7604=ORIENTED_EDGE('',*,*,#7603,.F.);
#7606=ORIENTED_EDGE('',*,*,#7605,.T.);
#7608=ORIENTED_EDGE('',*,*,#7607,.T.);
#7610=ORIENTED_EDGE('',*,*,#7609,.T.);
#7612=ORIENTED_EDGE('',*,*,#7611,.T.);
#7614=ORIENTED_EDGE('',*,*,#7613,.T.);
#7615=EDGE_LOOP('',(#7592,#7594,#7596,#7598,#7600,#7602,#7604,#7606,#7608,#7610,
#7612,#7614));
#7616=FACE_OUTER_BOUND('',#7615,.F.);
#7617=ORIENTED_EDGE('',*,*,#4718,.F.);
#7619=ORIENTED_EDGE('',*,*,#7618,.F.);
#7621=ORIENTED_EDGE('',*,*,#7620,.F.);
#7622=ORIENTED_EDGE('',*,*,#7526,.F.);
#7623=ORIENTED_EDGE('',*,*,#5383,.T.);
#7624=ORIENTED_EDGE('',*,*,#7580,.F.);
#7625=EDGE_LOOP('',(#7617,#7619,#7621,#7622,#7623,#7624));
#7626=FACE_BOUND('',#7625,.F.);
#7628=CARTESIAN_POINT('',(5.463502531911E0,1.000958198378E1,-1.900684418317E1));
#7629=CARTESIAN_POINT('',(5.437322907079E0,8.898221871824E0,-1.863831461072E1));
#7630=CARTESIAN_POINT('',(5.384963657415E0,6.862386848371E0,-1.734204353304E1));
#7631=CARTESIAN_POINT('',(5.306424782919E0,5.093192311453E0,-1.418238400115E1));
#7632=CARTESIAN_POINT('',(5.227885908422E0,5.031990965856E0,-1.056183952817E1));
#7633=CARTESIAN_POINT('',(5.149347033926E0,6.693041001617E0,-7.344206956275E0));
#7634=CARTESIAN_POINT('',(5.070808159430E0,9.680093644276E0,-5.297315874904E0));
#7635=CARTESIAN_POINT('',(4.992269284934E0,1.328032683055E1,-4.909490024790E0));
#7636=CARTESIAN_POINT('',(4.913730410437E0,1.663483216460E1,-6.273598389527E0));
#7637=CARTESIAN_POINT('',(4.861371160773E0,1.817333964424E1,-8.133151476861E0));
#7638=CARTESIAN_POINT('',(4.835191535941E0,1.867671834552E1,-9.190291594024E0));
#7639=CARTESIAN_POINT('',(5.297271176230E0,9.918959193324E0,-1.928013176190E1));
#7640=CARTESIAN_POINT('',(5.271091551398E0,8.762645615626E0,-1.889669551668E1));
#7641=CARTESIAN_POINT('',(5.218732301734E0,6.644462990345E0,-1.754799149953E1));
#7642=CARTESIAN_POINT('',(5.140193427238E0,4.803706207172E0,-1.426052672702E1));
#7643=CARTESIAN_POINT('',(5.061654552741E0,4.740029325010E0,-1.049353465330E1));
#7644=CARTESIAN_POINT('',(4.983115678245E0,6.468267264205E0,-7.145751886127E0));
#7645=CARTESIAN_POINT('',(4.904576803749E0,9.576143362019E0,-5.016065995838E0));
#7646=CARTESIAN_POINT('',(4.826037929253E0,1.332200257668E1,-4.612552956774E0));
#7647=CARTESIAN_POINT('',(4.747499054756E0,1.681219447983E1,-6.031838215108E0));
#7648=CARTESIAN_POINT('',(4.695139805092E0,1.841293313237E1,-7.966608466628E0));
#7649=CARTESIAN_POINT('',(4.668960180260E0,1.893667302617E1,-9.066508902011E0));
#7650=CARTESIAN_POINT('',(5.131039820549E0,9.828336402870E0,-1.955341934062E1));
#7651=CARTESIAN_POINT('',(5.104860195717E0,8.627069359428E0,-1.915507642264E1));
#7652=CARTESIAN_POINT('',(5.052500946053E0,6.426539132318E0,-1.775393946602E1));
#7653=CARTESIAN_POINT('',(4.973962071557E0,4.514220102890E0,-1.433866945288E1));
#7654=CARTESIAN_POINT('',(4.895423197060E0,4.448067684165E0,-1.042522977843E1));
#7655=CARTESIAN_POINT('',(4.816884322564E0,6.243493526793E0,-6.947296815980E0));
#7656=CARTESIAN_POINT('',(4.738345448068E0,9.472193079761E0,-4.734816116772E0));
#7657=CARTESIAN_POINT('',(4.659806573572E0,1.336367832281E1,-4.315615888758E0));
#7658=CARTESIAN_POINT('',(4.581267699075E0,1.698955679505E1,-5.790078040689E0));
#7659=CARTESIAN_POINT('',(4.528908449411E0,1.865252662050E1,-7.800065456395E0));
#7660=CARTESIAN_POINT('',(4.502728824579E0,1.919662770683E1,-8.942726209997E0));
#7661=CARTESIAN_POINT('',(4.964808464868E0,9.737713612416E0,-1.982670691935E1));
#7662=CARTESIAN_POINT('',(4.938628840036E0,8.491493103230E0,-1.941345732860E1));
#7663=CARTESIAN_POINT('',(4.886269590372E0,6.208615274292E0,-1.795988743250E1));
#7664=CARTESIAN_POINT('',(4.807730715876E0,4.224733998609E0,-1.441681217874E1));
#7665=CARTESIAN_POINT('',(4.729191841379E0,4.156106043319E0,-1.035692490357E1));
#7666=CARTESIAN_POINT('',(4.650652966883E0,6.018719789381E0,-6.748841745832E0));
#7667=CARTESIAN_POINT('',(4.572114092387E0,9.368242797504E0,-4.453566237707E0));
#7668=CARTESIAN_POINT('',(4.493575217891E0,1.340535406893E1,-4.018678820742E0));
#7669=CARTESIAN_POINT('',(4.415036343394E0,1.716691911028E1,-5.548317866271E0));
#7670=CARTESIAN_POINT('',(4.362677093730E0,1.889212010862E1,-7.633522446163E0));
#7671=CARTESIAN_POINT('',(4.336497468898E0,1.945658238748E1,-8.818943517984E0));
#7672=B_SPLINE_SURFACE_WITH_KNOTS('',3,3,((#7628,#7629,#7630,#7631,#7632,#7633,
#7634,#7635,#7636,#7637,#7638),(#7639,#7640,#7641,#7642,#7643,#7644,#7645,#7646,
#7647,#7648,#7649),(#7650,#7651,#7652,#7653,#7654,#7655,#7656,#7657,#7658,#7659,
#7660),(#7661,#7662,#7663,#7664,#7665,#7666,#7667,#7668,#7669,#7670,#7671)),
.UNSPECIFIED.,.F.,.F.,.F.,(4,4),(4,1,1,1,1,1,1,1,4),(-1.169739011083E-1,
1.116973901108E0),(3.907191574886E-1,4.109067929188E-1,4.310944283490E-1,
4.512820637792E-1,4.714696992094E-1,4.916573346397E-1,5.118449700699E-1,
5.320326055001E-1,5.522202409303E-1),.UNSPECIFIED.);
#7673=ORIENTED_EDGE('',*,*,#4623,.T.);
#7675=ORIENTED_EDGE('',*,*,#7674,.F.);
#7676=ORIENTED_EDGE('',*,*,#7618,.T.);
#7677=ORIENTED_EDGE('',*,*,#4716,.F.);
#7678=EDGE_LOOP('',(#7673,#7675,#7676,#7677));
#7679=FACE_OUTER_BOUND('',#7678,.F.);
#7681=CARTESIAN_POINT('',(5.056000000405E0,1.055548097838E1,-5.252746680816E0));
#7682=CARTESIAN_POINT('',(5.034333333738E0,1.150812541956E1,-5.022062178729E0));
#7683=CARTESIAN_POINT('',(4.991000000405E0,1.350842481054E1,-4.955328756690E0));
#7684=CARTESIAN_POINT('',(4.926000000405E0,1.630227598552E1,-6.055087180431E0));
#7685=CARTESIAN_POINT('',(4.861000000405E0,1.842947529065E1,-8.174071865306E0));
#7686=CARTESIAN_POINT('',(4.817666667071E0,1.916993615599E1,-1.003347195944E1));
#7687=CARTESIAN_POINT('',(4.796000000405E0,1.934034841552E1,-1.099872137416E1));
#7688=CARTESIAN_POINT('',(5.038666667071E0,1.055548097838E1,-5.252746680816E0));
#7689=CARTESIAN_POINT('',(5.017000000405E0,1.150812541956E1,-5.022062178729E0));
#7690=CARTESIAN_POINT('',(4.973666667071E0,1.350842481054E1,-4.955328756690E0));
#7691=CARTESIAN_POINT('',(4.908666667071E0,1.630227598552E1,-6.055087180431E0));
#7692=CARTESIAN_POINT('',(4.843666667071E0,1.842947529065E1,-8.174071865306E0));
#7693=CARTESIAN_POINT('',(4.800333333738E0,1.916993615599E1,-1.003347195944E1));
#7694=CARTESIAN_POINT('',(4.778666667071E0,1.934034841552E1,-1.099872137416E1));
#7695=CARTESIAN_POINT('',(5.021333333738E0,1.055548097838E1,-5.252746680816E0));
#7696=CARTESIAN_POINT('',(4.999666667071E0,1.150812541956E1,-5.022062178729E0));
#7697=CARTESIAN_POINT('',(4.956333333738E0,1.350842481054E1,-4.955328756690E0));
#7698=CARTESIAN_POINT('',(4.891333333738E0,1.630227598552E1,-6.055087180431E0));
#7699=CARTESIAN_POINT('',(4.826333333738E0,1.842947529065E1,-8.174071865306E0));
#7700=CARTESIAN_POINT('',(4.783000000405E0,1.916993615599E1,-1.003347195944E1));
#7701=CARTESIAN_POINT('',(4.761333333738E0,1.934034841552E1,-1.099872137416E1));
#7702=CARTESIAN_POINT('',(5.004000000405E0,1.055548097838E1,-5.252746680816E0));
#7703=CARTESIAN_POINT('',(4.982333333738E0,1.150812541956E1,-5.022062178729E0));
#7704=CARTESIAN_POINT('',(4.939000000405E0,1.350842481054E1,-4.955328756690E0));
#7705=CARTESIAN_POINT('',(4.874000000405E0,1.630227598552E1,-6.055087180431E0));
#7706=CARTESIAN_POINT('',(4.809000000405E0,1.842947529065E1,-8.174071865306E0));
#7707=CARTESIAN_POINT('',(4.765666667071E0,1.916993615599E1,-1.003347195944E1));
#7708=CARTESIAN_POINT('',(4.744000000405E0,1.934034841552E1,-1.099872137416E1));
#7709=B_SPLINE_SURFACE_WITH_KNOTS('',3,3,((#7681,#7682,#7683,#7684,#7685,#7686,
#7687),(#7688,#7689,#7690,#7691,#7692,#7693,#7694),(#7695,#7696,#7697,#7698,
#7699,#7700,#7701),(#7702,#7703,#7704,#7705,#7706,#7707,#7708)),.UNSPECIFIED.,
.F.,.F.,.F.,(4,4),(4,1,1,1,4),(-2.000000000004E-2,1.02E0),(4.964212426951E-1,
5.131288452853E-1,5.298364478755E-1,5.465440504656E-1,5.632516530558E-1),
.UNSPECIFIED.);
#7710=ORIENTED_EDGE('',*,*,#4621,.T.);
#7711=ORIENTED_EDGE('',*,*,#7528,.F.);
#7712=ORIENTED_EDGE('',*,*,#7620,.T.);
#7713=ORIENTED_EDGE('',*,*,#7674,.T.);
#7714=EDGE_LOOP('',(#7710,#7711,#7712,#7713));
#7715=FACE_OUTER_BOUND('',#7714,.F.);
#7717=CARTESIAN_POINT('',(5.000000000405E0,1.225E1,-1.225050384189E1));
#7718=DIRECTION('',(1.E0,0.E0,0.E0));
#7719=DIRECTION('',(0.E0,0.E0,-1.E0));
#7720=AXIS2_PLACEMENT_3D('',#7717,#7718,#7719);
#7721=CYLINDRICAL_SURFACE('',#7720,1.225E1);
#7723=ORIENTED_EDGE('',*,*,#7722,.T.);
#7725=ORIENTED_EDGE('',*,*,#7724,.F.);
#7726=ORIENTED_EDGE('',*,*,#7591,.T.);
#7728=ORIENTED_EDGE('',*,*,#7727,.T.);
#7729=EDGE_LOOP('',(#7723,#7725,#7726,#7728));
#7730=FACE_OUTER_BOUND('',#7729,.F.);
#7732=CARTESIAN_POINT('',(5.000000000405E0,1.225E1,-1.225050384189E1));
#7733=DIRECTION('',(1.E0,0.E0,0.E0));
#7734=DIRECTION('',(0.E0,0.E0,-1.E0));
#7735=AXIS2_PLACEMENT_3D('',#7732,#7733,#7734);
#7736=CYLINDRICAL_SURFACE('',#7735,1.225E1);
#7738=ORIENTED_EDGE('',*,*,#7737,.T.);
#7740=ORIENTED_EDGE('',*,*,#7739,.F.);
#7741=ORIENTED_EDGE('',*,*,#7595,.F.);
#7743=ORIENTED_EDGE('',*,*,#7742,.T.);
#7744=EDGE_LOOP('',(#7738,#7740,#7741,#7743));
#7745=FACE_OUTER_BOUND('',#7744,.F.);
#7747=CARTESIAN_POINT('',(5.000000000405E0,1.225E1,-1.225050384189E1));
#7748=DIRECTION('',(1.E0,0.E0,0.E0));
#7749=DIRECTION('',(0.E0,0.E0,-1.E0));
#7750=AXIS2_PLACEMENT_3D('',#7747,#7748,#7749);
#7751=CYLINDRICAL_SURFACE('',#7750,1.225E1);
#7753=ORIENTED_EDGE('',*,*,#7752,.T.);
#7755=ORIENTED_EDGE('',*,*,#7754,.F.);
#7756=ORIENTED_EDGE('',*,*,#7611,.F.);
#7758=ORIENTED_EDGE('',*,*,#7757,.T.);
#7759=EDGE_LOOP('',(#7753,#7755,#7756,#7758));
#7760=FACE_OUTER_BOUND('',#7759,.F.);
#7762=CARTESIAN_POINT('',(5.000000000405E0,1.225E1,-1.225050384189E1));
#7763=DIRECTION('',(1.E0,0.E0,0.E0));
#7764=DIRECTION('',(0.E0,0.E0,-1.E0));
#7765=AXIS2_PLACEMENT_3D('',#7762,#7763,#7764);
#7766=CYLINDRICAL_SURFACE('',#7765,1.225E1);
#7768=ORIENTED_EDGE('',*,*,#7767,.T.);
#7770=ORIENTED_EDGE('',*,*,#7769,.F.);
#7771=ORIENTED_EDGE('',*,*,#7599,.F.);
#7773=ORIENTED_EDGE('',*,*,#7772,.T.);
#7774=EDGE_LOOP('',(#7768,#7770,#7771,#7773));
#7775=FACE_OUTER_BOUND('',#7774,.F.);
#7777=CARTESIAN_POINT('',(5.000000000405E0,1.225E1,-1.225050384189E1));
#7778=DIRECTION('',(1.E0,0.E0,0.E0));
#7779=DIRECTION('',(0.E0,0.E0,-1.E0));
#7780=AXIS2_PLACEMENT_3D('',#7777,#7778,#7779);
#7781=CYLINDRICAL_SURFACE('',#7780,1.225E1);
#7783=ORIENTED_EDGE('',*,*,#7782,.T.);
#7785=ORIENTED_EDGE('',*,*,#7784,.F.);
#7786=ORIENTED_EDGE('',*,*,#7603,.T.);
#7788=ORIENTED_EDGE('',*,*,#7787,.T.);
#7789=EDGE_LOOP('',(#7783,#7785,#7786,#7788));
#7790=FACE_OUTER_BOUND('',#7789,.F.);
#7792=CARTESIAN_POINT('',(5.000000000405E0,1.225E1,-1.225050384189E1));
#7793=DIRECTION('',(1.E0,0.E0,0.E0));
#7794=DIRECTION('',(0.E0,0.E0,-1.E0));
#7795=AXIS2_PLACEMENT_3D('',#7792,#7793,#7794);
#7796=CYLINDRICAL_SURFACE('',#7795,1.225E1);
#7798=ORIENTED_EDGE('',*,*,#7797,.T.);
#7800=ORIENTED_EDGE('',*,*,#7799,.F.);
#7801=ORIENTED_EDGE('',*,*,#7607,.F.);
#7803=ORIENTED_EDGE('',*,*,#7802,.T.);
#7804=EDGE_LOOP('',(#7798,#7800,#7801,#7803));
#7805=FACE_OUTER_BOUND('',#7804,.F.);
#7807=CARTESIAN_POINT('',(7.610288568702E0,1.225E1,-1.225050384189E1));
#7808=DIRECTION('',(-1.E0,0.E0,0.E0));
#7809=DIRECTION('',(0.E0,1.E0,0.E0));
#7810=AXIS2_PLACEMENT_3D('',#7807,#7808,#7809);
#7811=CONICAL_SURFACE('',#7810,1.1575E1,6.E1);
#7813=ORIENTED_EDGE('',*,*,#7812,.F.);
#7814=ORIENTED_EDGE('',*,*,#7752,.F.);
#7816=ORIENTED_EDGE('',*,*,#7815,.F.);
#7818=ORIENTED_EDGE('',*,*,#7817,.T.);
#7819=EDGE_LOOP('',(#7813,#7814,#7816,#7818));
#7820=FACE_OUTER_BOUND('',#7819,.F.);
#7822=CARTESIAN_POINT('',(7.610288568702E0,1.225E1,-1.225050384189E1));
#7823=DIRECTION('',(-1.E0,0.E0,0.E0));
#7824=DIRECTION('',(0.E0,1.E0,0.E0));
#7825=AXIS2_PLACEMENT_3D('',#7822,#7823,#7824);
#7826=CONICAL_SURFACE('',#7825,1.1575E1,6.E1);
#7828=ORIENTED_EDGE('',*,*,#7827,.F.);
#7829=ORIENTED_EDGE('',*,*,#7722,.F.);
#7831=ORIENTED_EDGE('',*,*,#7830,.F.);
#7833=ORIENTED_EDGE('',*,*,#7832,.T.);
#7834=EDGE_LOOP('',(#7828,#7829,#7831,#7833));
#7835=FACE_OUTER_BOUND('',#7834,.F.);
#7837=CARTESIAN_POINT('',(7.610288568702E0,1.225E1,-1.225050384189E1));
#7838=DIRECTION('',(-1.E0,0.E0,0.E0));
#7839=DIRECTION('',(0.E0,1.E0,0.E0));
#7840=AXIS2_PLACEMENT_3D('',#7837,#7838,#7839);
#7841=CONICAL_SURFACE('',#7840,1.1575E1,6.E1);
#7843=ORIENTED_EDGE('',*,*,#7842,.F.);
#7844=ORIENTED_EDGE('',*,*,#7737,.F.);
#7846=ORIENTED_EDGE('',*,*,#7845,.F.);
#7848=ORIENTED_EDGE('',*,*,#7847,.T.);
#7849=EDGE_LOOP('',(#7843,#7844,#7846,#7848));
#7850=FACE_OUTER_BOUND('',#7849,.F.);
#7852=CARTESIAN_POINT('',(5.000000000405E0,2.315E1,-5.957385907722E0));
#7853=DIRECTION('',(0.E0,5.E-1,8.660254037844E-1));
#7854=DIRECTION('',(0.E0,-8.660254037844E-1,5.E-1));
#7855=AXIS2_PLACEMENT_3D('',#7852,#7853,#7854);
#7856=PLANE('',#7855);
#7857=ORIENTED_EDGE('',*,*,#7812,.T.);
#7858=ORIENTED_EDGE('',*,*,#7830,.T.);
#7859=ORIENTED_EDGE('',*,*,#7727,.F.);
#7860=ORIENTED_EDGE('',*,*,#7613,.F.);
#7861=ORIENTED_EDGE('',*,*,#7754,.T.);
#7862=EDGE_LOOP('',(#7857,#7858,#7859,#7860,#7861));
#7863=FACE_OUTER_BOUND('',#7862,.F.);
#7865=CARTESIAN_POINT('',(5.000000000405E0,2.315E1,-1.854362177606E1));
#7866=DIRECTION('',(0.E0,1.E0,0.E0));
#7867=DIRECTION('',(0.E0,0.E0,1.E0));
#7868=AXIS2_PLACEMENT_3D('',#7865,#7866,#7867);
#7869=PLANE('',#7868);
#7870=ORIENTED_EDGE('',*,*,#7815,.T.);
#7871=ORIENTED_EDGE('',*,*,#7757,.F.);
#7872=ORIENTED_EDGE('',*,*,#7609,.F.);
#7873=ORIENTED_EDGE('',*,*,#7799,.T.);
#7875=ORIENTED_EDGE('',*,*,#7874,.T.);
#7876=EDGE_LOOP('',(#7870,#7871,#7872,#7873,#7875));
#7877=FACE_OUTER_BOUND('',#7876,.F.);
#7879=CARTESIAN_POINT('',(7.610288568702E0,1.225E1,-1.225050384189E1));
#7880=DIRECTION('',(-1.E0,0.E0,0.E0));
#7881=DIRECTION('',(0.E0,1.E0,0.E0));
#7882=AXIS2_PLACEMENT_3D('',#7879,#7880,#7881);
#7883=CONICAL_SURFACE('',#7882,1.1575E1,6.E1);
#7885=ORIENTED_EDGE('',*,*,#7884,.F.);
#7886=ORIENTED_EDGE('',*,*,#7767,.F.);
#7888=ORIENTED_EDGE('',*,*,#7887,.F.);
#7890=ORIENTED_EDGE('',*,*,#7889,.T.);
#7891=EDGE_LOOP('',(#7885,#7886,#7888,#7890));
#7892=FACE_OUTER_BOUND('',#7891,.F.);
#7894=CARTESIAN_POINT('',(7.610288568702E0,1.225E1,-1.225050384189E1));
#7895=DIRECTION('',(-1.E0,0.E0,0.E0));
#7896=DIRECTION('',(0.E0,1.E0,0.E0));
#7897=AXIS2_PLACEMENT_3D('',#7894,#7895,#7896);
#7898=CONICAL_SURFACE('',#7897,1.1575E1,6.E1);
#7899=ORIENTED_EDGE('',*,*,#7874,.F.);
#7900=ORIENTED_EDGE('',*,*,#7797,.F.);
#7902=ORIENTED_EDGE('',*,*,#7901,.F.);
#7904=ORIENTED_EDGE('',*,*,#7903,.T.);
#7905=EDGE_LOOP('',(#7899,#7900,#7902,#7904));
#7906=FACE_OUTER_BOUND('',#7905,.F.);
#7908=CARTESIAN_POINT('',(7.610288568702E0,1.225E1,-1.225050384189E1));
#7909=DIRECTION('',(-1.E0,0.E0,0.E0));
#7910=DIRECTION('',(0.E0,1.E0,0.E0));
#7911=AXIS2_PLACEMENT_3D('',#7908,#7909,#7910);
#7912=CONICAL_SURFACE('',#7911,1.1575E1,6.E1);
#7914=ORIENTED_EDGE('',*,*,#7913,.F.);
#7915=ORIENTED_EDGE('',*,*,#7782,.F.);
#7917=ORIENTED_EDGE('',*,*,#7916,.F.);
#7919=ORIENTED_EDGE('',*,*,#7918,.T.);
#7920=EDGE_LOOP('',(#7914,#7915,#7917,#7919));
#7921=FACE_OUTER_BOUND('',#7920,.F.);
#7923=CARTESIAN_POINT('',(5.000000000405E0,1.35E0,-1.854362177606E1));
#7924=DIRECTION('',(0.E0,-5.E-1,-8.660254037844E-1));
#7925=DIRECTION('',(0.E0,8.660254037844E-1,-5.E-1));
#7926=AXIS2_PLACEMENT_3D('',#7923,#7924,#7925);
#7927=PLANE('',#7926);
#7928=ORIENTED_EDGE('',*,*,#7884,.T.);
#7929=ORIENTED_EDGE('',*,*,#7916,.T.);
#7930=ORIENTED_EDGE('',*,*,#7787,.F.);
#7931=ORIENTED_EDGE('',*,*,#7601,.F.);
#7932=ORIENTED_EDGE('',*,*,#7769,.T.);
#7933=EDGE_LOOP('',(#7928,#7929,#7930,#7931,#7932));
#7934=FACE_OUTER_BOUND('',#7933,.F.);
#7936=CARTESIAN_POINT('',(5.000000000405E0,1.35E0,-5.957385907722E0));
#7937=DIRECTION('',(0.E0,-1.E0,0.E0));
#7938=DIRECTION('',(0.E0,0.E0,-1.E0));
#7939=AXIS2_PLACEMENT_3D('',#7936,#7937,#7938);
#7940=PLANE('',#7939);
#7941=ORIENTED_EDGE('',*,*,#7842,.T.);
#7942=ORIENTED_EDGE('',*,*,#7887,.T.);
#7943=ORIENTED_EDGE('',*,*,#7772,.F.);
#7944=ORIENTED_EDGE('',*,*,#7597,.F.);
#7945=ORIENTED_EDGE('',*,*,#7739,.T.);
#7946=EDGE_LOOP('',(#7941,#7942,#7943,#7944,#7945));
#7947=FACE_OUTER_BOUND('',#7946,.F.);
#7949=CARTESIAN_POINT('',(8.000000000405E0,1.225E1,-1.225050384189E1));
#7950=DIRECTION('',(1.E0,0.E0,0.E0));
#7951=DIRECTION('',(0.E0,-1.E0,0.E0));
#7952=AXIS2_PLACEMENT_3D('',#7949,#7950,#7951);
#7953=PLANE('',#7952);
#7954=ORIENTED_EDGE('',*,*,#7817,.F.);
#7955=ORIENTED_EDGE('',*,*,#7903,.F.);
#7956=ORIENTED_EDGE('',*,*,#7918,.F.);
#7957=ORIENTED_EDGE('',*,*,#7889,.F.);
#7958=ORIENTED_EDGE('',*,*,#7847,.F.);
#7959=ORIENTED_EDGE('',*,*,#7832,.F.);
#7960=EDGE_LOOP('',(#7954,#7955,#7956,#7957,#7958,#7959));
#7961=FACE_OUTER_BOUND('',#7960,.F.);
#7962=ORIENTED_EDGE('',*,*,#4730,.T.);
#7964=ORIENTED_EDGE('',*,*,#7963,.F.);
#7965=ORIENTED_EDGE('',*,*,#5395,.F.);
#7967=ORIENTED_EDGE('',*,*,#7966,.F.);
#7969=ORIENTED_EDGE('',*,*,#7968,.F.);
#7970=ORIENTED_EDGE('',*,*,#5335,.F.);
#7971=EDGE_LOOP('',(#7962,#7964,#7965,#7967,#7969,#7970));
#7972=FACE_BOUND('',#7971,.F.);
#7974=CARTESIAN_POINT('',(1.139378114582E1,1.586595168179E1,-5.134653267358E0));
#7975=CARTESIAN_POINT('',(1.135823818243E1,1.745508495964E1,-5.942178536254E0));
#7976=CARTESIAN_POINT('',(1.128715225567E1,2.006531060957E1,-8.658986675494E0));
#7977=CARTESIAN_POINT('',(1.118052336552E1,2.060679573386E1,-1.428934095336E1));
#7978=CARTESIAN_POINT('',(1.107389447538E1,1.753418639190E1,-1.903760859236E1));
#7979=CARTESIAN_POINT('',(1.096726558523E1,1.217747485388E1,-2.085186378013E1));
#7980=CARTESIAN_POINT('',(1.086063669509E1,6.852023992828E0,-1.894754659305E1));
#7981=CARTESIAN_POINT('',(1.075400780494E1,3.860241729191E0,-1.414798822192E1));
#7982=CARTESIAN_POINT('',(1.064737891480E1,4.495498484290E0,-8.528109298478E0));
#7983=CARTESIAN_POINT('',(1.054075002465E1,8.483169652406E0,-4.517490426667E0));
#7984=CARTESIAN_POINT('',(1.043412113451E1,1.409930988925E1,-3.849994231024E0));
#7985=CARTESIAN_POINT('',(1.032749224436E1,1.891595981751E1,-6.814191816579E0));
#7986=CARTESIAN_POINT('',(1.022086335421E1,2.085079354771E1,-1.212860635162E1));
#7987=CARTESIAN_POINT('',(1.011423446407E1,1.906734716792E1,-1.749571940250E1));
#7988=CARTESIAN_POINT('',(1.000760557392E1,1.433663710587E1,-2.059522997662E1));
#7989=CARTESIAN_POINT('',(9.900976683778E0,8.703835717245E0,-2.008716305079E1));
#7990=CARTESIAN_POINT('',(9.794347793632E0,4.604105908287E0,-1.619116523500E1));
#7991=CARTESIAN_POINT('',(9.687718903487E0,3.809835745321E0,-1.059154753423E1));
#7992=CARTESIAN_POINT('',(9.581090013341E0,6.664402724762E0,-5.709126941288E0));
#7993=CARTESIAN_POINT('',(9.474461123196E0,1.193372541109E1,-3.654663041759E0));
#7994=CARTESIAN_POINT('',(9.367832233050E0,1.733977937784E1,-5.316338098258E0));
#7995=CARTESIAN_POINT('',(9.261203342905E0,2.054542877023E1,-9.975779638107E0));
#7996=CARTESIAN_POINT('',(9.154574452759E0,2.016481281051E1,-1.561862599272E1));
#7997=CARTESIAN_POINT('',(9.047945562614E0,1.636247874204E1,-1.980537163170E1));
#7998=CARTESIAN_POINT('',(8.941316672468E0,1.078224497229E1,-2.072600996054E1));
#7999=CARTESIAN_POINT('',(8.834687782323E0,5.836548649324E0,-1.798253220191E1));
#8000=CARTESIAN_POINT('',(8.728058892177E0,3.663503930881E0,-1.276099394852E1));
#8001=CARTESIAN_POINT('',(8.621430002032E0,5.202560276473E0,-7.318761334586E0));
#8002=CARTESIAN_POINT('',(8.514801111886E0,9.788346029509E0,-4.008611685690E0));
#8003=CARTESIAN_POINT('',(8.408172221741E0,1.543837768746E1,-4.261580234415E0));
#8004=CARTESIAN_POINT('',(8.301543331595E0,1.970991117676E1,-7.968314921130E0));
#8005=CARTESIAN_POINT('',(8.194914441450E0,2.075677796372E1,-1.352628610405E1));
#8006=CARTESIAN_POINT('',(8.088285551304E0,1.812455702109E1,-1.853283265265E1));
#8007=CARTESIAN_POINT('',(8.017199624540E0,1.468023748731E1,-2.005958979058E1));
#8008=CARTESIAN_POINT('',(7.981656661159E0,1.290368732691E1,-2.020557322202E1));
#8009=CARTESIAN_POINT('',(1.122754979013E1,1.573551765438E1,-5.391335084648E0));
#8010=CARTESIAN_POINT('',(1.119200682675E1,1.726732797225E1,-6.169731431940E0));
#8011=CARTESIAN_POINT('',(1.112092089999E1,1.978339798241E1,-8.788539304999E0));
#8012=CARTESIAN_POINT('',(1.101429200984E1,2.030535074240E1,-1.421579634904E1));
#8013=CARTESIAN_POINT('',(1.090766311970E1,1.734357607037E1,-1.879278524155E1));
#8014=CARTESIAN_POINT('',(1.080103422955E1,1.218009096928E1,-2.054159690802E1));
#8015=CARTESIAN_POINT('',(1.069440533941E1,7.046738915056E0,-1.870597194420E1));
#8016=CARTESIAN_POINT('',(1.058777644926E1,4.162875739984E0,-1.407954247059E1));
#8017=CARTESIAN_POINT('',(1.048114755912E1,4.775217615598E0,-8.662382915674E0));
#8018=CARTESIAN_POINT('',(1.037451866897E1,8.619046150783E0,-4.796434442671E0));
#8019=CARTESIAN_POINT('',(1.026788977882E1,1.403260188040E1,-4.153016062426E0));
#8020=CARTESIAN_POINT('',(1.016126088868E1,1.867550638724E1,-7.010289589487E0));
#8021=CARTESIAN_POINT('',(1.005463199853E1,2.054054710635E1,-1.213300341828E1));
#8022=CARTESIAN_POINT('',(9.948003108388E0,1.882143291749E1,-1.730651483053E1));
#8023=CARTESIAN_POINT('',(9.841374218242E0,1.426136826784E1,-2.029422035780E1));
#8024=CARTESIAN_POINT('',(9.734745328097E0,8.831752384827E0,-1.980448034039E1));
#8025=CARTESIAN_POINT('',(9.628116437951E0,4.879907370067E0,-1.604901833111E1));
#8026=CARTESIAN_POINT('',(9.521487547806E0,4.114287992656E0,-1.065138913931E1));
#8027=CARTESIAN_POINT('',(9.414858657660E0,6.865885491192E0,-5.945086436620E0));
#8028=CARTESIAN_POINT('',(9.308229767515E0,1.194513401719E1,-3.964730828399E0));
#8029=CARTESIAN_POINT('',(9.201600877369E0,1.715618167485E1,-5.566466209553E0));
#8030=CARTESIAN_POINT('',(9.094971987224E0,2.024619739801E1,-1.005783312368E1));
#8031=CARTESIAN_POINT('',(8.988343097078E0,1.987931095596E1,-1.549713163228E1));
#8032=CARTESIAN_POINT('',(8.881714206933E0,1.621413407038E1,-1.953285365604E1));
#8033=CARTESIAN_POINT('',(8.775085316787E0,1.083518959555E1,-2.042028286718E1));
#8034=CARTESIAN_POINT('',(8.668456426642E0,6.067893634797E0,-1.777576739694E1));
#8035=CARTESIAN_POINT('',(8.561827536496E0,3.973234635887E0,-1.274257963151E1));
#8036=CARTESIAN_POINT('',(8.455198646351E0,5.456774388550E0,-7.496658357004E0));
#8037=CARTESIAN_POINT('',(8.348569756205E0,9.877142415558E0,-4.305911893781E0));
#8038=CARTESIAN_POINT('',(8.241940866060E0,1.532336704039E1,-4.549755401709E0));
#8039=CARTESIAN_POINT('',(8.135311975914E0,1.944081846077E1,-8.122781351059E0));
#8040=CARTESIAN_POINT('',(8.028683085769E0,2.044992283739E1,-1.348026629151E1));
#8041=CARTESIAN_POINT('',(7.922054195623E0,1.791265094519E1,-1.830621749835E1));
#8042=CARTESIAN_POINT('',(7.850968268859E0,1.459257435159E1,-1.977790169839E1));
#8043=CARTESIAN_POINT('',(7.815425305478E0,1.288010762280E1,-1.991861923897E1));
#8044=CARTESIAN_POINT('',(1.106131843445E1,1.560508362696E1,-5.648016901938E0));
#8045=CARTESIAN_POINT('',(1.102577547107E1,1.707957098486E1,-6.397284327626E0));
#8046=CARTESIAN_POINT('',(1.095468954431E1,1.950148535524E1,-8.918091934504E0));
#8047=CARTESIAN_POINT('',(1.084806065416E1,2.000390575093E1,-1.414225174471E1));
#8048=CARTESIAN_POINT('',(1.074143176402E1,1.715296574884E1,-1.854796189075E1));
#8049=CARTESIAN_POINT('',(1.063480287387E1,1.218270708469E1,-2.023133003592E1));
#8050=CARTESIAN_POINT('',(1.052817398373E1,7.241453837284E0,-1.846439729534E1));
#8051=CARTESIAN_POINT('',(1.042154509358E1,4.465509750777E0,-1.401109671926E1));
#8052=CARTESIAN_POINT('',(1.031491620343E1,5.054936746907E0,-8.796656532871E0));
#8053=CARTESIAN_POINT('',(1.020828731329E1,8.754922649160E0,-5.075378458675E0));
#8054=CARTESIAN_POINT('',(1.010165842314E1,1.396589387155E1,-4.456037893827E0));
#8055=CARTESIAN_POINT('',(9.995029532998E0,1.843505295697E1,-7.206387362395E0));
#8056=CARTESIAN_POINT('',(9.888400642852E0,2.023030066500E1,-1.213740048494E1));
#8057=CARTESIAN_POINT('',(9.781771752707E0,1.857551866707E1,-1.711731025856E1));
#8058=CARTESIAN_POINT('',(9.675142862561E0,1.418609942981E1,-1.999321073897E1));
#8059=CARTESIAN_POINT('',(9.568513972416E0,8.959669052409E0,-1.952179762999E1));
#8060=CARTESIAN_POINT('',(9.461885082270E0,5.155708831847E0,-1.590687142722E1));
#8061=CARTESIAN_POINT('',(9.355256192125E0,4.418740239991E0,-1.071123074438E1));
#8062=CARTESIAN_POINT('',(9.248627301979E0,7.067368257622E0,-6.181045931952E0));
#8063=CARTESIAN_POINT('',(9.141998411834E0,1.195654262328E1,-4.274798615040E0));
#8064=CARTESIAN_POINT('',(9.035369521688E0,1.697258397186E1,-5.816594320848E0));
#8065=CARTESIAN_POINT('',(8.928740631543E0,1.994696602579E1,-1.013988660925E1));
#8066=CARTESIAN_POINT('',(8.822111741397E0,1.959380910142E1,-1.537563727185E1));
#8067=CARTESIAN_POINT('',(8.715482851252E0,1.606578939871E1,-1.926033568038E1));
#8068=CARTESIAN_POINT('',(8.608853961106E0,1.088813421881E1,-2.011455577381E1));
#8069=CARTESIAN_POINT('',(8.502225070961E0,6.299238620270E0,-1.756900259198E1));
#8070=CARTESIAN_POINT('',(8.395596180815E0,4.282965340894E0,-1.272416531450E1));
#8071=CARTESIAN_POINT('',(8.288967290670E0,5.710988500627E0,-7.674555379422E0));
#8072=CARTESIAN_POINT('',(8.182338400524E0,9.965938801607E0,-4.603212101873E0));
#8073=CARTESIAN_POINT('',(8.075709510379E0,1.520835639332E1,-4.837930569003E0));
#8074=CARTESIAN_POINT('',(7.969080620233E0,1.917172574478E1,-8.277247780989E0));
#8075=CARTESIAN_POINT('',(7.862451730088E0,2.014306771106E1,-1.343424647897E1));
#8076=CARTESIAN_POINT('',(7.755822839942E0,1.770074486928E1,-1.807960234404E1));
#8077=CARTESIAN_POINT('',(7.684736913178E0,1.450491121587E1,-1.949621360619E1));
#8078=CARTESIAN_POINT('',(7.649193949797E0,1.285652791870E1,-1.963166525592E1));
#8079=CARTESIAN_POINT('',(1.089508707877E1,1.547464959955E1,-5.904698719227E0));
#8080=CARTESIAN_POINT('',(1.085954411539E1,1.689181399747E1,-6.624837223313E0));
#8081=CARTESIAN_POINT('',(1.078845818863E1,1.921957272808E1,-9.047644564010E0));
#8082=CARTESIAN_POINT('',(1.068182929848E1,1.970246075947E1,-1.406870714039E1));
#8083=CARTESIAN_POINT('',(1.057520040834E1,1.696235542731E1,-1.830313853994E1));
#8084=CARTESIAN_POINT('',(1.046857151819E1,1.218532320009E1,-1.992106316382E1));
#8085=CARTESIAN_POINT('',(1.036194262804E1,7.436168759512E0,-1.822282264649E1));
#8086=CARTESIAN_POINT('',(1.025531373790E1,4.768143761570E0,-1.394265096793E1));
#8087=CARTESIAN_POINT('',(1.014868484775E1,5.334655878215E0,-8.930930150067E0));
#8088=CARTESIAN_POINT('',(1.004205595761E1,8.890799147537E0,-5.354322474679E0));
#8089=CARTESIAN_POINT('',(9.935427067462E0,1.389918586270E1,-4.759059725229E0));
#8090=CARTESIAN_POINT('',(9.828798177317E0,1.819459952670E1,-7.402485135302E0));
#8091=CARTESIAN_POINT('',(9.722169287171E0,1.992005422364E1,-1.214179755160E1));
#8092=CARTESIAN_POINT('',(9.615540397026E0,1.832960441665E1,-1.692810568659E1));
#8093=CARTESIAN_POINT('',(9.508911506880E0,1.411083059177E1,-1.969220112015E1));
#8094=CARTESIAN_POINT('',(9.402282616735E0,9.087585719991E0,-1.923911491959E1));
#8095=CARTESIAN_POINT('',(9.295653726589E0,5.431510293627E0,-1.576472452333E1));
#8096=CARTESIAN_POINT('',(9.189024836444E0,4.723192487326E0,-1.077107234946E1));
#8097=CARTESIAN_POINT('',(9.082395946298E0,7.268851024051E0,-6.417005427284E0));
#8098=CARTESIAN_POINT('',(8.975767056153E0,1.196795122938E1,-4.584866401681E0));
#8099=CARTESIAN_POINT('',(8.869138166007E0,1.678898626887E1,-6.066722432143E0));
#8100=CARTESIAN_POINT('',(8.762509275862E0,1.964773465356E1,-1.022194009483E1));
#8101=CARTESIAN_POINT('',(8.655880385716E0,1.930830724687E1,-1.525414291141E1));
#8102=CARTESIAN_POINT('',(8.549251495571E0,1.591744472705E1,-1.898781770472E1));
#8103=CARTESIAN_POINT('',(8.442622605425E0,1.094107884207E1,-1.980882868044E1));
#8104=CARTESIAN_POINT('',(8.335993715280E0,6.530583605742E0,-1.736223778701E1));
#8105=CARTESIAN_POINT('',(8.229364825134E0,4.592696045901E0,-1.270575099749E1));
#8106=CARTESIAN_POINT('',(8.122735934989E0,5.965202612703E0,-7.852452401840E0));
#8107=CARTESIAN_POINT('',(8.016107044843E0,1.005473518766E1,-4.900512309965E0));
#8108=CARTESIAN_POINT('',(7.909478154698E0,1.509334574625E1,-5.126105736298E0));
#8109=CARTESIAN_POINT('',(7.802849264552E0,1.890263302879E1,-8.431714210918E0));
#8110=CARTESIAN_POINT('',(7.696220374407E0,1.983621258473E1,-1.338822666643E1));
#8111=CARTESIAN_POINT('',(7.589591484261E0,1.748883879338E1,-1.785298718974E1));
#8112=CARTESIAN_POINT('',(7.518505557497E0,1.441724808014E1,-1.921452551400E1));
#8113=CARTESIAN_POINT('',(7.482962594116E0,1.283294821459E1,-1.934471127287E1));
#8114=B_SPLINE_SURFACE_WITH_KNOTS('',3,3,((#7974,#7975,#7976,#7977,#7978,#7979,
#7980,#7981,#7982,#7983,#7984,#7985,#7986,#7987,#7988,#7989,#7990,#7991,#7992,
#7993,#7994,#7995,#7996,#7997,#7998,#7999,#8000,#8001,#8002,#8003,#8004,#8005,
#8006,#8007,#8008),(#8009,#8010,#8011,#8012,#8013,#8014,#8015,#8016,#8017,#8018,
#8019,#8020,#8021,#8022,#8023,#8024,#8025,#8026,#8027,#8028,#8029,#8030,#8031,
#8032,#8033,#8034,#8035,#8036,#8037,#8038,#8039,#8040,#8041,#8042,#8043),(#8044,
#8045,#8046,#8047,#8048,#8049,#8050,#8051,#8052,#8053,#8054,#8055,#8056,#8057,
#8058,#8059,#8060,#8061,#8062,#8063,#8064,#8065,#8066,#8067,#8068,#8069,#8070,
#8071,#8072,#8073,#8074,#8075,#8076,#8077,#8078),(#8079,#8080,#8081,#8082,#8083,
#8084,#8085,#8086,#8087,#8088,#8089,#8090,#8091,#8092,#8093,#8094,#8095,#8096,
#8097,#8098,#8099,#8100,#8101,#8102,#8103,#8104,#8105,#8106,#8107,#8108,#8109,
#8110,#8111,#8112,#8113)),.UNSPECIFIED.,.F.,.F.,.F.,(4,4),(4,1,1,1,1,1,1,1,1,1,
1,1,1,1,1,1,1,1,1,1,1,1,1,1,1,1,1,1,1,1,1,1,4),(-1.169739011084E-1,
1.116973901108E0),(-1.686639641358E-2,1.054149775849E-2,3.794939193056E-2,
6.535728610263E-2,9.276518027470E-2,1.201730744468E-1,1.475809686188E-1,
1.749888627909E-1,2.023967569630E-1,2.298046511350E-1,2.572125453071E-1,
2.846204394792E-1,3.120283336512E-1,3.394362278233E-1,3.668441219954E-1,
3.942520161675E-1,4.216599103395E-1,4.490678045116E-1,4.764756986837E-1,
5.038835928557E-1,5.312914870278E-1,5.586993811999E-1,5.861072753719E-1,
6.135151695440E-1,6.409230637161E-1,6.683309578881E-1,6.957388520602E-1,
7.231467462323E-1,7.505546404044E-1,7.779625345764E-1,8.053704287485E-1,
8.327783229206E-1,8.601862170926E-1),.UNSPECIFIED.);
#8115=ORIENTED_EDGE('',*,*,#5439,.F.);
#8116=ORIENTED_EDGE('',*,*,#4689,.F.);
#8118=ORIENTED_EDGE('',*,*,#8117,.T.);
#8120=ORIENTED_EDGE('',*,*,#8119,.T.);
#8121=EDGE_LOOP('',(#8115,#8116,#8118,#8120));
#8122=FACE_OUTER_BOUND('',#8121,.F.);
#8124=CARTESIAN_POINT('',(1.139378114582E1,1.586595168179E1,-5.134653267358E0));
#8125=CARTESIAN_POINT('',(1.135823818243E1,1.745508495964E1,-5.942178536254E0));
#8126=CARTESIAN_POINT('',(1.128715225567E1,2.006531060957E1,-8.658986675494E0));
#8127=CARTESIAN_POINT('',(1.118052336552E1,2.060679573386E1,-1.428934095336E1));
#8128=CARTESIAN_POINT('',(1.107389447538E1,1.753418639190E1,-1.903760859236E1));
#8129=CARTESIAN_POINT('',(1.096726558523E1,1.217747485388E1,-2.085186378013E1));
#8130=CARTESIAN_POINT('',(1.086063669509E1,6.852023992828E0,-1.894754659305E1));
#8131=CARTESIAN_POINT('',(1.075400780494E1,3.860241729191E0,-1.414798822192E1));
#8132=CARTESIAN_POINT('',(1.064737891480E1,4.495498484290E0,-8.528109298478E0));
#8133=CARTESIAN_POINT('',(1.054075002465E1,8.483169652406E0,-4.517490426667E0));
#8134=CARTESIAN_POINT('',(1.043412113451E1,1.409930988925E1,-3.849994231024E0));
#8135=CARTESIAN_POINT('',(1.032749224436E1,1.891595981751E1,-6.814191816579E0));
#8136=CARTESIAN_POINT('',(1.022086335421E1,2.085079354771E1,-1.212860635162E1));
#8137=CARTESIAN_POINT('',(1.011423446407E1,1.906734716792E1,-1.749571940250E1));
#8138=CARTESIAN_POINT('',(1.000760557392E1,1.433663710587E1,-2.059522997662E1));
#8139=CARTESIAN_POINT('',(9.900976683778E0,8.703835717245E0,-2.008716305079E1));
#8140=CARTESIAN_POINT('',(9.794347793632E0,4.604105908287E0,-1.619116523500E1));
#8141=CARTESIAN_POINT('',(9.687718903487E0,3.809835745321E0,-1.059154753423E1));
#8142=CARTESIAN_POINT('',(9.581090013341E0,6.664402724762E0,-5.709126941288E0));
#8143=CARTESIAN_POINT('',(9.474461123196E0,1.193372541109E1,-3.654663041759E0));
#8144=CARTESIAN_POINT('',(9.367832233050E0,1.733977937784E1,-5.316338098258E0));
#8145=CARTESIAN_POINT('',(9.261203342905E0,2.054542877023E1,-9.975779638107E0));
#8146=CARTESIAN_POINT('',(9.154574452759E0,2.016481281051E1,-1.561862599272E1));
#8147=CARTESIAN_POINT('',(9.047945562614E0,1.636247874204E1,-1.980537163170E1));
#8148=CARTESIAN_POINT('',(8.941316672468E0,1.078224497229E1,-2.072600996054E1));
#8149=CARTESIAN_POINT('',(8.834687782323E0,5.836548649324E0,-1.798253220191E1));
#8150=CARTESIAN_POINT('',(8.728058892177E0,3.663503930881E0,-1.276099394852E1));
#8151=CARTESIAN_POINT('',(8.621430002032E0,5.202560276473E0,-7.318761334586E0));
#8152=CARTESIAN_POINT('',(8.514801111886E0,9.788346029509E0,-4.008611685690E0));
#8153=CARTESIAN_POINT('',(8.408172221741E0,1.543837768746E1,-4.261580234415E0));
#8154=CARTESIAN_POINT('',(8.301543331595E0,1.970991117676E1,-7.968314921130E0));
#8155=CARTESIAN_POINT('',(8.194914441450E0,2.075677796372E1,-1.352628610405E1));
#8156=CARTESIAN_POINT('',(8.088285551304E0,1.812455702109E1,-1.853283265265E1));
#8157=CARTESIAN_POINT('',(8.017199624540E0,1.468023748731E1,-2.005958979058E1));
#8158=CARTESIAN_POINT('',(7.981656661159E0,1.290368732691E1,-2.020557322202E1));
#8159=CARTESIAN_POINT('',(1.122754979013E1,1.573551765438E1,-5.391335084648E0));
#8160=CARTESIAN_POINT('',(1.119200682675E1,1.726732797225E1,-6.169731431940E0));
#8161=CARTESIAN_POINT('',(1.112092089999E1,1.978339798241E1,-8.788539304999E0));
#8162=CARTESIAN_POINT('',(1.101429200984E1,2.030535074240E1,-1.421579634904E1));
#8163=CARTESIAN_POINT('',(1.090766311970E1,1.734357607037E1,-1.879278524155E1));
#8164=CARTESIAN_POINT('',(1.080103422955E1,1.218009096928E1,-2.054159690802E1));
#8165=CARTESIAN_POINT('',(1.069440533941E1,7.046738915056E0,-1.870597194420E1));
#8166=CARTESIAN_POINT('',(1.058777644926E1,4.162875739984E0,-1.407954247059E1));
#8167=CARTESIAN_POINT('',(1.048114755912E1,4.775217615598E0,-8.662382915674E0));
#8168=CARTESIAN_POINT('',(1.037451866897E1,8.619046150783E0,-4.796434442671E0));
#8169=CARTESIAN_POINT('',(1.026788977882E1,1.403260188040E1,-4.153016062426E0));
#8170=CARTESIAN_POINT('',(1.016126088868E1,1.867550638724E1,-7.010289589487E0));
#8171=CARTESIAN_POINT('',(1.005463199853E1,2.054054710635E1,-1.213300341828E1));
#8172=CARTESIAN_POINT('',(9.948003108388E0,1.882143291749E1,-1.730651483053E1));
#8173=CARTESIAN_POINT('',(9.841374218242E0,1.426136826784E1,-2.029422035780E1));
#8174=CARTESIAN_POINT('',(9.734745328097E0,8.831752384827E0,-1.980448034039E1));
#8175=CARTESIAN_POINT('',(9.628116437951E0,4.879907370067E0,-1.604901833111E1));
#8176=CARTESIAN_POINT('',(9.521487547806E0,4.114287992656E0,-1.065138913931E1));
#8177=CARTESIAN_POINT('',(9.414858657660E0,6.865885491192E0,-5.945086436620E0));
#8178=CARTESIAN_POINT('',(9.308229767515E0,1.194513401719E1,-3.964730828399E0));
#8179=CARTESIAN_POINT('',(9.201600877369E0,1.715618167485E1,-5.566466209553E0));
#8180=CARTESIAN_POINT('',(9.094971987224E0,2.024619739801E1,-1.005783312368E1));
#8181=CARTESIAN_POINT('',(8.988343097078E0,1.987931095596E1,-1.549713163228E1));
#8182=CARTESIAN_POINT('',(8.881714206933E0,1.621413407038E1,-1.953285365604E1));
#8183=CARTESIAN_POINT('',(8.775085316787E0,1.083518959555E1,-2.042028286718E1));
#8184=CARTESIAN_POINT('',(8.668456426642E0,6.067893634797E0,-1.777576739694E1));
#8185=CARTESIAN_POINT('',(8.561827536496E0,3.973234635887E0,-1.274257963151E1));
#8186=CARTESIAN_POINT('',(8.455198646351E0,5.456774388550E0,-7.496658357004E0));
#8187=CARTESIAN_POINT('',(8.348569756205E0,9.877142415558E0,-4.305911893781E0));
#8188=CARTESIAN_POINT('',(8.241940866060E0,1.532336704039E1,-4.549755401709E0));
#8189=CARTESIAN_POINT('',(8.135311975914E0,1.944081846077E1,-8.122781351059E0));
#8190=CARTESIAN_POINT('',(8.028683085769E0,2.044992283739E1,-1.348026629151E1));
#8191=CARTESIAN_POINT('',(7.922054195623E0,1.791265094519E1,-1.830621749835E1));
#8192=CARTESIAN_POINT('',(7.850968268859E0,1.459257435159E1,-1.977790169839E1));
#8193=CARTESIAN_POINT('',(7.815425305478E0,1.288010762280E1,-1.991861923897E1));
#8194=CARTESIAN_POINT('',(1.106131843445E1,1.560508362696E1,-5.648016901938E0));
#8195=CARTESIAN_POINT('',(1.102577547107E1,1.707957098486E1,-6.397284327626E0));
#8196=CARTESIAN_POINT('',(1.095468954431E1,1.950148535524E1,-8.918091934504E0));
#8197=CARTESIAN_POINT('',(1.084806065416E1,2.000390575093E1,-1.414225174471E1));
#8198=CARTESIAN_POINT('',(1.074143176402E1,1.715296574884E1,-1.854796189075E1));
#8199=CARTESIAN_POINT('',(1.063480287387E1,1.218270708469E1,-2.023133003592E1));
#8200=CARTESIAN_POINT('',(1.052817398373E1,7.241453837284E0,-1.846439729534E1));
#8201=CARTESIAN_POINT('',(1.042154509358E1,4.465509750777E0,-1.401109671926E1));
#8202=CARTESIAN_POINT('',(1.031491620343E1,5.054936746907E0,-8.796656532871E0));
#8203=CARTESIAN_POINT('',(1.020828731329E1,8.754922649160E0,-5.075378458675E0));
#8204=CARTESIAN_POINT('',(1.010165842314E1,1.396589387155E1,-4.456037893827E0));
#8205=CARTESIAN_POINT('',(9.995029532998E0,1.843505295697E1,-7.206387362395E0));
#8206=CARTESIAN_POINT('',(9.888400642852E0,2.023030066500E1,-1.213740048494E1));
#8207=CARTESIAN_POINT('',(9.781771752707E0,1.857551866707E1,-1.711731025856E1));
#8208=CARTESIAN_POINT('',(9.675142862561E0,1.418609942981E1,-1.999321073897E1));
#8209=CARTESIAN_POINT('',(9.568513972416E0,8.959669052409E0,-1.952179762999E1));
#8210=CARTESIAN_POINT('',(9.461885082270E0,5.155708831847E0,-1.590687142722E1));
#8211=CARTESIAN_POINT('',(9.355256192125E0,4.418740239991E0,-1.071123074438E1));
#8212=CARTESIAN_POINT('',(9.248627301979E0,7.067368257622E0,-6.181045931952E0));
#8213=CARTESIAN_POINT('',(9.141998411834E0,1.195654262328E1,-4.274798615040E0));
#8214=CARTESIAN_POINT('',(9.035369521688E0,1.697258397186E1,-5.816594320848E0));
#8215=CARTESIAN_POINT('',(8.928740631543E0,1.994696602579E1,-1.013988660925E1));
#8216=CARTESIAN_POINT('',(8.822111741397E0,1.959380910142E1,-1.537563727185E1));
#8217=CARTESIAN_POINT('',(8.715482851252E0,1.606578939871E1,-1.926033568038E1));
#8218=CARTESIAN_POINT('',(8.608853961106E0,1.088813421881E1,-2.011455577381E1));
#8219=CARTESIAN_POINT('',(8.502225070961E0,6.299238620270E0,-1.756900259198E1));
#8220=CARTESIAN_POINT('',(8.395596180815E0,4.282965340894E0,-1.272416531450E1));
#8221=CARTESIAN_POINT('',(8.288967290670E0,5.710988500627E0,-7.674555379422E0));
#8222=CARTESIAN_POINT('',(8.182338400524E0,9.965938801607E0,-4.603212101873E0));
#8223=CARTESIAN_POINT('',(8.075709510379E0,1.520835639332E1,-4.837930569003E0));
#8224=CARTESIAN_POINT('',(7.969080620233E0,1.917172574478E1,-8.277247780989E0));
#8225=CARTESIAN_POINT('',(7.862451730088E0,2.014306771106E1,-1.343424647897E1));
#8226=CARTESIAN_POINT('',(7.755822839942E0,1.770074486928E1,-1.807960234404E1));
#8227=CARTESIAN_POINT('',(7.684736913178E0,1.450491121587E1,-1.949621360619E1));
#8228=CARTESIAN_POINT('',(7.649193949797E0,1.285652791870E1,-1.963166525592E1));
#8229=CARTESIAN_POINT('',(1.089508707877E1,1.547464959955E1,-5.904698719227E0));
#8230=CARTESIAN_POINT('',(1.085954411539E1,1.689181399747E1,-6.624837223313E0));
#8231=CARTESIAN_POINT('',(1.078845818863E1,1.921957272808E1,-9.047644564010E0));
#8232=CARTESIAN_POINT('',(1.068182929848E1,1.970246075947E1,-1.406870714039E1));
#8233=CARTESIAN_POINT('',(1.057520040834E1,1.696235542731E1,-1.830313853994E1));
#8234=CARTESIAN_POINT('',(1.046857151819E1,1.218532320009E1,-1.992106316382E1));
#8235=CARTESIAN_POINT('',(1.036194262804E1,7.436168759512E0,-1.822282264649E1));
#8236=CARTESIAN_POINT('',(1.025531373790E1,4.768143761570E0,-1.394265096793E1));
#8237=CARTESIAN_POINT('',(1.014868484775E1,5.334655878215E0,-8.930930150067E0));
#8238=CARTESIAN_POINT('',(1.004205595761E1,8.890799147537E0,-5.354322474679E0));
#8239=CARTESIAN_POINT('',(9.935427067462E0,1.389918586270E1,-4.759059725229E0));
#8240=CARTESIAN_POINT('',(9.828798177317E0,1.819459952670E1,-7.402485135302E0));
#8241=CARTESIAN_POINT('',(9.722169287171E0,1.992005422364E1,-1.214179755160E1));
#8242=CARTESIAN_POINT('',(9.615540397026E0,1.832960441665E1,-1.692810568659E1));
#8243=CARTESIAN_POINT('',(9.508911506880E0,1.411083059177E1,-1.969220112015E1));
#8244=CARTESIAN_POINT('',(9.402282616735E0,9.087585719991E0,-1.923911491959E1));
#8245=CARTESIAN_POINT('',(9.295653726589E0,5.431510293627E0,-1.576472452333E1));
#8246=CARTESIAN_POINT('',(9.189024836444E0,4.723192487326E0,-1.077107234946E1));
#8247=CARTESIAN_POINT('',(9.082395946298E0,7.268851024051E0,-6.417005427284E0));
#8248=CARTESIAN_POINT('',(8.975767056153E0,1.196795122938E1,-4.584866401681E0));
#8249=CARTESIAN_POINT('',(8.869138166007E0,1.678898626887E1,-6.066722432143E0));
#8250=CARTESIAN_POINT('',(8.762509275862E0,1.964773465356E1,-1.022194009483E1));
#8251=CARTESIAN_POINT('',(8.655880385716E0,1.930830724687E1,-1.525414291141E1));
#8252=CARTESIAN_POINT('',(8.549251495571E0,1.591744472705E1,-1.898781770472E1));
#8253=CARTESIAN_POINT('',(8.442622605425E0,1.094107884207E1,-1.980882868044E1));
#8254=CARTESIAN_POINT('',(8.335993715280E0,6.530583605742E0,-1.736223778701E1));
#8255=CARTESIAN_POINT('',(8.229364825134E0,4.592696045901E0,-1.270575099749E1));
#8256=CARTESIAN_POINT('',(8.122735934989E0,5.965202612703E0,-7.852452401840E0));
#8257=CARTESIAN_POINT('',(8.016107044843E0,1.005473518766E1,-4.900512309965E0));
#8258=CARTESIAN_POINT('',(7.909478154698E0,1.509334574625E1,-5.126105736298E0));
#8259=CARTESIAN_POINT('',(7.802849264552E0,1.890263302879E1,-8.431714210918E0));
#8260=CARTESIAN_POINT('',(7.696220374407E0,1.983621258473E1,-1.338822666643E1));
#8261=CARTESIAN_POINT('',(7.589591484261E0,1.748883879338E1,-1.785298718974E1));
#8262=CARTESIAN_POINT('',(7.518505557497E0,1.441724808014E1,-1.921452551400E1));
#8263=CARTESIAN_POINT('',(7.482962594116E0,1.283294821459E1,-1.934471127287E1));
#8264=B_SPLINE_SURFACE_WITH_KNOTS('',3,3,((#8124,#8125,#8126,#8127,#8128,#8129,
#8130,#8131,#8132,#8133,#8134,#8135,#8136,#8137,#8138,#8139,#8140,#8141,#8142,
#8143,#8144,#8145,#8146,#8147,#8148,#8149,#8150,#8151,#8152,#8153,#8154,#8155,
#8156,#8157,#8158),(#8159,#8160,#8161,#8162,#8163,#8164,#8165,#8166,#8167,#8168,
#8169,#8170,#8171,#8172,#8173,#8174,#8175,#8176,#8177,#8178,#8179,#8180,#8181,
#8182,#8183,#8184,#8185,#8186,#8187,#8188,#8189,#8190,#8191,#8192,#8193),(#8194,
#8195,#8196,#8197,#8198,#8199,#8200,#8201,#8202,#8203,#8204,#8205,#8206,#8207,
#8208,#8209,#8210,#8211,#8212,#8213,#8214,#8215,#8216,#8217,#8218,#8219,#8220,
#8221,#8222,#8223,#8224,#8225,#8226,#8227,#8228),(#8229,#8230,#8231,#8232,#8233,
#8234,#8235,#8236,#8237,#8238,#8239,#8240,#8241,#8242,#8243,#8244,#8245,#8246,
#8247,#8248,#8249,#8250,#8251,#8252,#8253,#8254,#8255,#8256,#8257,#8258,#8259,
#8260,#8261,#8262,#8263)),.UNSPECIFIED.,.F.,.F.,.F.,(4,4),(4,1,1,1,1,1,1,1,1,1,
1,1,1,1,1,1,1,1,1,1,1,1,1,1,1,1,1,1,1,1,1,1,4),(-1.169739011084E-1,
1.116973901108E0),(-1.686639641358E-2,1.054149775849E-2,3.794939193056E-2,
6.535728610263E-2,9.276518027470E-2,1.201730744468E-1,1.475809686188E-1,
1.749888627909E-1,2.023967569630E-1,2.298046511350E-1,2.572125453071E-1,
2.846204394792E-1,3.120283336512E-1,3.394362278233E-1,3.668441219954E-1,
3.942520161675E-1,4.216599103395E-1,4.490678045116E-1,4.764756986837E-1,
5.038835928557E-1,5.312914870278E-1,5.586993811999E-1,5.861072753719E-1,
6.135151695440E-1,6.409230637161E-1,6.683309578881E-1,6.957388520602E-1,
7.231467462323E-1,7.505546404044E-1,7.779625345764E-1,8.053704287485E-1,
8.327783229206E-1,8.601862170926E-1),.UNSPECIFIED.);
#8265=ORIENTED_EDGE('',*,*,#5415,.F.);
#8267=ORIENTED_EDGE('',*,*,#8266,.T.);
#8268=ORIENTED_EDGE('',*,*,#5445,.F.);
#8269=ORIENTED_EDGE('',*,*,#4669,.F.);
#8270=EDGE_LOOP('',(#8265,#8267,#8268,#8269));
#8271=FACE_OUTER_BOUND('',#8270,.F.);
#8273=CARTESIAN_POINT('',(1.139378114582E1,1.586595168179E1,-5.134653267358E0));
#8274=CARTESIAN_POINT('',(1.135823818243E1,1.745508495964E1,-5.942178536254E0));
#8275=CARTESIAN_POINT('',(1.128715225567E1,2.006531060957E1,-8.658986675494E0));
#8276=CARTESIAN_POINT('',(1.118052336552E1,2.060679573386E1,-1.428934095336E1));
#8277=CARTESIAN_POINT('',(1.107389447538E1,1.753418639190E1,-1.903760859236E1));
#8278=CARTESIAN_POINT('',(1.096726558523E1,1.217747485388E1,-2.085186378013E1));
#8279=CARTESIAN_POINT('',(1.086063669509E1,6.852023992828E0,-1.894754659305E1));
#8280=CARTESIAN_POINT('',(1.075400780494E1,3.860241729191E0,-1.414798822192E1));
#8281=CARTESIAN_POINT('',(1.064737891480E1,4.495498484290E0,-8.528109298478E0));
#8282=CARTESIAN_POINT('',(1.054075002465E1,8.483169652406E0,-4.517490426667E0));
#8283=CARTESIAN_POINT('',(1.043412113451E1,1.409930988925E1,-3.849994231024E0));
#8284=CARTESIAN_POINT('',(1.032749224436E1,1.891595981751E1,-6.814191816579E0));
#8285=CARTESIAN_POINT('',(1.022086335421E1,2.085079354771E1,-1.212860635162E1));
#8286=CARTESIAN_POINT('',(1.011423446407E1,1.906734716792E1,-1.749571940250E1));
#8287=CARTESIAN_POINT('',(1.000760557392E1,1.433663710587E1,-2.059522997662E1));
#8288=CARTESIAN_POINT('',(9.900976683778E0,8.703835717245E0,-2.008716305079E1));
#8289=CARTESIAN_POINT('',(9.794347793632E0,4.604105908287E0,-1.619116523500E1));
#8290=CARTESIAN_POINT('',(9.687718903487E0,3.809835745321E0,-1.059154753423E1));
#8291=CARTESIAN_POINT('',(9.581090013341E0,6.664402724762E0,-5.709126941288E0));
#8292=CARTESIAN_POINT('',(9.474461123196E0,1.193372541109E1,-3.654663041759E0));
#8293=CARTESIAN_POINT('',(9.367832233050E0,1.733977937784E1,-5.316338098258E0));
#8294=CARTESIAN_POINT('',(9.261203342905E0,2.054542877023E1,-9.975779638107E0));
#8295=CARTESIAN_POINT('',(9.154574452759E0,2.016481281051E1,-1.561862599272E1));
#8296=CARTESIAN_POINT('',(9.047945562614E0,1.636247874204E1,-1.980537163170E1));
#8297=CARTESIAN_POINT('',(8.941316672468E0,1.078224497229E1,-2.072600996054E1));
#8298=CARTESIAN_POINT('',(8.834687782323E0,5.836548649324E0,-1.798253220191E1));
#8299=CARTESIAN_POINT('',(8.728058892177E0,3.663503930881E0,-1.276099394852E1));
#8300=CARTESIAN_POINT('',(8.621430002032E0,5.202560276473E0,-7.318761334586E0));
#8301=CARTESIAN_POINT('',(8.514801111886E0,9.788346029509E0,-4.008611685690E0));
#8302=CARTESIAN_POINT('',(8.408172221741E0,1.543837768746E1,-4.261580234415E0));
#8303=CARTESIAN_POINT('',(8.301543331595E0,1.970991117676E1,-7.968314921130E0));
#8304=CARTESIAN_POINT('',(8.194914441450E0,2.075677796372E1,-1.352628610405E1));
#8305=CARTESIAN_POINT('',(8.088285551304E0,1.812455702109E1,-1.853283265265E1));
#8306=CARTESIAN_POINT('',(8.017199624540E0,1.468023748731E1,-2.005958979058E1));
#8307=CARTESIAN_POINT('',(7.981656661159E0,1.290368732691E1,-2.020557322202E1));
#8308=CARTESIAN_POINT('',(1.122754979013E1,1.573551765438E1,-5.391335084648E0));
#8309=CARTESIAN_POINT('',(1.119200682675E1,1.726732797225E1,-6.169731431940E0));
#8310=CARTESIAN_POINT('',(1.112092089999E1,1.978339798241E1,-8.788539304999E0));
#8311=CARTESIAN_POINT('',(1.101429200984E1,2.030535074240E1,-1.421579634904E1));
#8312=CARTESIAN_POINT('',(1.090766311970E1,1.734357607037E1,-1.879278524155E1));
#8313=CARTESIAN_POINT('',(1.080103422955E1,1.218009096928E1,-2.054159690802E1));
#8314=CARTESIAN_POINT('',(1.069440533941E1,7.046738915056E0,-1.870597194420E1));
#8315=CARTESIAN_POINT('',(1.058777644926E1,4.162875739984E0,-1.407954247059E1));
#8316=CARTESIAN_POINT('',(1.048114755912E1,4.775217615598E0,-8.662382915674E0));
#8317=CARTESIAN_POINT('',(1.037451866897E1,8.619046150783E0,-4.796434442671E0));
#8318=CARTESIAN_POINT('',(1.026788977882E1,1.403260188040E1,-4.153016062426E0));
#8319=CARTESIAN_POINT('',(1.016126088868E1,1.867550638724E1,-7.010289589487E0));
#8320=CARTESIAN_POINT('',(1.005463199853E1,2.054054710635E1,-1.213300341828E1));
#8321=CARTESIAN_POINT('',(9.948003108388E0,1.882143291749E1,-1.730651483053E1));
#8322=CARTESIAN_POINT('',(9.841374218242E0,1.426136826784E1,-2.029422035780E1));
#8323=CARTESIAN_POINT('',(9.734745328097E0,8.831752384827E0,-1.980448034039E1));
#8324=CARTESIAN_POINT('',(9.628116437951E0,4.879907370067E0,-1.604901833111E1));
#8325=CARTESIAN_POINT('',(9.521487547806E0,4.114287992656E0,-1.065138913931E1));
#8326=CARTESIAN_POINT('',(9.414858657660E0,6.865885491192E0,-5.945086436620E0));
#8327=CARTESIAN_POINT('',(9.308229767515E0,1.194513401719E1,-3.964730828399E0));
#8328=CARTESIAN_POINT('',(9.201600877369E0,1.715618167485E1,-5.566466209553E0));
#8329=CARTESIAN_POINT('',(9.094971987224E0,2.024619739801E1,-1.005783312368E1));
#8330=CARTESIAN_POINT('',(8.988343097078E0,1.987931095596E1,-1.549713163228E1));
#8331=CARTESIAN_POINT('',(8.881714206933E0,1.621413407038E1,-1.953285365604E1));
#8332=CARTESIAN_POINT('',(8.775085316787E0,1.083518959555E1,-2.042028286718E1));
#8333=CARTESIAN_POINT('',(8.668456426642E0,6.067893634797E0,-1.777576739694E1));
#8334=CARTESIAN_POINT('',(8.561827536496E0,3.973234635887E0,-1.274257963151E1));
#8335=CARTESIAN_POINT('',(8.455198646351E0,5.456774388550E0,-7.496658357004E0));
#8336=CARTESIAN_POINT('',(8.348569756205E0,9.877142415558E0,-4.305911893781E0));
#8337=CARTESIAN_POINT('',(8.241940866060E0,1.532336704039E1,-4.549755401709E0));
#8338=CARTESIAN_POINT('',(8.135311975914E0,1.944081846077E1,-8.122781351059E0));
#8339=CARTESIAN_POINT('',(8.028683085769E0,2.044992283739E1,-1.348026629151E1));
#8340=CARTESIAN_POINT('',(7.922054195623E0,1.791265094519E1,-1.830621749835E1));
#8341=CARTESIAN_POINT('',(7.850968268859E0,1.459257435159E1,-1.977790169839E1));
#8342=CARTESIAN_POINT('',(7.815425305478E0,1.288010762280E1,-1.991861923897E1));
#8343=CARTESIAN_POINT('',(1.106131843445E1,1.560508362696E1,-5.648016901938E0));
#8344=CARTESIAN_POINT('',(1.102577547107E1,1.707957098486E1,-6.397284327626E0));
#8345=CARTESIAN_POINT('',(1.095468954431E1,1.950148535524E1,-8.918091934504E0));
#8346=CARTESIAN_POINT('',(1.084806065416E1,2.000390575093E1,-1.414225174471E1));
#8347=CARTESIAN_POINT('',(1.074143176402E1,1.715296574884E1,-1.854796189075E1));
#8348=CARTESIAN_POINT('',(1.063480287387E1,1.218270708469E1,-2.023133003592E1));
#8349=CARTESIAN_POINT('',(1.052817398373E1,7.241453837284E0,-1.846439729534E1));
#8350=CARTESIAN_POINT('',(1.042154509358E1,4.465509750777E0,-1.401109671926E1));
#8351=CARTESIAN_POINT('',(1.031491620343E1,5.054936746907E0,-8.796656532871E0));
#8352=CARTESIAN_POINT('',(1.020828731329E1,8.754922649160E0,-5.075378458675E0));
#8353=CARTESIAN_POINT('',(1.010165842314E1,1.396589387155E1,-4.456037893827E0));
#8354=CARTESIAN_POINT('',(9.995029532998E0,1.843505295697E1,-7.206387362395E0));
#8355=CARTESIAN_POINT('',(9.888400642852E0,2.023030066500E1,-1.213740048494E1));
#8356=CARTESIAN_POINT('',(9.781771752707E0,1.857551866707E1,-1.711731025856E1));
#8357=CARTESIAN_POINT('',(9.675142862561E0,1.418609942981E1,-1.999321073897E1));
#8358=CARTESIAN_POINT('',(9.568513972416E0,8.959669052409E0,-1.952179762999E1));
#8359=CARTESIAN_POINT('',(9.461885082270E0,5.155708831847E0,-1.590687142722E1));
#8360=CARTESIAN_POINT('',(9.355256192125E0,4.418740239991E0,-1.071123074438E1));
#8361=CARTESIAN_POINT('',(9.248627301979E0,7.067368257622E0,-6.181045931952E0));
#8362=CARTESIAN_POINT('',(9.141998411834E0,1.195654262328E1,-4.274798615040E0));
#8363=CARTESIAN_POINT('',(9.035369521688E0,1.697258397186E1,-5.816594320848E0));
#8364=CARTESIAN_POINT('',(8.928740631543E0,1.994696602579E1,-1.013988660925E1));
#8365=CARTESIAN_POINT('',(8.822111741397E0,1.959380910142E1,-1.537563727185E1));
#8366=CARTESIAN_POINT('',(8.715482851252E0,1.606578939871E1,-1.926033568038E1));
#8367=CARTESIAN_POINT('',(8.608853961106E0,1.088813421881E1,-2.011455577381E1));
#8368=CARTESIAN_POINT('',(8.502225070961E0,6.299238620270E0,-1.756900259198E1));
#8369=CARTESIAN_POINT('',(8.395596180815E0,4.282965340894E0,-1.272416531450E1));
#8370=CARTESIAN_POINT('',(8.288967290670E0,5.710988500627E0,-7.674555379422E0));
#8371=CARTESIAN_POINT('',(8.182338400524E0,9.965938801607E0,-4.603212101873E0));
#8372=CARTESIAN_POINT('',(8.075709510379E0,1.520835639332E1,-4.837930569003E0));
#8373=CARTESIAN_POINT('',(7.969080620233E0,1.917172574478E1,-8.277247780989E0));
#8374=CARTESIAN_POINT('',(7.862451730088E0,2.014306771106E1,-1.343424647897E1));
#8375=CARTESIAN_POINT('',(7.755822839942E0,1.770074486928E1,-1.807960234404E1));
#8376=CARTESIAN_POINT('',(7.684736913178E0,1.450491121587E1,-1.949621360619E1));
#8377=CARTESIAN_POINT('',(7.649193949797E0,1.285652791870E1,-1.963166525592E1));
#8378=CARTESIAN_POINT('',(1.089508707877E1,1.547464959955E1,-5.904698719227E0));
#8379=CARTESIAN_POINT('',(1.085954411539E1,1.689181399747E1,-6.624837223313E0));
#8380=CARTESIAN_POINT('',(1.078845818863E1,1.921957272808E1,-9.047644564010E0));
#8381=CARTESIAN_POINT('',(1.068182929848E1,1.970246075947E1,-1.406870714039E1));
#8382=CARTESIAN_POINT('',(1.057520040834E1,1.696235542731E1,-1.830313853994E1));
#8383=CARTESIAN_POINT('',(1.046857151819E1,1.218532320009E1,-1.992106316382E1));
#8384=CARTESIAN_POINT('',(1.036194262804E1,7.436168759512E0,-1.822282264649E1));
#8385=CARTESIAN_POINT('',(1.025531373790E1,4.768143761570E0,-1.394265096793E1));
#8386=CARTESIAN_POINT('',(1.014868484775E1,5.334655878215E0,-8.930930150067E0));
#8387=CARTESIAN_POINT('',(1.004205595761E1,8.890799147537E0,-5.354322474679E0));
#8388=CARTESIAN_POINT('',(9.935427067462E0,1.389918586270E1,-4.759059725229E0));
#8389=CARTESIAN_POINT('',(9.828798177317E0,1.819459952670E1,-7.402485135302E0));
#8390=CARTESIAN_POINT('',(9.722169287171E0,1.992005422364E1,-1.214179755160E1));
#8391=CARTESIAN_POINT('',(9.615540397026E0,1.832960441665E1,-1.692810568659E1));
#8392=CARTESIAN_POINT('',(9.508911506880E0,1.411083059177E1,-1.969220112015E1));
#8393=CARTESIAN_POINT('',(9.402282616735E0,9.087585719991E0,-1.923911491959E1));
#8394=CARTESIAN_POINT('',(9.295653726589E0,5.431510293627E0,-1.576472452333E1));
#8395=CARTESIAN_POINT('',(9.189024836444E0,4.723192487326E0,-1.077107234946E1));
#8396=CARTESIAN_POINT('',(9.082395946298E0,7.268851024051E0,-6.417005427284E0));
#8397=CARTESIAN_POINT('',(8.975767056153E0,1.196795122938E1,-4.584866401681E0));
#8398=CARTESIAN_POINT('',(8.869138166007E0,1.678898626887E1,-6.066722432143E0));
#8399=CARTESIAN_POINT('',(8.762509275862E0,1.964773465356E1,-1.022194009483E1));
#8400=CARTESIAN_POINT('',(8.655880385716E0,1.930830724687E1,-1.525414291141E1));
#8401=CARTESIAN_POINT('',(8.549251495571E0,1.591744472705E1,-1.898781770472E1));
#8402=CARTESIAN_POINT('',(8.442622605425E0,1.094107884207E1,-1.980882868044E1));
#8403=CARTESIAN_POINT('',(8.335993715280E0,6.530583605742E0,-1.736223778701E1));
#8404=CARTESIAN_POINT('',(8.229364825134E0,4.592696045901E0,-1.270575099749E1));
#8405=CARTESIAN_POINT('',(8.122735934989E0,5.965202612703E0,-7.852452401840E0));
#8406=CARTESIAN_POINT('',(8.016107044843E0,1.005473518766E1,-4.900512309965E0));
#8407=CARTESIAN_POINT('',(7.909478154698E0,1.509334574625E1,-5.126105736298E0));
#8408=CARTESIAN_POINT('',(7.802849264552E0,1.890263302879E1,-8.431714210918E0));
#8409=CARTESIAN_POINT('',(7.696220374407E0,1.983621258473E1,-1.338822666643E1));
#8410=CARTESIAN_POINT('',(7.589591484261E0,1.748883879338E1,-1.785298718974E1));
#8411=CARTESIAN_POINT('',(7.518505557497E0,1.441724808014E1,-1.921452551400E1));
#8412=CARTESIAN_POINT('',(7.482962594116E0,1.283294821459E1,-1.934471127287E1));
#8413=B_SPLINE_SURFACE_WITH_KNOTS('',3,3,((#8273,#8274,#8275,#8276,#8277,#8278,
#8279,#8280,#8281,#8282,#8283,#8284,#8285,#8286,#8287,#8288,#8289,#8290,#8291,
#8292,#8293,#8294,#8295,#8296,#8297,#8298,#8299,#8300,#8301,#8302,#8303,#8304,
#8305,#8306,#8307),(#8308,#8309,#8310,#8311,#8312,#8313,#8314,#8315,#8316,#8317,
#8318,#8319,#8320,#8321,#8322,#8323,#8324,#8325,#8326,#8327,#8328,#8329,#8330,
#8331,#8332,#8333,#8334,#8335,#8336,#8337,#8338,#8339,#8340,#8341,#8342),(#8343,
#8344,#8345,#8346,#8347,#8348,#8349,#8350,#8351,#8352,#8353,#8354,#8355,#8356,
#8357,#8358,#8359,#8360,#8361,#8362,#8363,#8364,#8365,#8366,#8367,#8368,#8369,
#8370,#8371,#8372,#8373,#8374,#8375,#8376,#8377),(#8378,#8379,#8380,#8381,#8382,
#8383,#8384,#8385,#8386,#8387,#8388,#8389,#8390,#8391,#8392,#8393,#8394,#8395,
#8396,#8397,#8398,#8399,#8400,#8401,#8402,#8403,#8404,#8405,#8406,#8407,#8408,
#8409,#8410,#8411,#8412)),.UNSPECIFIED.,.F.,.F.,.F.,(4,4),(4,1,1,1,1,1,1,1,1,1,
1,1,1,1,1,1,1,1,1,1,1,1,1,1,1,1,1,1,1,1,1,1,4),(-1.169739011084E-1,
1.116973901108E0),(-1.686639641358E-2,1.054149775849E-2,3.794939193056E-2,
6.535728610263E-2,9.276518027470E-2,1.201730744468E-1,1.475809686188E-1,
1.749888627909E-1,2.023967569630E-1,2.298046511350E-1,2.572125453071E-1,
2.846204394792E-1,3.120283336512E-1,3.394362278233E-1,3.668441219954E-1,
3.942520161675E-1,4.216599103395E-1,4.490678045116E-1,4.764756986837E-1,
5.038835928557E-1,5.312914870278E-1,5.586993811999E-1,5.861072753719E-1,
6.135151695440E-1,6.409230637161E-1,6.683309578881E-1,6.957388520602E-1,
7.231467462323E-1,7.505546404044E-1,7.779625345764E-1,8.053704287485E-1,
8.327783229206E-1,8.601862170926E-1),.UNSPECIFIED.);
#8414=ORIENTED_EDGE('',*,*,#4637,.F.);
#8415=ORIENTED_EDGE('',*,*,#5409,.F.);
#8417=ORIENTED_EDGE('',*,*,#8416,.T.);
#8418=ORIENTED_EDGE('',*,*,#5451,.F.);
#8419=EDGE_LOOP('',(#8414,#8415,#8417,#8418));
#8420=FACE_OUTER_BOUND('',#8419,.F.);
#8422=CARTESIAN_POINT('',(1.139378114582E1,1.586595168179E1,-5.134653267358E0));
#8423=CARTESIAN_POINT('',(1.135823818243E1,1.745508495964E1,-5.942178536254E0));
#8424=CARTESIAN_POINT('',(1.128715225567E1,2.006531060957E1,-8.658986675494E0));
#8425=CARTESIAN_POINT('',(1.118052336552E1,2.060679573386E1,-1.428934095336E1));
#8426=CARTESIAN_POINT('',(1.107389447538E1,1.753418639190E1,-1.903760859236E1));
#8427=CARTESIAN_POINT('',(1.096726558523E1,1.217747485388E1,-2.085186378013E1));
#8428=CARTESIAN_POINT('',(1.086063669509E1,6.852023992828E0,-1.894754659305E1));
#8429=CARTESIAN_POINT('',(1.075400780494E1,3.860241729191E0,-1.414798822192E1));
#8430=CARTESIAN_POINT('',(1.064737891480E1,4.495498484290E0,-8.528109298478E0));
#8431=CARTESIAN_POINT('',(1.054075002465E1,8.483169652406E0,-4.517490426667E0));
#8432=CARTESIAN_POINT('',(1.043412113451E1,1.409930988925E1,-3.849994231024E0));
#8433=CARTESIAN_POINT('',(1.032749224436E1,1.891595981751E1,-6.814191816579E0));
#8434=CARTESIAN_POINT('',(1.022086335421E1,2.085079354771E1,-1.212860635162E1));
#8435=CARTESIAN_POINT('',(1.011423446407E1,1.906734716792E1,-1.749571940250E1));
#8436=CARTESIAN_POINT('',(1.000760557392E1,1.433663710587E1,-2.059522997662E1));
#8437=CARTESIAN_POINT('',(9.900976683778E0,8.703835717245E0,-2.008716305079E1));
#8438=CARTESIAN_POINT('',(9.794347793632E0,4.604105908287E0,-1.619116523500E1));
#8439=CARTESIAN_POINT('',(9.687718903487E0,3.809835745321E0,-1.059154753423E1));
#8440=CARTESIAN_POINT('',(9.581090013341E0,6.664402724762E0,-5.709126941288E0));
#8441=CARTESIAN_POINT('',(9.474461123196E0,1.193372541109E1,-3.654663041759E0));
#8442=CARTESIAN_POINT('',(9.367832233050E0,1.733977937784E1,-5.316338098258E0));
#8443=CARTESIAN_POINT('',(9.261203342905E0,2.054542877023E1,-9.975779638107E0));
#8444=CARTESIAN_POINT('',(9.154574452759E0,2.016481281051E1,-1.561862599272E1));
#8445=CARTESIAN_POINT('',(9.047945562614E0,1.636247874204E1,-1.980537163170E1));
#8446=CARTESIAN_POINT('',(8.941316672468E0,1.078224497229E1,-2.072600996054E1));
#8447=CARTESIAN_POINT('',(8.834687782323E0,5.836548649324E0,-1.798253220191E1));
#8448=CARTESIAN_POINT('',(8.728058892177E0,3.663503930881E0,-1.276099394852E1));
#8449=CARTESIAN_POINT('',(8.621430002032E0,5.202560276473E0,-7.318761334586E0));
#8450=CARTESIAN_POINT('',(8.514801111886E0,9.788346029509E0,-4.008611685690E0));
#8451=CARTESIAN_POINT('',(8.408172221741E0,1.543837768746E1,-4.261580234415E0));
#8452=CARTESIAN_POINT('',(8.301543331595E0,1.970991117676E1,-7.968314921130E0));
#8453=CARTESIAN_POINT('',(8.194914441450E0,2.075677796372E1,-1.352628610405E1));
#8454=CARTESIAN_POINT('',(8.088285551304E0,1.812455702109E1,-1.853283265265E1));
#8455=CARTESIAN_POINT('',(8.017199624540E0,1.468023748731E1,-2.005958979058E1));
#8456=CARTESIAN_POINT('',(7.981656661159E0,1.290368732691E1,-2.020557322202E1));
#8457=CARTESIAN_POINT('',(1.122754979013E1,1.573551765438E1,-5.391335084648E0));
#8458=CARTESIAN_POINT('',(1.119200682675E1,1.726732797225E1,-6.169731431940E0));
#8459=CARTESIAN_POINT('',(1.112092089999E1,1.978339798241E1,-8.788539304999E0));
#8460=CARTESIAN_POINT('',(1.101429200984E1,2.030535074240E1,-1.421579634904E1));
#8461=CARTESIAN_POINT('',(1.090766311970E1,1.734357607037E1,-1.879278524155E1));
#8462=CARTESIAN_POINT('',(1.080103422955E1,1.218009096928E1,-2.054159690802E1));
#8463=CARTESIAN_POINT('',(1.069440533941E1,7.046738915056E0,-1.870597194420E1));
#8464=CARTESIAN_POINT('',(1.058777644926E1,4.162875739984E0,-1.407954247059E1));
#8465=CARTESIAN_POINT('',(1.048114755912E1,4.775217615598E0,-8.662382915674E0));
#8466=CARTESIAN_POINT('',(1.037451866897E1,8.619046150783E0,-4.796434442671E0));
#8467=CARTESIAN_POINT('',(1.026788977882E1,1.403260188040E1,-4.153016062426E0));
#8468=CARTESIAN_POINT('',(1.016126088868E1,1.867550638724E1,-7.010289589487E0));
#8469=CARTESIAN_POINT('',(1.005463199853E1,2.054054710635E1,-1.213300341828E1));
#8470=CARTESIAN_POINT('',(9.948003108388E0,1.882143291749E1,-1.730651483053E1));
#8471=CARTESIAN_POINT('',(9.841374218242E0,1.426136826784E1,-2.029422035780E1));
#8472=CARTESIAN_POINT('',(9.734745328097E0,8.831752384827E0,-1.980448034039E1));
#8473=CARTESIAN_POINT('',(9.628116437951E0,4.879907370067E0,-1.604901833111E1));
#8474=CARTESIAN_POINT('',(9.521487547806E0,4.114287992656E0,-1.065138913931E1));
#8475=CARTESIAN_POINT('',(9.414858657660E0,6.865885491192E0,-5.945086436620E0));
#8476=CARTESIAN_POINT('',(9.308229767515E0,1.194513401719E1,-3.964730828399E0));
#8477=CARTESIAN_POINT('',(9.201600877369E0,1.715618167485E1,-5.566466209553E0));
#8478=CARTESIAN_POINT('',(9.094971987224E0,2.024619739801E1,-1.005783312368E1));
#8479=CARTESIAN_POINT('',(8.988343097078E0,1.987931095596E1,-1.549713163228E1));
#8480=CARTESIAN_POINT('',(8.881714206933E0,1.621413407038E1,-1.953285365604E1));
#8481=CARTESIAN_POINT('',(8.775085316787E0,1.083518959555E1,-2.042028286718E1));
#8482=CARTESIAN_POINT('',(8.668456426642E0,6.067893634797E0,-1.777576739694E1));
#8483=CARTESIAN_POINT('',(8.561827536496E0,3.973234635887E0,-1.274257963151E1));
#8484=CARTESIAN_POINT('',(8.455198646351E0,5.456774388550E0,-7.496658357004E0));
#8485=CARTESIAN_POINT('',(8.348569756205E0,9.877142415558E0,-4.305911893781E0));
#8486=CARTESIAN_POINT('',(8.241940866060E0,1.532336704039E1,-4.549755401709E0));
#8487=CARTESIAN_POINT('',(8.135311975914E0,1.944081846077E1,-8.122781351059E0));
#8488=CARTESIAN_POINT('',(8.028683085769E0,2.044992283739E1,-1.348026629151E1));
#8489=CARTESIAN_POINT('',(7.922054195623E0,1.791265094519E1,-1.830621749835E1));
#8490=CARTESIAN_POINT('',(7.850968268859E0,1.459257435159E1,-1.977790169839E1));
#8491=CARTESIAN_POINT('',(7.815425305478E0,1.288010762280E1,-1.991861923897E1));
#8492=CARTESIAN_POINT('',(1.106131843445E1,1.560508362696E1,-5.648016901938E0));
#8493=CARTESIAN_POINT('',(1.102577547107E1,1.707957098486E1,-6.397284327626E0));
#8494=CARTESIAN_POINT('',(1.095468954431E1,1.950148535524E1,-8.918091934504E0));
#8495=CARTESIAN_POINT('',(1.084806065416E1,2.000390575093E1,-1.414225174471E1));
#8496=CARTESIAN_POINT('',(1.074143176402E1,1.715296574884E1,-1.854796189075E1));
#8497=CARTESIAN_POINT('',(1.063480287387E1,1.218270708469E1,-2.023133003592E1));
#8498=CARTESIAN_POINT('',(1.052817398373E1,7.241453837284E0,-1.846439729534E1));
#8499=CARTESIAN_POINT('',(1.042154509358E1,4.465509750777E0,-1.401109671926E1));
#8500=CARTESIAN_POINT('',(1.031491620343E1,5.054936746907E0,-8.796656532871E0));
#8501=CARTESIAN_POINT('',(1.020828731329E1,8.754922649160E0,-5.075378458675E0));
#8502=CARTESIAN_POINT('',(1.010165842314E1,1.396589387155E1,-4.456037893827E0));
#8503=CARTESIAN_POINT('',(9.995029532998E0,1.843505295697E1,-7.206387362395E0));
#8504=CARTESIAN_POINT('',(9.888400642852E0,2.023030066500E1,-1.213740048494E1));
#8505=CARTESIAN_POINT('',(9.781771752707E0,1.857551866707E1,-1.711731025856E1));
#8506=CARTESIAN_POINT('',(9.675142862561E0,1.418609942981E1,-1.999321073897E1));
#8507=CARTESIAN_POINT('',(9.568513972416E0,8.959669052409E0,-1.952179762999E1));
#8508=CARTESIAN_POINT('',(9.461885082270E0,5.155708831847E0,-1.590687142722E1));
#8509=CARTESIAN_POINT('',(9.355256192125E0,4.418740239991E0,-1.071123074438E1));
#8510=CARTESIAN_POINT('',(9.248627301979E0,7.067368257622E0,-6.181045931952E0));
#8511=CARTESIAN_POINT('',(9.141998411834E0,1.195654262328E1,-4.274798615040E0));
#8512=CARTESIAN_POINT('',(9.035369521688E0,1.697258397186E1,-5.816594320848E0));
#8513=CARTESIAN_POINT('',(8.928740631543E0,1.994696602579E1,-1.013988660925E1));
#8514=CARTESIAN_POINT('',(8.822111741397E0,1.959380910142E1,-1.537563727185E1));
#8515=CARTESIAN_POINT('',(8.715482851252E0,1.606578939871E1,-1.926033568038E1));
#8516=CARTESIAN_POINT('',(8.608853961106E0,1.088813421881E1,-2.011455577381E1));
#8517=CARTESIAN_POINT('',(8.502225070961E0,6.299238620270E0,-1.756900259198E1));
#8518=CARTESIAN_POINT('',(8.395596180815E0,4.282965340894E0,-1.272416531450E1));
#8519=CARTESIAN_POINT('',(8.288967290670E0,5.710988500627E0,-7.674555379422E0));
#8520=CARTESIAN_POINT('',(8.182338400524E0,9.965938801607E0,-4.603212101873E0));
#8521=CARTESIAN_POINT('',(8.075709510379E0,1.520835639332E1,-4.837930569003E0));
#8522=CARTESIAN_POINT('',(7.969080620233E0,1.917172574478E1,-8.277247780989E0));
#8523=CARTESIAN_POINT('',(7.862451730088E0,2.014306771106E1,-1.343424647897E1));
#8524=CARTESIAN_POINT('',(7.755822839942E0,1.770074486928E1,-1.807960234404E1));
#8525=CARTESIAN_POINT('',(7.684736913178E0,1.450491121587E1,-1.949621360619E1));
#8526=CARTESIAN_POINT('',(7.649193949797E0,1.285652791870E1,-1.963166525592E1));
#8527=CARTESIAN_POINT('',(1.089508707877E1,1.547464959955E1,-5.904698719227E0));
#8528=CARTESIAN_POINT('',(1.085954411539E1,1.689181399747E1,-6.624837223313E0));
#8529=CARTESIAN_POINT('',(1.078845818863E1,1.921957272808E1,-9.047644564010E0));
#8530=CARTESIAN_POINT('',(1.068182929848E1,1.970246075947E1,-1.406870714039E1));
#8531=CARTESIAN_POINT('',(1.057520040834E1,1.696235542731E1,-1.830313853994E1));
#8532=CARTESIAN_POINT('',(1.046857151819E1,1.218532320009E1,-1.992106316382E1));
#8533=CARTESIAN_POINT('',(1.036194262804E1,7.436168759512E0,-1.822282264649E1));
#8534=CARTESIAN_POINT('',(1.025531373790E1,4.768143761570E0,-1.394265096793E1));
#8535=CARTESIAN_POINT('',(1.014868484775E1,5.334655878215E0,-8.930930150067E0));
#8536=CARTESIAN_POINT('',(1.004205595761E1,8.890799147537E0,-5.354322474679E0));
#8537=CARTESIAN_POINT('',(9.935427067462E0,1.389918586270E1,-4.759059725229E0));
#8538=CARTESIAN_POINT('',(9.828798177317E0,1.819459952670E1,-7.402485135302E0));
#8539=CARTESIAN_POINT('',(9.722169287171E0,1.992005422364E1,-1.214179755160E1));
#8540=CARTESIAN_POINT('',(9.615540397026E0,1.832960441665E1,-1.692810568659E1));
#8541=CARTESIAN_POINT('',(9.508911506880E0,1.411083059177E1,-1.969220112015E1));
#8542=CARTESIAN_POINT('',(9.402282616735E0,9.087585719991E0,-1.923911491959E1));
#8543=CARTESIAN_POINT('',(9.295653726589E0,5.431510293627E0,-1.576472452333E1));
#8544=CARTESIAN_POINT('',(9.189024836444E0,4.723192487326E0,-1.077107234946E1));
#8545=CARTESIAN_POINT('',(9.082395946298E0,7.268851024051E0,-6.417005427284E0));
#8546=CARTESIAN_POINT('',(8.975767056153E0,1.196795122938E1,-4.584866401681E0));
#8547=CARTESIAN_POINT('',(8.869138166007E0,1.678898626887E1,-6.066722432143E0));
#8548=CARTESIAN_POINT('',(8.762509275862E0,1.964773465356E1,-1.022194009483E1));
#8549=CARTESIAN_POINT('',(8.655880385716E0,1.930830724687E1,-1.525414291141E1));
#8550=CARTESIAN_POINT('',(8.549251495571E0,1.591744472705E1,-1.898781770472E1));
#8551=CARTESIAN_POINT('',(8.442622605425E0,1.094107884207E1,-1.980882868044E1));
#8552=CARTESIAN_POINT('',(8.335993715280E0,6.530583605742E0,-1.736223778701E1));
#8553=CARTESIAN_POINT('',(8.229364825134E0,4.592696045901E0,-1.270575099749E1));
#8554=CARTESIAN_POINT('',(8.122735934989E0,5.965202612703E0,-7.852452401840E0));
#8555=CARTESIAN_POINT('',(8.016107044843E0,1.005473518766E1,-4.900512309965E0));
#8556=CARTESIAN_POINT('',(7.909478154698E0,1.509334574625E1,-5.126105736298E0));
#8557=CARTESIAN_POINT('',(7.802849264552E0,1.890263302879E1,-8.431714210918E0));
#8558=CARTESIAN_POINT('',(7.696220374407E0,1.983621258473E1,-1.338822666643E1));
#8559=CARTESIAN_POINT('',(7.589591484261E0,1.748883879338E1,-1.785298718974E1));
#8560=CARTESIAN_POINT('',(7.518505557497E0,1.441724808014E1,-1.921452551400E1));
#8561=CARTESIAN_POINT('',(7.482962594116E0,1.283294821459E1,-1.934471127287E1));
#8562=B_SPLINE_SURFACE_WITH_KNOTS('',3,3,((#8422,#8423,#8424,#8425,#8426,#8427,
#8428,#8429,#8430,#8431,#8432,#8433,#8434,#8435,#8436,#8437,#8438,#8439,#8440,
#8441,#8442,#8443,#8444,#8445,#8446,#8447,#8448,#8449,#8450,#8451,#8452,#8453,
#8454,#8455,#8456),(#8457,#8458,#8459,#8460,#8461,#8462,#8463,#8464,#8465,#8466,
#8467,#8468,#8469,#8470,#8471,#8472,#8473,#8474,#8475,#8476,#8477,#8478,#8479,
#8480,#8481,#8482,#8483,#8484,#8485,#8486,#8487,#8488,#8489,#8490,#8491),(#8492,
#8493,#8494,#8495,#8496,#8497,#8498,#8499,#8500,#8501,#8502,#8503,#8504,#8505,
#8506,#8507,#8508,#8509,#8510,#8511,#8512,#8513,#8514,#8515,#8516,#8517,#8518,
#8519,#8520,#8521,#8522,#8523,#8524,#8525,#8526),(#8527,#8528,#8529,#8530,#8531,
#8532,#8533,#8534,#8535,#8536,#8537,#8538,#8539,#8540,#8541,#8542,#8543,#8544,
#8545,#8546,#8547,#8548,#8549,#8550,#8551,#8552,#8553,#8554,#8555,#8556,#8557,
#8558,#8559,#8560,#8561)),.UNSPECIFIED.,.F.,.F.,.F.,(4,4),(4,1,1,1,1,1,1,1,1,1,
1,1,1,1,1,1,1,1,1,1,1,1,1,1,1,1,1,1,1,1,1,1,4),(-1.169739011084E-1,
1.116973901108E0),(-1.686639641358E-2,1.054149775849E-2,3.794939193056E-2,
6.535728610263E-2,9.276518027470E-2,1.201730744468E-1,1.475809686188E-1,
1.749888627909E-1,2.023967569630E-1,2.298046511350E-1,2.572125453071E-1,
2.846204394792E-1,3.120283336512E-1,3.394362278233E-1,3.668441219954E-1,
3.942520161675E-1,4.216599103395E-1,4.490678045116E-1,4.764756986837E-1,
5.038835928557E-1,5.312914870278E-1,5.586993811999E-1,5.861072753719E-1,
6.135151695440E-1,6.409230637161E-1,6.683309578881E-1,6.957388520602E-1,
7.231467462323E-1,7.505546404044E-1,7.779625345764E-1,8.053704287485E-1,
8.327783229206E-1,8.601862170926E-1),.UNSPECIFIED.);
#8563=ORIENTED_EDGE('',*,*,#7966,.T.);
#8564=ORIENTED_EDGE('',*,*,#5457,.F.);
#8565=ORIENTED_EDGE('',*,*,#4653,.F.);
#8566=ORIENTED_EDGE('',*,*,#5403,.F.);
#8568=ORIENTED_EDGE('',*,*,#8567,.T.);
#8569=EDGE_LOOP('',(#8563,#8564,#8565,#8566,#8568));
#8570=FACE_OUTER_BOUND('',#8569,.F.);
#8572=CARTESIAN_POINT('',(1.139378114582E1,1.586595168179E1,-5.134653267358E0));
#8573=CARTESIAN_POINT('',(1.135823818243E1,1.745508495964E1,-5.942178536254E0));
#8574=CARTESIAN_POINT('',(1.128715225567E1,2.006531060957E1,-8.658986675494E0));
#8575=CARTESIAN_POINT('',(1.118052336552E1,2.060679573386E1,-1.428934095336E1));
#8576=CARTESIAN_POINT('',(1.107389447538E1,1.753418639190E1,-1.903760859236E1));
#8577=CARTESIAN_POINT('',(1.096726558523E1,1.217747485388E1,-2.085186378013E1));
#8578=CARTESIAN_POINT('',(1.086063669509E1,6.852023992828E0,-1.894754659305E1));
#8579=CARTESIAN_POINT('',(1.075400780494E1,3.860241729191E0,-1.414798822192E1));
#8580=CARTESIAN_POINT('',(1.064737891480E1,4.495498484290E0,-8.528109298478E0));
#8581=CARTESIAN_POINT('',(1.054075002465E1,8.483169652406E0,-4.517490426667E0));
#8582=CARTESIAN_POINT('',(1.043412113451E1,1.409930988925E1,-3.849994231024E0));
#8583=CARTESIAN_POINT('',(1.032749224436E1,1.891595981751E1,-6.814191816579E0));
#8584=CARTESIAN_POINT('',(1.022086335421E1,2.085079354771E1,-1.212860635162E1));
#8585=CARTESIAN_POINT('',(1.011423446407E1,1.906734716792E1,-1.749571940250E1));
#8586=CARTESIAN_POINT('',(1.000760557392E1,1.433663710587E1,-2.059522997662E1));
#8587=CARTESIAN_POINT('',(9.900976683778E0,8.703835717245E0,-2.008716305079E1));
#8588=CARTESIAN_POINT('',(9.794347793632E0,4.604105908287E0,-1.619116523500E1));
#8589=CARTESIAN_POINT('',(9.687718903487E0,3.809835745321E0,-1.059154753423E1));
#8590=CARTESIAN_POINT('',(9.581090013341E0,6.664402724762E0,-5.709126941288E0));
#8591=CARTESIAN_POINT('',(9.474461123196E0,1.193372541109E1,-3.654663041759E0));
#8592=CARTESIAN_POINT('',(9.367832233050E0,1.733977937784E1,-5.316338098258E0));
#8593=CARTESIAN_POINT('',(9.261203342905E0,2.054542877023E1,-9.975779638107E0));
#8594=CARTESIAN_POINT('',(9.154574452759E0,2.016481281051E1,-1.561862599272E1));
#8595=CARTESIAN_POINT('',(9.047945562614E0,1.636247874204E1,-1.980537163170E1));
#8596=CARTESIAN_POINT('',(8.941316672468E0,1.078224497229E1,-2.072600996054E1));
#8597=CARTESIAN_POINT('',(8.834687782323E0,5.836548649324E0,-1.798253220191E1));
#8598=CARTESIAN_POINT('',(8.728058892177E0,3.663503930881E0,-1.276099394852E1));
#8599=CARTESIAN_POINT('',(8.621430002032E0,5.202560276473E0,-7.318761334586E0));
#8600=CARTESIAN_POINT('',(8.514801111886E0,9.788346029509E0,-4.008611685690E0));
#8601=CARTESIAN_POINT('',(8.408172221741E0,1.543837768746E1,-4.261580234415E0));
#8602=CARTESIAN_POINT('',(8.301543331595E0,1.970991117676E1,-7.968314921130E0));
#8603=CARTESIAN_POINT('',(8.194914441450E0,2.075677796372E1,-1.352628610405E1));
#8604=CARTESIAN_POINT('',(8.088285551304E0,1.812455702109E1,-1.853283265265E1));
#8605=CARTESIAN_POINT('',(8.017199624540E0,1.468023748731E1,-2.005958979058E1));
#8606=CARTESIAN_POINT('',(7.981656661159E0,1.290368732691E1,-2.020557322202E1));
#8607=CARTESIAN_POINT('',(1.122754979013E1,1.573551765438E1,-5.391335084648E0));
#8608=CARTESIAN_POINT('',(1.119200682675E1,1.726732797225E1,-6.169731431940E0));
#8609=CARTESIAN_POINT('',(1.112092089999E1,1.978339798241E1,-8.788539304999E0));
#8610=CARTESIAN_POINT('',(1.101429200984E1,2.030535074240E1,-1.421579634904E1));
#8611=CARTESIAN_POINT('',(1.090766311970E1,1.734357607037E1,-1.879278524155E1));
#8612=CARTESIAN_POINT('',(1.080103422955E1,1.218009096928E1,-2.054159690802E1));
#8613=CARTESIAN_POINT('',(1.069440533941E1,7.046738915056E0,-1.870597194420E1));
#8614=CARTESIAN_POINT('',(1.058777644926E1,4.162875739984E0,-1.407954247059E1));
#8615=CARTESIAN_POINT('',(1.048114755912E1,4.775217615598E0,-8.662382915674E0));
#8616=CARTESIAN_POINT('',(1.037451866897E1,8.619046150783E0,-4.796434442671E0));
#8617=CARTESIAN_POINT('',(1.026788977882E1,1.403260188040E1,-4.153016062426E0));
#8618=CARTESIAN_POINT('',(1.016126088868E1,1.867550638724E1,-7.010289589487E0));
#8619=CARTESIAN_POINT('',(1.005463199853E1,2.054054710635E1,-1.213300341828E1));
#8620=CARTESIAN_POINT('',(9.948003108388E0,1.882143291749E1,-1.730651483053E1));
#8621=CARTESIAN_POINT('',(9.841374218242E0,1.426136826784E1,-2.029422035780E1));
#8622=CARTESIAN_POINT('',(9.734745328097E0,8.831752384827E0,-1.980448034039E1));
#8623=CARTESIAN_POINT('',(9.628116437951E0,4.879907370067E0,-1.604901833111E1));
#8624=CARTESIAN_POINT('',(9.521487547806E0,4.114287992656E0,-1.065138913931E1));
#8625=CARTESIAN_POINT('',(9.414858657660E0,6.865885491192E0,-5.945086436620E0));
#8626=CARTESIAN_POINT('',(9.308229767515E0,1.194513401719E1,-3.964730828399E0));
#8627=CARTESIAN_POINT('',(9.201600877369E0,1.715618167485E1,-5.566466209553E0));
#8628=CARTESIAN_POINT('',(9.094971987224E0,2.024619739801E1,-1.005783312368E1));
#8629=CARTESIAN_POINT('',(8.988343097078E0,1.987931095596E1,-1.549713163228E1));
#8630=CARTESIAN_POINT('',(8.881714206933E0,1.621413407038E1,-1.953285365604E1));
#8631=CARTESIAN_POINT('',(8.775085316787E0,1.083518959555E1,-2.042028286718E1));
#8632=CARTESIAN_POINT('',(8.668456426642E0,6.067893634797E0,-1.777576739694E1));
#8633=CARTESIAN_POINT('',(8.561827536496E0,3.973234635887E0,-1.274257963151E1));
#8634=CARTESIAN_POINT('',(8.455198646351E0,5.456774388550E0,-7.496658357004E0));
#8635=CARTESIAN_POINT('',(8.348569756205E0,9.877142415558E0,-4.305911893781E0));
#8636=CARTESIAN_POINT('',(8.241940866060E0,1.532336704039E1,-4.549755401709E0));
#8637=CARTESIAN_POINT('',(8.135311975914E0,1.944081846077E1,-8.122781351059E0));
#8638=CARTESIAN_POINT('',(8.028683085769E0,2.044992283739E1,-1.348026629151E1));
#8639=CARTESIAN_POINT('',(7.922054195623E0,1.791265094519E1,-1.830621749835E1));
#8640=CARTESIAN_POINT('',(7.850968268859E0,1.459257435159E1,-1.977790169839E1));
#8641=CARTESIAN_POINT('',(7.815425305478E0,1.288010762280E1,-1.991861923897E1));
#8642=CARTESIAN_POINT('',(1.106131843445E1,1.560508362696E1,-5.648016901938E0));
#8643=CARTESIAN_POINT('',(1.102577547107E1,1.707957098486E1,-6.397284327626E0));
#8644=CARTESIAN_POINT('',(1.095468954431E1,1.950148535524E1,-8.918091934504E0));
#8645=CARTESIAN_POINT('',(1.084806065416E1,2.000390575093E1,-1.414225174471E1));
#8646=CARTESIAN_POINT('',(1.074143176402E1,1.715296574884E1,-1.854796189075E1));
#8647=CARTESIAN_POINT('',(1.063480287387E1,1.218270708469E1,-2.023133003592E1));
#8648=CARTESIAN_POINT('',(1.052817398373E1,7.241453837284E0,-1.846439729534E1));
#8649=CARTESIAN_POINT('',(1.042154509358E1,4.465509750777E0,-1.401109671926E1));
#8650=CARTESIAN_POINT('',(1.031491620343E1,5.054936746907E0,-8.796656532871E0));
#8651=CARTESIAN_POINT('',(1.020828731329E1,8.754922649160E0,-5.075378458675E0));
#8652=CARTESIAN_POINT('',(1.010165842314E1,1.396589387155E1,-4.456037893827E0));
#8653=CARTESIAN_POINT('',(9.995029532998E0,1.843505295697E1,-7.206387362395E0));
#8654=CARTESIAN_POINT('',(9.888400642852E0,2.023030066500E1,-1.213740048494E1));
#8655=CARTESIAN_POINT('',(9.781771752707E0,1.857551866707E1,-1.711731025856E1));
#8656=CARTESIAN_POINT('',(9.675142862561E0,1.418609942981E1,-1.999321073897E1));
#8657=CARTESIAN_POINT('',(9.568513972416E0,8.959669052409E0,-1.952179762999E1));
#8658=CARTESIAN_POINT('',(9.461885082270E0,5.155708831847E0,-1.590687142722E1));
#8659=CARTESIAN_POINT('',(9.355256192125E0,4.418740239991E0,-1.071123074438E1));
#8660=CARTESIAN_POINT('',(9.248627301979E0,7.067368257622E0,-6.181045931952E0));
#8661=CARTESIAN_POINT('',(9.141998411834E0,1.195654262328E1,-4.274798615040E0));
#8662=CARTESIAN_POINT('',(9.035369521688E0,1.697258397186E1,-5.816594320848E0));
#8663=CARTESIAN_POINT('',(8.928740631543E0,1.994696602579E1,-1.013988660925E1));
#8664=CARTESIAN_POINT('',(8.822111741397E0,1.959380910142E1,-1.537563727185E1));
#8665=CARTESIAN_POINT('',(8.715482851252E0,1.606578939871E1,-1.926033568038E1));
#8666=CARTESIAN_POINT('',(8.608853961106E0,1.088813421881E1,-2.011455577381E1));
#8667=CARTESIAN_POINT('',(8.502225070961E0,6.299238620270E0,-1.756900259198E1));
#8668=CARTESIAN_POINT('',(8.395596180815E0,4.282965340894E0,-1.272416531450E1));
#8669=CARTESIAN_POINT('',(8.288967290670E0,5.710988500627E0,-7.674555379422E0));
#8670=CARTESIAN_POINT('',(8.182338400524E0,9.965938801607E0,-4.603212101873E0));
#8671=CARTESIAN_POINT('',(8.075709510379E0,1.520835639332E1,-4.837930569003E0));
#8672=CARTESIAN_POINT('',(7.969080620233E0,1.917172574478E1,-8.277247780989E0));
#8673=CARTESIAN_POINT('',(7.862451730088E0,2.014306771106E1,-1.343424647897E1));
#8674=CARTESIAN_POINT('',(7.755822839942E0,1.770074486928E1,-1.807960234404E1));
#8675=CARTESIAN_POINT('',(7.684736913178E0,1.450491121587E1,-1.949621360619E1));
#8676=CARTESIAN_POINT('',(7.649193949797E0,1.285652791870E1,-1.963166525592E1));
#8677=CARTESIAN_POINT('',(1.089508707877E1,1.547464959955E1,-5.904698719227E0));
#8678=CARTESIAN_POINT('',(1.085954411539E1,1.689181399747E1,-6.624837223313E0));
#8679=CARTESIAN_POINT('',(1.078845818863E1,1.921957272808E1,-9.047644564010E0));
#8680=CARTESIAN_POINT('',(1.068182929848E1,1.970246075947E1,-1.406870714039E1));
#8681=CARTESIAN_POINT('',(1.057520040834E1,1.696235542731E1,-1.830313853994E1));
#8682=CARTESIAN_POINT('',(1.046857151819E1,1.218532320009E1,-1.992106316382E1));
#8683=CARTESIAN_POINT('',(1.036194262804E1,7.436168759512E0,-1.822282264649E1));
#8684=CARTESIAN_POINT('',(1.025531373790E1,4.768143761570E0,-1.394265096793E1));
#8685=CARTESIAN_POINT('',(1.014868484775E1,5.334655878215E0,-8.930930150067E0));
#8686=CARTESIAN_POINT('',(1.004205595761E1,8.890799147537E0,-5.354322474679E0));
#8687=CARTESIAN_POINT('',(9.935427067462E0,1.389918586270E1,-4.759059725229E0));
#8688=CARTESIAN_POINT('',(9.828798177317E0,1.819459952670E1,-7.402485135302E0));
#8689=CARTESIAN_POINT('',(9.722169287171E0,1.992005422364E1,-1.214179755160E1));
#8690=CARTESIAN_POINT('',(9.615540397026E0,1.832960441665E1,-1.692810568659E1));
#8691=CARTESIAN_POINT('',(9.508911506880E0,1.411083059177E1,-1.969220112015E1));
#8692=CARTESIAN_POINT('',(9.402282616735E0,9.087585719991E0,-1.923911491959E1));
#8693=CARTESIAN_POINT('',(9.295653726589E0,5.431510293627E0,-1.576472452333E1));
#8694=CARTESIAN_POINT('',(9.189024836444E0,4.723192487326E0,-1.077107234946E1));
#8695=CARTESIAN_POINT('',(9.082395946298E0,7.268851024051E0,-6.417005427284E0));
#8696=CARTESIAN_POINT('',(8.975767056153E0,1.196795122938E1,-4.584866401681E0));
#8697=CARTESIAN_POINT('',(8.869138166007E0,1.678898626887E1,-6.066722432143E0));
#8698=CARTESIAN_POINT('',(8.762509275862E0,1.964773465356E1,-1.022194009483E1));
#8699=CARTESIAN_POINT('',(8.655880385716E0,1.930830724687E1,-1.525414291141E1));
#8700=CARTESIAN_POINT('',(8.549251495571E0,1.591744472705E1,-1.898781770472E1));
#8701=CARTESIAN_POINT('',(8.442622605425E0,1.094107884207E1,-1.980882868044E1));
#8702=CARTESIAN_POINT('',(8.335993715280E0,6.530583605742E0,-1.736223778701E1));
#8703=CARTESIAN_POINT('',(8.229364825134E0,4.592696045901E0,-1.270575099749E1));
#8704=CARTESIAN_POINT('',(8.122735934989E0,5.965202612703E0,-7.852452401840E0));
#8705=CARTESIAN_POINT('',(8.016107044843E0,1.005473518766E1,-4.900512309965E0));
#8706=CARTESIAN_POINT('',(7.909478154698E0,1.509334574625E1,-5.126105736298E0));
#8707=CARTESIAN_POINT('',(7.802849264552E0,1.890263302879E1,-8.431714210918E0));
#8708=CARTESIAN_POINT('',(7.696220374407E0,1.983621258473E1,-1.338822666643E1));
#8709=CARTESIAN_POINT('',(7.589591484261E0,1.748883879338E1,-1.785298718974E1));
#8710=CARTESIAN_POINT('',(7.518505557497E0,1.441724808014E1,-1.921452551400E1));
#8711=CARTESIAN_POINT('',(7.482962594116E0,1.283294821459E1,-1.934471127287E1));
#8712=B_SPLINE_SURFACE_WITH_KNOTS('',3,3,((#8572,#8573,#8574,#8575,#8576,#8577,
#8578,#8579,#8580,#8581,#8582,#8583,#8584,#8585,#8586,#8587,#8588,#8589,#8590,
#8591,#8592,#8593,#8594,#8595,#8596,#8597,#8598,#8599,#8600,#8601,#8602,#8603,
#8604,#8605,#8606),(#8607,#8608,#8609,#8610,#8611,#8612,#8613,#8614,#8615,#8616,
#8617,#8618,#8619,#8620,#8621,#8622,#8623,#8624,#8625,#8626,#8627,#8628,#8629,
#8630,#8631,#8632,#8633,#8634,#8635,#8636,#8637,#8638,#8639,#8640,#8641),(#8642,
#8643,#8644,#8645,#8646,#8647,#8648,#8649,#8650,#8651,#8652,#8653,#8654,#8655,
#8656,#8657,#8658,#8659,#8660,#8661,#8662,#8663,#8664,#8665,#8666,#8667,#8668,
#8669,#8670,#8671,#8672,#8673,#8674,#8675,#8676),(#8677,#8678,#8679,#8680,#8681,
#8682,#8683,#8684,#8685,#8686,#8687,#8688,#8689,#8690,#8691,#8692,#8693,#8694,
#8695,#8696,#8697,#8698,#8699,#8700,#8701,#8702,#8703,#8704,#8705,#8706,#8707,
#8708,#8709,#8710,#8711)),.UNSPECIFIED.,.F.,.F.,.F.,(4,4),(4,1,1,1,1,1,1,1,1,1,
1,1,1,1,1,1,1,1,1,1,1,1,1,1,1,1,1,1,1,1,1,1,4),(-1.169739011084E-1,
1.116973901108E0),(-1.686639641358E-2,1.054149775849E-2,3.794939193056E-2,
6.535728610263E-2,9.276518027470E-2,1.201730744468E-1,1.475809686188E-1,
1.749888627909E-1,2.023967569630E-1,2.298046511350E-1,2.572125453071E-1,
2.846204394792E-1,3.120283336512E-1,3.394362278233E-1,3.668441219954E-1,
3.942520161675E-1,4.216599103395E-1,4.490678045116E-1,4.764756986837E-1,
5.038835928557E-1,5.312914870278E-1,5.586993811999E-1,5.861072753719E-1,
6.135151695440E-1,6.409230637161E-1,6.683309578881E-1,6.957388520602E-1,
7.231467462323E-1,7.505546404044E-1,7.779625345764E-1,8.053704287485E-1,
8.327783229206E-1,8.601862170926E-1),.UNSPECIFIED.);
#8713=ORIENTED_EDGE('',*,*,#7963,.T.);
#8714=ORIENTED_EDGE('',*,*,#4736,.F.);
#8715=ORIENTED_EDGE('',*,*,#5397,.F.);
#8716=EDGE_LOOP('',(#8713,#8714,#8715));
#8717=FACE_OUTER_BOUND('',#8716,.F.);
#8719=CARTESIAN_POINT('',(1.237188693382E1,1.680760125669E1,-5.697740550792E0));
#8720=CARTESIAN_POINT('',(1.234971633518E1,1.772041415499E1,-6.332623428079E0));
#8721=CARTESIAN_POINT('',(1.230537513791E1,1.927628806231E1,-7.989062174649E0));
#8722=CARTESIAN_POINT('',(1.223886334200E1,2.040117279114E1,-1.120748979337E1));
#8723=CARTESIAN_POINT('',(1.217235154609E1,2.012297646082E1,-1.460535968947E1));
#8724=CARTESIAN_POINT('',(1.210583975019E1,1.848972689169E1,-1.759793695622E1));
#8725=CARTESIAN_POINT('',(1.203932795428E1,1.578249745909E1,-1.967011701557E1));
#8726=CARTESIAN_POINT('',(1.197281615837E1,1.246726250927E1,-2.046524685097E1));
#8727=CARTESIAN_POINT('',(1.190630436246E1,9.114632101627E0,-1.984646807031E1));
#8728=CARTESIAN_POINT('',(1.183979256656E1,6.301656269025E0,-1.792028437656E1));
#8729=CARTESIAN_POINT('',(1.177328077065E1,4.512499671930E0,-1.501822729098E1));
#8730=CARTESIAN_POINT('',(1.170676897474E1,4.055108958577E0,-1.163979399062E1));
#8731=CARTESIAN_POINT('',(1.164025717883E1,5.008209944247E0,-8.366475683650E0));
#8732=CARTESIAN_POINT('',(1.157374538292E1,7.207754635227E0,-5.761667715387E0));
#8733=CARTESIAN_POINT('',(1.150723358702E1,1.027516771403E1,-4.273716151486E0));
#8734=CARTESIAN_POINT('',(1.144072179111E1,1.368246587897E1,-4.158684659411E0));
#8735=CARTESIAN_POINT('',(1.137420999520E1,1.684328437407E1,-5.436522063456E0));
#8736=CARTESIAN_POINT('',(1.132986879793E1,1.842325342851E1,-7.069994047798E0));
#8737=CARTESIAN_POINT('',(1.130769819929E1,1.901365960274E1,-8.012185219806E0));
#8738=CARTESIAN_POINT('',(1.220565557814E1,1.664320019728E1,-5.934110774170E0));
#8739=CARTESIAN_POINT('',(1.218348497950E1,1.752308625555E1,-6.546092258433E0));
#8740=CARTESIAN_POINT('',(1.213914378223E1,1.902283692956E1,-8.142780212987E0));
#8741=CARTESIAN_POINT('',(1.207263198632E1,2.010714499739E1,-1.124511322836E1));
#8742=CARTESIAN_POINT('',(1.200612019041E1,1.983898372035E1,-1.452041570814E1));
#8743=CARTESIAN_POINT('',(1.193960839451E1,1.826464846696E1,-1.740504520909E1));
#8744=CARTESIAN_POINT('',(1.187309659860E1,1.565507377897E1,-1.940247792267E1));
#8745=CARTESIAN_POINT('',(1.180658480269E1,1.245942545098E1,-2.016892596255E1));
#8746=CARTESIAN_POINT('',(1.174007300678E1,9.227730588111E0,-1.957246767052E1));
#8747=CARTESIAN_POINT('',(1.167356121087E1,6.516223967256E0,-1.771576496514E1));
#8748=CARTESIAN_POINT('',(1.160704941497E1,4.791605539133E0,-1.491839041594E1));
#8749=CARTESIAN_POINT('',(1.154053761906E1,4.350713750017E0,-1.166182341814E1));
#8750=CARTESIAN_POINT('',(1.147402582315E1,5.269434630245E0,-8.506579722601E0));
#8751=CARTESIAN_POINT('',(1.140751402724E1,7.389637698945E0,-5.995731968367E0));
#8752=CARTESIAN_POINT('',(1.134100223133E1,1.034640354658E1,-4.561453553932E0));
#8753=CARTESIAN_POINT('',(1.127449043543E1,1.363079420021E1,-4.450571459335E0));
#8754=CARTESIAN_POINT('',(1.120797863952E1,1.667759615899E1,-5.682314918090E0));
#8755=CARTESIAN_POINT('',(1.116363744225E1,1.820057282385E1,-7.256864563769E0));
#8756=CARTESIAN_POINT('',(1.114146684361E1,1.876968196154E1,-8.165069167379E0));
#8757=CARTESIAN_POINT('',(1.203942422246E1,1.647879913787E1,-6.170480997548E0));
#8758=CARTESIAN_POINT('',(1.201725362382E1,1.732575835610E1,-6.759561088787E0));
#8759=CARTESIAN_POINT('',(1.197291242655E1,1.876938579680E1,-8.296498251325E0));
#8760=CARTESIAN_POINT('',(1.190640063064E1,1.981311720364E1,-1.128273666334E1));
#8761=CARTESIAN_POINT('',(1.183988883473E1,1.955499097988E1,-1.443547172680E1));
#8762=CARTESIAN_POINT('',(1.177337703882E1,1.803957004223E1,-1.721215346197E1));
#8763=CARTESIAN_POINT('',(1.170686524292E1,1.552765009885E1,-1.913483882977E1));
#8764=CARTESIAN_POINT('',(1.164035344701E1,1.245158839270E1,-1.987260507412E1));
#8765=CARTESIAN_POINT('',(1.157384165110E1,9.340829074595E0,-1.929846727074E1));
#8766=CARTESIAN_POINT('',(1.150732985519E1,6.730791665487E0,-1.751124555371E1));
#8767=CARTESIAN_POINT('',(1.144081805929E1,5.070711406335E0,-1.481855354089E1));
#8768=CARTESIAN_POINT('',(1.137430626338E1,4.646318541457E0,-1.168385284566E1));
#8769=CARTESIAN_POINT('',(1.130779446747E1,5.530659316243E0,-8.646683761551E0));
#8770=CARTESIAN_POINT('',(1.124128267156E1,7.571520762662E0,-6.229796221348E0));
#8771=CARTESIAN_POINT('',(1.117477087565E1,1.041763937913E1,-4.849190956377E0));
#8772=CARTESIAN_POINT('',(1.110825907975E1,1.357912252144E1,-4.742458259259E0));
#8773=CARTESIAN_POINT('',(1.104174728384E1,1.651190794391E1,-5.928107772725E0));
#8774=CARTESIAN_POINT('',(1.099740608657E1,1.797789221919E1,-7.443735079740E0));
#8775=CARTESIAN_POINT('',(1.097523548793E1,1.852570432033E1,-8.317953114951E0));
#8776=CARTESIAN_POINT('',(1.187319286677E1,1.631439807846E1,-6.406851220927E0));
#8777=CARTESIAN_POINT('',(1.185102226814E1,1.712843045666E1,-6.973029919141E0));
#8778=CARTESIAN_POINT('',(1.180668107087E1,1.851593466405E1,-8.450216289663E0));
#8779=CARTESIAN_POINT('',(1.174016927496E1,1.951908940989E1,-1.132036009832E1));
#8780=CARTESIAN_POINT('',(1.167365747905E1,1.927099823941E1,-1.435052774546E1));
#8781=CARTESIAN_POINT('',(1.160714568314E1,1.781449161749E1,-1.701926171484E1));
#8782=CARTESIAN_POINT('',(1.154063388724E1,1.540022641874E1,-1.886719973686E1));
#8783=CARTESIAN_POINT('',(1.147412209133E1,1.244375133441E1,-1.957628418570E1));
#8784=CARTESIAN_POINT('',(1.140761029542E1,9.453927561079E0,-1.902446687096E1));
#8785=CARTESIAN_POINT('',(1.134109849951E1,6.945359363717E0,-1.730672614229E1));
#8786=CARTESIAN_POINT('',(1.127458670360E1,5.349817273538E0,-1.471871666584E1));
#8787=CARTESIAN_POINT('',(1.120807490770E1,4.941923332898E0,-1.170588227318E1));
#8788=CARTESIAN_POINT('',(1.114156311179E1,5.791884002242E0,-8.786787800502E0));
#8789=CARTESIAN_POINT('',(1.107505131588E1,7.753403826379E0,-6.463860474328E0));
#8790=CARTESIAN_POINT('',(1.100853951997E1,1.048887521169E1,-5.136928358823E0));
#8791=CARTESIAN_POINT('',(1.094202772407E1,1.352745084268E1,-5.034345059183E0));
#8792=CARTESIAN_POINT('',(1.087551592816E1,1.634621972883E1,-6.173900627359E0));
#8793=CARTESIAN_POINT('',(1.083117473089E1,1.775521161452E1,-7.630605595711E0));
#8794=CARTESIAN_POINT('',(1.080900413225E1,1.828172667912E1,-8.470837062523E0));
#8795=B_SPLINE_SURFACE_WITH_KNOTS('',3,3,((#8719,#8720,#8721,#8722,#8723,#8724,
#8725,#8726,#8727,#8728,#8729,#8730,#8731,#8732,#8733,#8734,#8735,#8736,#8737),(
#8738,#8739,#8740,#8741,#8742,#8743,#8744,#8745,#8746,#8747,#8748,#8749,#8750,
#8751,#8752,#8753,#8754,#8755,#8756),(#8757,#8758,#8759,#8760,#8761,#8762,#8763,
#8764,#8765,#8766,#8767,#8768,#8769,#8770,#8771,#8772,#8773,#8774,#8775),(#8776,
#8777,#8778,#8779,#8780,#8781,#8782,#8783,#8784,#8785,#8786,#8787,#8788,#8789,
#8790,#8791,#8792,#8793,#8794)),.UNSPECIFIED.,.F.,.F.,.F.,(4,4),(4,1,1,1,1,1,1,
1,1,1,1,1,1,1,1,1,4),(-1.169739011083E-1,1.116973901108E0),(7.317212528616E-1,
7.488174475322E-1,7.659136422028E-1,7.830098368733E-1,8.001060315439E-1,
8.172022262145E-1,8.342984208851E-1,8.513946155557E-1,8.684908102263E-1,
8.855870048969E-1,9.026831995674E-1,9.197793942380E-1,9.368755889086E-1,
9.539717835792E-1,9.710679782498E-1,9.881641729204E-1,1.005260367591E0),
.UNSPECIFIED.);
#8796=ORIENTED_EDGE('',*,*,#5430,.F.);
#8798=ORIENTED_EDGE('',*,*,#8797,.F.);
#8800=ORIENTED_EDGE('',*,*,#8799,.T.);
#8802=ORIENTED_EDGE('',*,*,#8801,.T.);
#8803=EDGE_LOOP('',(#8796,#8798,#8800,#8802));
#8804=FACE_OUTER_BOUND('',#8803,.F.);
#8806=CARTESIAN_POINT('',(1.237188693382E1,1.680760125669E1,-5.697740550792E0));
#8807=CARTESIAN_POINT('',(1.234971633518E1,1.772041415499E1,-6.332623428079E0));
#8808=CARTESIAN_POINT('',(1.230537513791E1,1.927628806231E1,-7.989062174649E0));
#8809=CARTESIAN_POINT('',(1.223886334200E1,2.040117279114E1,-1.120748979337E1));
#8810=CARTESIAN_POINT('',(1.217235154609E1,2.012297646082E1,-1.460535968947E1));
#8811=CARTESIAN_POINT('',(1.210583975019E1,1.848972689169E1,-1.759793695622E1));
#8812=CARTESIAN_POINT('',(1.203932795428E1,1.578249745909E1,-1.967011701557E1));
#8813=CARTESIAN_POINT('',(1.197281615837E1,1.246726250927E1,-2.046524685097E1));
#8814=CARTESIAN_POINT('',(1.190630436246E1,9.114632101627E0,-1.984646807031E1));
#8815=CARTESIAN_POINT('',(1.183979256656E1,6.301656269025E0,-1.792028437656E1));
#8816=CARTESIAN_POINT('',(1.177328077065E1,4.512499671930E0,-1.501822729098E1));
#8817=CARTESIAN_POINT('',(1.170676897474E1,4.055108958577E0,-1.163979399062E1));
#8818=CARTESIAN_POINT('',(1.164025717883E1,5.008209944247E0,-8.366475683650E0));
#8819=CARTESIAN_POINT('',(1.157374538292E1,7.207754635227E0,-5.761667715387E0));
#8820=CARTESIAN_POINT('',(1.150723358702E1,1.027516771403E1,-4.273716151486E0));
#8821=CARTESIAN_POINT('',(1.144072179111E1,1.368246587897E1,-4.158684659411E0));
#8822=CARTESIAN_POINT('',(1.137420999520E1,1.684328437407E1,-5.436522063456E0));
#8823=CARTESIAN_POINT('',(1.132986879793E1,1.842325342851E1,-7.069994047798E0));
#8824=CARTESIAN_POINT('',(1.130769819929E1,1.901365960274E1,-8.012185219806E0));
#8825=CARTESIAN_POINT('',(1.220565557814E1,1.664320019728E1,-5.934110774170E0));
#8826=CARTESIAN_POINT('',(1.218348497950E1,1.752308625555E1,-6.546092258433E0));
#8827=CARTESIAN_POINT('',(1.213914378223E1,1.902283692956E1,-8.142780212987E0));
#8828=CARTESIAN_POINT('',(1.207263198632E1,2.010714499739E1,-1.124511322836E1));
#8829=CARTESIAN_POINT('',(1.200612019041E1,1.983898372035E1,-1.452041570814E1));
#8830=CARTESIAN_POINT('',(1.193960839451E1,1.826464846696E1,-1.740504520909E1));
#8831=CARTESIAN_POINT('',(1.187309659860E1,1.565507377897E1,-1.940247792267E1));
#8832=CARTESIAN_POINT('',(1.180658480269E1,1.245942545098E1,-2.016892596255E1));
#8833=CARTESIAN_POINT('',(1.174007300678E1,9.227730588111E0,-1.957246767052E1));
#8834=CARTESIAN_POINT('',(1.167356121087E1,6.516223967256E0,-1.771576496514E1));
#8835=CARTESIAN_POINT('',(1.160704941497E1,4.791605539133E0,-1.491839041594E1));
#8836=CARTESIAN_POINT('',(1.154053761906E1,4.350713750017E0,-1.166182341814E1));
#8837=CARTESIAN_POINT('',(1.147402582315E1,5.269434630245E0,-8.506579722601E0));
#8838=CARTESIAN_POINT('',(1.140751402724E1,7.389637698945E0,-5.995731968367E0));
#8839=CARTESIAN_POINT('',(1.134100223133E1,1.034640354658E1,-4.561453553932E0));
#8840=CARTESIAN_POINT('',(1.127449043543E1,1.363079420021E1,-4.450571459335E0));
#8841=CARTESIAN_POINT('',(1.120797863952E1,1.667759615899E1,-5.682314918090E0));
#8842=CARTESIAN_POINT('',(1.116363744225E1,1.820057282385E1,-7.256864563769E0));
#8843=CARTESIAN_POINT('',(1.114146684361E1,1.876968196154E1,-8.165069167379E0));
#8844=CARTESIAN_POINT('',(1.203942422246E1,1.647879913787E1,-6.170480997548E0));
#8845=CARTESIAN_POINT('',(1.201725362382E1,1.732575835610E1,-6.759561088787E0));
#8846=CARTESIAN_POINT('',(1.197291242655E1,1.876938579680E1,-8.296498251325E0));
#8847=CARTESIAN_POINT('',(1.190640063064E1,1.981311720364E1,-1.128273666334E1));
#8848=CARTESIAN_POINT('',(1.183988883473E1,1.955499097988E1,-1.443547172680E1));
#8849=CARTESIAN_POINT('',(1.177337703882E1,1.803957004223E1,-1.721215346197E1));
#8850=CARTESIAN_POINT('',(1.170686524292E1,1.552765009885E1,-1.913483882977E1));
#8851=CARTESIAN_POINT('',(1.164035344701E1,1.245158839270E1,-1.987260507412E1));
#8852=CARTESIAN_POINT('',(1.157384165110E1,9.340829074595E0,-1.929846727074E1));
#8853=CARTESIAN_POINT('',(1.150732985519E1,6.730791665487E0,-1.751124555371E1));
#8854=CARTESIAN_POINT('',(1.144081805929E1,5.070711406335E0,-1.481855354089E1));
#8855=CARTESIAN_POINT('',(1.137430626338E1,4.646318541457E0,-1.168385284566E1));
#8856=CARTESIAN_POINT('',(1.130779446747E1,5.530659316243E0,-8.646683761551E0));
#8857=CARTESIAN_POINT('',(1.124128267156E1,7.571520762662E0,-6.229796221348E0));
#8858=CARTESIAN_POINT('',(1.117477087565E1,1.041763937913E1,-4.849190956377E0));
#8859=CARTESIAN_POINT('',(1.110825907975E1,1.357912252144E1,-4.742458259259E0));
#8860=CARTESIAN_POINT('',(1.104174728384E1,1.651190794391E1,-5.928107772725E0));
#8861=CARTESIAN_POINT('',(1.099740608657E1,1.797789221919E1,-7.443735079740E0));
#8862=CARTESIAN_POINT('',(1.097523548793E1,1.852570432033E1,-8.317953114951E0));
#8863=CARTESIAN_POINT('',(1.187319286677E1,1.631439807846E1,-6.406851220927E0));
#8864=CARTESIAN_POINT('',(1.185102226814E1,1.712843045666E1,-6.973029919141E0));
#8865=CARTESIAN_POINT('',(1.180668107087E1,1.851593466405E1,-8.450216289663E0));
#8866=CARTESIAN_POINT('',(1.174016927496E1,1.951908940989E1,-1.132036009832E1));
#8867=CARTESIAN_POINT('',(1.167365747905E1,1.927099823941E1,-1.435052774546E1));
#8868=CARTESIAN_POINT('',(1.160714568314E1,1.781449161749E1,-1.701926171484E1));
#8869=CARTESIAN_POINT('',(1.154063388724E1,1.540022641874E1,-1.886719973686E1));
#8870=CARTESIAN_POINT('',(1.147412209133E1,1.244375133441E1,-1.957628418570E1));
#8871=CARTESIAN_POINT('',(1.140761029542E1,9.453927561079E0,-1.902446687096E1));
#8872=CARTESIAN_POINT('',(1.134109849951E1,6.945359363717E0,-1.730672614229E1));
#8873=CARTESIAN_POINT('',(1.127458670360E1,5.349817273538E0,-1.471871666584E1));
#8874=CARTESIAN_POINT('',(1.120807490770E1,4.941923332898E0,-1.170588227318E1));
#8875=CARTESIAN_POINT('',(1.114156311179E1,5.791884002242E0,-8.786787800502E0));
#8876=CARTESIAN_POINT('',(1.107505131588E1,7.753403826379E0,-6.463860474328E0));
#8877=CARTESIAN_POINT('',(1.100853951997E1,1.048887521169E1,-5.136928358823E0));
#8878=CARTESIAN_POINT('',(1.094202772407E1,1.352745084268E1,-5.034345059183E0));
#8879=CARTESIAN_POINT('',(1.087551592816E1,1.634621972883E1,-6.173900627359E0));
#8880=CARTESIAN_POINT('',(1.083117473089E1,1.775521161452E1,-7.630605595711E0));
#8881=CARTESIAN_POINT('',(1.080900413225E1,1.828172667912E1,-8.470837062523E0));
#8882=B_SPLINE_SURFACE_WITH_KNOTS('',3,3,((#8806,#8807,#8808,#8809,#8810,#8811,
#8812,#8813,#8814,#8815,#8816,#8817,#8818,#8819,#8820,#8821,#8822,#8823,#8824),(
#8825,#8826,#8827,#8828,#8829,#8830,#8831,#8832,#8833,#8834,#8835,#8836,#8837,
#8838,#8839,#8840,#8841,#8842,#8843),(#8844,#8845,#8846,#8847,#8848,#8849,#8850,
#8851,#8852,#8853,#8854,#8855,#8856,#8857,#8858,#8859,#8860,#8861,#8862),(#8863,
#8864,#8865,#8866,#8867,#8868,#8869,#8870,#8871,#8872,#8873,#8874,#8875,#8876,
#8877,#8878,#8879,#8880,#8881)),.UNSPECIFIED.,.F.,.F.,.F.,(4,4),(4,1,1,1,1,1,1,
1,1,1,1,1,1,1,1,1,4),(-1.169739011083E-1,1.116973901108E0),(7.317212528616E-1,
7.488174475322E-1,7.659136422028E-1,7.830098368733E-1,8.001060315439E-1,
8.172022262145E-1,8.342984208851E-1,8.513946155557E-1,8.684908102263E-1,
8.855870048969E-1,9.026831995674E-1,9.197793942380E-1,9.368755889086E-1,
9.539717835792E-1,9.710679782498E-1,9.881641729204E-1,1.005260367591E0),
.UNSPECIFIED.);
#8883=ORIENTED_EDGE('',*,*,#5422,.F.);
#8885=ORIENTED_EDGE('',*,*,#8884,.T.);
#8886=ORIENTED_EDGE('',*,*,#8117,.F.);
#8887=ORIENTED_EDGE('',*,*,#4687,.T.);
#8889=ORIENTED_EDGE('',*,*,#8888,.F.);
#8890=EDGE_LOOP('',(#8883,#8885,#8886,#8887,#8889));
#8891=FACE_OUTER_BOUND('',#8890,.F.);
#8893=CARTESIAN_POINT('',(1.160000213811E1,1.225E1,-1.225050384189E1));
#8894=DIRECTION('',(-1.E0,0.E0,0.E0));
#8895=DIRECTION('',(0.E0,0.E0,-1.E0));
#8896=AXIS2_PLACEMENT_3D('',#8893,#8894,#8895);
#8897=CONICAL_SURFACE('',#8896,7.6E0,4.5E1);
#8898=ORIENTED_EDGE('',*,*,#5428,.T.);
#8900=ORIENTED_EDGE('',*,*,#8899,.T.);
#8901=ORIENTED_EDGE('',*,*,#8797,.T.);
#8902=EDGE_LOOP('',(#8898,#8900,#8901));
#8903=FACE_OUTER_BOUND('',#8902,.F.);
#8905=CARTESIAN_POINT('',(1.160000213811E1,1.225E1,-1.225050384189E1));
#8906=DIRECTION('',(-1.E0,0.E0,0.E0));
#8907=DIRECTION('',(0.E0,0.E0,-1.E0));
#8908=AXIS2_PLACEMENT_3D('',#8905,#8906,#8907);
#8909=CONICAL_SURFACE('',#8908,7.6E0,4.5E1);
#8911=ORIENTED_EDGE('',*,*,#8910,.T.);
#8912=ORIENTED_EDGE('',*,*,#5424,.T.);
#8913=ORIENTED_EDGE('',*,*,#8888,.T.);
#8914=ORIENTED_EDGE('',*,*,#4685,.T.);
#8915=ORIENTED_EDGE('',*,*,#5436,.T.);
#8917=ORIENTED_EDGE('',*,*,#8916,.T.);
#8918=EDGE_LOOP('',(#8911,#8912,#8913,#8914,#8915,#8917));
#8919=FACE_OUTER_BOUND('',#8918,.F.);
#8921=CARTESIAN_POINT('',(1.190000213811E1,1.225E1,-1.225050384189E1));
#8922=DIRECTION('',(1.E0,0.E0,0.E0));
#8923=DIRECTION('',(0.E0,1.E0,0.E0));
#8924=AXIS2_PLACEMENT_3D('',#8921,#8922,#8923);
#8925=PLANE('',#8924);
#8926=ORIENTED_EDGE('',*,*,#5426,.T.);
#8927=ORIENTED_EDGE('',*,*,#8910,.F.);
#8929=ORIENTED_EDGE('',*,*,#8928,.F.);
#8931=ORIENTED_EDGE('',*,*,#8930,.F.);
#8932=ORIENTED_EDGE('',*,*,#8799,.F.);
#8933=ORIENTED_EDGE('',*,*,#8899,.F.);
#8934=EDGE_LOOP('',(#8926,#8927,#8929,#8931,#8932,#8933));
#8935=FACE_OUTER_BOUND('',#8934,.F.);
#8937=ORIENTED_EDGE('',*,*,#8936,.T.);
#8939=ORIENTED_EDGE('',*,*,#8938,.T.);
#8940=EDGE_LOOP('',(#8937,#8939));
#8941=FACE_BOUND('',#8940,.F.);
#8943=CARTESIAN_POINT('',(-9.999999995955E-1,1.225E1,-1.225050384189E1));
#8944=DIRECTION('',(1.E0,0.E0,0.E0));
#8945=DIRECTION('',(0.E0,-1.E0,0.E0));
#8946=AXIS2_PLACEMENT_3D('',#8943,#8944,#8945);
#8947=CYLINDRICAL_SURFACE('',#8946,6.9E0);
#8949=ORIENTED_EDGE('',*,*,#8948,.F.);
#8951=ORIENTED_EDGE('',*,*,#8950,.F.);
#8953=ORIENTED_EDGE('',*,*,#8952,.F.);
#8954=ORIENTED_EDGE('',*,*,#8936,.F.);
#8956=ORIENTED_EDGE('',*,*,#8955,.T.);
#8958=ORIENTED_EDGE('',*,*,#8957,.T.);
#8960=ORIENTED_EDGE('',*,*,#8959,.T.);
#8962=ORIENTED_EDGE('',*,*,#8961,.T.);
#8963=EDGE_LOOP('',(#8949,#8951,#8953,#8954,#8956,#8958,#8960,#8962));
#8964=FACE_OUTER_BOUND('',#8963,.F.);
#8966=ORIENTED_EDGE('',*,*,#8965,.F.);
#8968=ORIENTED_EDGE('',*,*,#8967,.F.);
#8969=EDGE_LOOP('',(#8966,#8968));
#8970=FACE_BOUND('',#8969,.F.);
#8972=ORIENTED_EDGE('',*,*,#8971,.F.);
#8974=ORIENTED_EDGE('',*,*,#8973,.F.);
#8975=EDGE_LOOP('',(#8972,#8974));
#8976=FACE_BOUND('',#8975,.F.);
#8978=CARTESIAN_POINT('',(1.650000000040E1,5.95E0,-1.225050384189E1));
#8979=DIRECTION('',(0.E0,-1.E0,0.E0));
#8980=DIRECTION('',(-1.E0,0.E0,0.E0));
#8981=AXIS2_PLACEMENT_3D('',#8978,#8979,#8980);
#8982=SPHERICAL_SURFACE('',#8981,1.E0);
#8983=ORIENTED_EDGE('',*,*,#8971,.T.);
#8985=ORIENTED_EDGE('',*,*,#8984,.T.);
#8987=ORIENTED_EDGE('',*,*,#8986,.F.);
#8988=EDGE_LOOP('',(#8983,#8985,#8987));
#8989=FACE_OUTER_BOUND('',#8988,.F.);
#8991=CARTESIAN_POINT('',(1.650000000040E1,5.95E0,-1.225050384189E1));
#8992=DIRECTION('',(0.E0,-1.E0,0.E0));
#8993=DIRECTION('',(-1.E0,0.E0,0.E0));
#8994=AXIS2_PLACEMENT_3D('',#8991,#8992,#8993);
#8995=SPHERICAL_SURFACE('',#8994,1.E0);
#8997=ORIENTED_EDGE('',*,*,#8996,.T.);
#8999=ORIENTED_EDGE('',*,*,#8998,.F.);
#9001=ORIENTED_EDGE('',*,*,#9000,.T.);
#9002=EDGE_LOOP('',(#8997,#8999,#9001));
#9003=FACE_OUTER_BOUND('',#9002,.F.);
#9005=CARTESIAN_POINT('',(1.650000000040E1,5.95E0,-1.225050384189E1));
#9006=DIRECTION('',(0.E0,0.E0,1.E0));
#9007=DIRECTION('',(-1.E0,0.E0,0.E0));
#9008=AXIS2_PLACEMENT_3D('',#9005,#9006,#9007);
#9009=SPHERICAL_SURFACE('',#9008,1.E0);
#9011=ORIENTED_EDGE('',*,*,#9010,.T.);
#9012=ORIENTED_EDGE('',*,*,#9000,.F.);
#9013=ORIENTED_EDGE('',*,*,#8998,.T.);
#9014=EDGE_LOOP('',(#9011,#9012,#9013));
#9015=FACE_OUTER_BOUND('',#9014,.F.);
#9017=CARTESIAN_POINT('',(1.650000000040E1,5.95E0,-1.225050384189E1));
#9018=DIRECTION('',(0.E0,0.E0,1.E0));
#9019=DIRECTION('',(-1.E0,0.E0,0.E0));
#9020=AXIS2_PLACEMENT_3D('',#9017,#9018,#9019);
#9021=SPHERICAL_SURFACE('',#9020,1.E0);
#9022=ORIENTED_EDGE('',*,*,#8973,.T.);
#9023=ORIENTED_EDGE('',*,*,#8986,.T.);
#9024=ORIENTED_EDGE('',*,*,#8984,.F.);
#9025=EDGE_LOOP('',(#9022,#9023,#9024));
#9026=FACE_OUTER_BOUND('',#9025,.F.);
#9028=CARTESIAN_POINT('',(-9.999999995955E-1,1.225E1,-1.225050384189E1));
#9029=DIRECTION('',(1.E0,0.E0,0.E0));
#9030=DIRECTION('',(0.E0,-1.E0,0.E0));
#9031=AXIS2_PLACEMENT_3D('',#9028,#9029,#9030);
#9032=CYLINDRICAL_SURFACE('',#9031,5.5E0);
#9034=ORIENTED_EDGE('',*,*,#9033,.T.);
#9036=ORIENTED_EDGE('',*,*,#9035,.T.);
#9038=ORIENTED_EDGE('',*,*,#9037,.T.);
#9040=ORIENTED_EDGE('',*,*,#9039,.T.);
#9042=ORIENTED_EDGE('',*,*,#9041,.T.);
#9043=EDGE_LOOP('',(#9034,#9036,#9038,#9040,#9042));
#9044=FACE_OUTER_BOUND('',#9043,.F.);
#9046=ORIENTED_EDGE('',*,*,#9045,.F.);
#9048=ORIENTED_EDGE('',*,*,#9047,.F.);
#9049=EDGE_LOOP('',(#9046,#9048));
#9050=FACE_BOUND('',#9049,.F.);
#9052=ORIENTED_EDGE('',*,*,#9051,.F.);
#9054=ORIENTED_EDGE('',*,*,#9053,.F.);
#9055=EDGE_LOOP('',(#9052,#9054));
#9056=FACE_BOUND('',#9055,.F.);
#9057=ORIENTED_EDGE('',*,*,#8996,.F.);
#9058=ORIENTED_EDGE('',*,*,#9010,.F.);
#9059=EDGE_LOOP('',(#9057,#9058));
#9060=FACE_BOUND('',#9059,.F.);
#9062=CARTESIAN_POINT('',(1.650000000040E1,1.54E1,-1.770646388573E1));
#9063=DIRECTION('',(0.E0,5.E-1,-8.660254037844E-1));
#9064=DIRECTION('',(-1.E0,0.E0,0.E0));
#9065=AXIS2_PLACEMENT_3D('',#9062,#9063,#9064);
#9066=SPHERICAL_SURFACE('',#9065,1.E0);
#9068=ORIENTED_EDGE('',*,*,#9067,.T.);
#9070=ORIENTED_EDGE('',*,*,#9069,.T.);
#9072=ORIENTED_EDGE('',*,*,#9071,.F.);
#9073=EDGE_LOOP('',(#9068,#9070,#9072));
#9074=FACE_OUTER_BOUND('',#9073,.F.);
#9076=CARTESIAN_POINT('',(1.650000000040E1,1.54E1,-1.770646388573E1));
#9077=DIRECTION('',(0.E0,5.E-1,-8.660254037844E-1));
#9078=DIRECTION('',(-1.E0,0.E0,0.E0));
#9079=AXIS2_PLACEMENT_3D('',#9076,#9077,#9078);
#9080=SPHERICAL_SURFACE('',#9079,1.E0);
#9081=ORIENTED_EDGE('',*,*,#9045,.T.);
#9083=ORIENTED_EDGE('',*,*,#9082,.F.);
#9085=ORIENTED_EDGE('',*,*,#9084,.T.);
#9086=EDGE_LOOP('',(#9081,#9083,#9085));
#9087=FACE_OUTER_BOUND('',#9086,.F.);
#9089=CARTESIAN_POINT('',(-9.999999995955E-1,1.225E1,-1.225050384189E1));
#9090=DIRECTION('',(1.E0,0.E0,0.E0));
#9091=DIRECTION('',(0.E0,-1.E0,0.E0));
#9092=AXIS2_PLACEMENT_3D('',#9089,#9090,#9091);
#9093=CYLINDRICAL_SURFACE('',#9092,6.9E0);
#9094=ORIENTED_EDGE('',*,*,#8948,.T.);
#9096=ORIENTED_EDGE('',*,*,#9095,.T.);
#9097=ORIENTED_EDGE('',*,*,#8959,.F.);
#9099=ORIENTED_EDGE('',*,*,#9098,.T.);
#9100=ORIENTED_EDGE('',*,*,#8955,.F.);
#9101=ORIENTED_EDGE('',*,*,#8938,.F.);
#9102=ORIENTED_EDGE('',*,*,#8952,.T.);
#9103=ORIENTED_EDGE('',*,*,#8950,.T.);
#9104=EDGE_LOOP('',(#9094,#9096,#9097,#9099,#9100,#9101,#9102,#9103));
#9105=FACE_OUTER_BOUND('',#9104,.F.);
#9106=ORIENTED_EDGE('',*,*,#9067,.F.);
#9108=ORIENTED_EDGE('',*,*,#9107,.F.);
#9109=EDGE_LOOP('',(#9106,#9108));
#9110=FACE_BOUND('',#9109,.F.);
#9112=CARTESIAN_POINT('',(1.650000000040E1,1.54E1,-1.770646388573E1));
#9113=DIRECTION('',(0.E0,-8.660254037844E-1,-5.E-1));
#9114=DIRECTION('',(-1.E0,0.E0,0.E0));
#9115=AXIS2_PLACEMENT_3D('',#9112,#9113,#9114);
#9116=SPHERICAL_SURFACE('',#9115,1.E0);
#9117=ORIENTED_EDGE('',*,*,#9047,.T.);
#9118=ORIENTED_EDGE('',*,*,#9084,.F.);
#9119=ORIENTED_EDGE('',*,*,#9082,.T.);
#9120=EDGE_LOOP('',(#9117,#9118,#9119));
#9121=FACE_OUTER_BOUND('',#9120,.F.);
#9123=CARTESIAN_POINT('',(1.650000000040E1,1.54E1,-1.770646388573E1));
#9124=DIRECTION('',(0.E0,-8.660254037844E-1,-5.E-1));
#9125=DIRECTION('',(-1.E0,0.E0,0.E0));
#9126=AXIS2_PLACEMENT_3D('',#9123,#9124,#9125);
#9127=SPHERICAL_SURFACE('',#9126,1.E0);
#9128=ORIENTED_EDGE('',*,*,#9107,.T.);
#9129=ORIENTED_EDGE('',*,*,#9071,.T.);
#9130=ORIENTED_EDGE('',*,*,#9069,.F.);
#9131=EDGE_LOOP('',(#9128,#9129,#9130));
#9132=FACE_OUTER_BOUND('',#9131,.F.);
#9134=CARTESIAN_POINT('',(1.990000160241E1,1.225E1,-1.225050384189E1));
#9135=DIRECTION('',(-1.E0,0.E0,0.E0));
#9136=DIRECTION('',(0.E0,0.E0,-1.E0));
#9137=AXIS2_PLACEMENT_3D('',#9134,#9135,#9136);
#9138=CONICAL_SURFACE('',#9137,6.800001620332E0,4.500001357547E1);
#9139=ORIENTED_EDGE('',*,*,#9095,.F.);
#9141=ORIENTED_EDGE('',*,*,#9140,.F.);
#9143=ORIENTED_EDGE('',*,*,#9142,.F.);
#9145=ORIENTED_EDGE('',*,*,#9144,.F.);
#9147=ORIENTED_EDGE('',*,*,#9146,.T.);
#9148=EDGE_LOOP('',(#9139,#9141,#9143,#9145,#9147));
#9149=FACE_OUTER_BOUND('',#9148,.F.);
#9151=CARTESIAN_POINT('',(1.990000160241E1,1.225E1,-1.225050384189E1));
#9152=DIRECTION('',(-1.E0,0.E0,0.E0));
#9153=DIRECTION('',(0.E0,0.E0,-1.E0));
#9154=AXIS2_PLACEMENT_3D('',#9151,#9152,#9153);
#9155=CONICAL_SURFACE('',#9154,6.800001620332E0,4.500001357547E1);
#9156=ORIENTED_EDGE('',*,*,#8961,.F.);
#9157=ORIENTED_EDGE('',*,*,#9146,.F.);
#9159=ORIENTED_EDGE('',*,*,#9158,.F.);
#9161=ORIENTED_EDGE('',*,*,#9160,.F.);
#9162=ORIENTED_EDGE('',*,*,#9140,.T.);
#9163=EDGE_LOOP('',(#9156,#9157,#9159,#9161,#9162));
#9164=FACE_OUTER_BOUND('',#9163,.F.);
#9166=CARTESIAN_POINT('',(2.000000000040E1,1.225E1,-1.225050384189E1));
#9167=DIRECTION('',(1.E0,0.E0,0.E0));
#9168=DIRECTION('',(0.E0,-1.E0,0.E0));
#9169=AXIS2_PLACEMENT_3D('',#9166,#9167,#9168);
#9170=PLANE('',#9169);
#9171=ORIENTED_EDGE('',*,*,#9160,.T.);
#9172=ORIENTED_EDGE('',*,*,#9158,.T.);
#9173=ORIENTED_EDGE('',*,*,#9144,.T.);
#9174=ORIENTED_EDGE('',*,*,#9142,.T.);
#9175=EDGE_LOOP('',(#9171,#9172,#9173,#9174));
#9176=FACE_OUTER_BOUND('',#9175,.F.);
#9178=ORIENTED_EDGE('',*,*,#9177,.T.);
#9180=ORIENTED_EDGE('',*,*,#9179,.T.);
#9182=ORIENTED_EDGE('',*,*,#9181,.T.);
#9184=ORIENTED_EDGE('',*,*,#9183,.T.);
#9185=EDGE_LOOP('',(#9178,#9180,#9182,#9184));
#9186=FACE_BOUND('',#9185,.F.);
#9188=CARTESIAN_POINT('',(1.959999695617E1,1.225E1,-1.225050384189E1));
#9189=DIRECTION('',(1.E0,0.E0,0.E0));
#9190=DIRECTION('',(0.E0,0.E0,-1.E0));
#9191=AXIS2_PLACEMENT_3D('',#9188,#9189,#9190);
#9192=CONICAL_SURFACE('',#9191,5.900000323010E0,4.500001634990E1);
#9194=ORIENTED_EDGE('',*,*,#9193,.F.);
#9196=ORIENTED_EDGE('',*,*,#9195,.T.);
#9197=ORIENTED_EDGE('',*,*,#9179,.F.);
#9198=ORIENTED_EDGE('',*,*,#9177,.F.);
#9200=ORIENTED_EDGE('',*,*,#9199,.F.);
#9201=ORIENTED_EDGE('',*,*,#9037,.F.);
#9203=ORIENTED_EDGE('',*,*,#9202,.T.);
#9204=EDGE_LOOP('',(#9194,#9196,#9197,#9198,#9200,#9201,#9203));
#9205=FACE_OUTER_BOUND('',#9204,.F.);
#9207=CARTESIAN_POINT('',(2.000000000040E1,1.835E1,-1.300050384189E1));
#9208=DIRECTION('',(0.E0,1.E0,0.E0));
#9209=DIRECTION('',(0.E0,0.E0,1.E0));
#9210=AXIS2_PLACEMENT_3D('',#9207,#9208,#9209);
#9211=PLANE('',#9210);
#9213=ORIENTED_EDGE('',*,*,#9212,.F.);
#9215=ORIENTED_EDGE('',*,*,#9214,.T.);
#9217=ORIENTED_EDGE('',*,*,#9216,.T.);
#9218=ORIENTED_EDGE('',*,*,#9193,.T.);
#9220=ORIENTED_EDGE('',*,*,#9219,.F.);
#9221=EDGE_LOOP('',(#9213,#9215,#9217,#9218,#9220));
#9222=FACE_OUTER_BOUND('',#9221,.F.);
#9224=CARTESIAN_POINT('',(1.340000000040E1,1.225E1,-1.225050384189E1));
#9225=DIRECTION('',(1.E0,0.E0,0.E0));
#9226=DIRECTION('',(0.E0,-1.E0,0.E0));
#9227=AXIS2_PLACEMENT_3D('',#9224,#9225,#9226);
#9228=PLANE('',#9227);
#9230=ORIENTED_EDGE('',*,*,#9229,.T.);
#9232=ORIENTED_EDGE('',*,*,#9231,.T.);
#9233=EDGE_LOOP('',(#9230,#9232));
#9234=FACE_OUTER_BOUND('',#9233,.F.);
#9235=ORIENTED_EDGE('',*,*,#9212,.T.);
#9237=ORIENTED_EDGE('',*,*,#9236,.T.);
#9238=ORIENTED_EDGE('',*,*,#9033,.F.);
#9240=ORIENTED_EDGE('',*,*,#9239,.T.);
#9241=EDGE_LOOP('',(#9235,#9237,#9238,#9240));
#9242=FACE_BOUND('',#9241,.F.);
#9244=CARTESIAN_POINT('',(-9.999999995955E-1,1.225E1,-1.225050384189E1));
#9245=DIRECTION('',(1.E0,0.E0,0.E0));
#9246=DIRECTION('',(0.E0,-1.E0,0.E0));
#9247=AXIS2_PLACEMENT_3D('',#9244,#9245,#9246);
#9248=CYLINDRICAL_SURFACE('',#9247,6.4E0);
#9250=ORIENTED_EDGE('',*,*,#9249,.T.);
#9252=ORIENTED_EDGE('',*,*,#9251,.T.);
#9253=ORIENTED_EDGE('',*,*,#9229,.F.);
#9255=ORIENTED_EDGE('',*,*,#9254,.F.);
#9256=EDGE_LOOP('',(#9250,#9252,#9253,#9255));
#9257=FACE_OUTER_BOUND('',#9256,.F.);
#9259=CARTESIAN_POINT('',(1.280000000040E1,1.225E1,-1.225050384189E1));
#9260=DIRECTION('',(1.E0,0.E0,0.E0));
#9261=DIRECTION('',(0.E0,-1.E0,0.E0));
#9262=AXIS2_PLACEMENT_3D('',#9259,#9260,#9261);
#9263=PLANE('',#9262);
#9264=ORIENTED_EDGE('',*,*,#9249,.F.);
#9266=ORIENTED_EDGE('',*,*,#9265,.F.);
#9267=EDGE_LOOP('',(#9264,#9266));
#9268=FACE_OUTER_BOUND('',#9267,.F.);
#9270=ORIENTED_EDGE('',*,*,#9269,.T.);
#9272=ORIENTED_EDGE('',*,*,#9271,.T.);
#9274=ORIENTED_EDGE('',*,*,#9273,.T.);
#9276=ORIENTED_EDGE('',*,*,#9275,.T.);
#9277=EDGE_LOOP('',(#9270,#9272,#9274,#9276));
#9278=FACE_BOUND('',#9277,.F.);
#9280=CARTESIAN_POINT('',(-9.999999995955E-1,1.225E1,-1.225050384189E1));
#9281=DIRECTION('',(1.E0,0.E0,0.E0));
#9282=DIRECTION('',(0.E0,-1.E0,0.E0));
#9283=AXIS2_PLACEMENT_3D('',#9280,#9281,#9282);
#9284=CYLINDRICAL_SURFACE('',#9283,6.4E0);
#9285=ORIENTED_EDGE('',*,*,#9265,.T.);
#9286=ORIENTED_EDGE('',*,*,#9254,.T.);
#9287=ORIENTED_EDGE('',*,*,#9231,.F.);
#9288=ORIENTED_EDGE('',*,*,#9251,.F.);
#9289=EDGE_LOOP('',(#9285,#9286,#9287,#9288));
#9290=FACE_OUTER_BOUND('',#9289,.F.);
#9292=CARTESIAN_POINT('',(2.000000000405E0,1.691154480874E1,-1.285050384194E1));
#9293=DIRECTION('',(0.E0,7.395078141025E-11,1.E0));
#9294=DIRECTION('',(0.E0,-1.E0,7.395078141025E-11));
#9295=AXIS2_PLACEMENT_3D('',#9292,#9293,#9294);
#9296=PLANE('',#9295);
#9297=ORIENTED_EDGE('',*,*,#9269,.F.);
#9299=ORIENTED_EDGE('',*,*,#9298,.T.);
#9301=ORIENTED_EDGE('',*,*,#9300,.T.);
#9303=ORIENTED_EDGE('',*,*,#9302,.F.);
#9304=EDGE_LOOP('',(#9297,#9299,#9301,#9303));
#9305=FACE_OUTER_BOUND('',#9304,.F.);
#9307=CARTESIAN_POINT('',(1.880000000040E1,1.225E1,-1.225050384189E1));
#9308=DIRECTION('',(1.E0,0.E0,0.E0));
#9309=DIRECTION('',(0.E0,0.E0,1.E0));
#9310=AXIS2_PLACEMENT_3D('',#9307,#9308,#9309);
#9311=CYLINDRICAL_SURFACE('',#9310,4.2E0);
#9312=ORIENTED_EDGE('',*,*,#9275,.F.);
#9314=ORIENTED_EDGE('',*,*,#9313,.T.);
#9316=ORIENTED_EDGE('',*,*,#9315,.T.);
#9317=ORIENTED_EDGE('',*,*,#9298,.F.);
#9318=EDGE_LOOP('',(#9312,#9314,#9316,#9317));
#9319=FACE_OUTER_BOUND('',#9318,.F.);
#9321=CARTESIAN_POINT('',(2.000000000405E0,1.625000000012E1,-1.165050384189E1));
#9322=DIRECTION('',(0.E0,0.E0,-1.E0));
#9323=DIRECTION('',(0.E0,1.E0,0.E0));
#9324=AXIS2_PLACEMENT_3D('',#9321,#9322,#9323);
#9325=PLANE('',#9324);
#9326=ORIENTED_EDGE('',*,*,#9273,.F.);
#9328=ORIENTED_EDGE('',*,*,#9327,.T.);
#9330=ORIENTED_EDGE('',*,*,#9329,.T.);
#9331=ORIENTED_EDGE('',*,*,#9313,.F.);
#9332=EDGE_LOOP('',(#9326,#9328,#9330,#9331));
#9333=FACE_OUTER_BOUND('',#9332,.F.);
#9335=CARTESIAN_POINT('',(2.000000000405E0,1.625000000012E1,-1.285050384189E1));
#9336=DIRECTION('',(0.E0,1.E0,0.E0));
#9337=DIRECTION('',(0.E0,0.E0,1.E0));
#9338=AXIS2_PLACEMENT_3D('',#9335,#9336,#9337);
#9339=PLANE('',#9338);
#9340=ORIENTED_EDGE('',*,*,#9271,.F.);
#9341=ORIENTED_EDGE('',*,*,#9302,.T.);
#9343=ORIENTED_EDGE('',*,*,#9342,.T.);
#9344=ORIENTED_EDGE('',*,*,#9327,.F.);
#9345=EDGE_LOOP('',(#9340,#9341,#9343,#9344));
#9346=FACE_OUTER_BOUND('',#9345,.F.);
#9348=CARTESIAN_POINT('',(1.880000000040E1,8.435214987755E0,-7.189054252796E0));
#9349=DIRECTION('',(1.E0,0.E0,0.E0));
#9350=DIRECTION('',(0.E0,0.E0,-1.E0));
#9351=AXIS2_PLACEMENT_3D('',#9348,#9349,#9350);
#9352=PLANE('',#9351);
#9353=ORIENTED_EDGE('',*,*,#9315,.F.);
#9354=ORIENTED_EDGE('',*,*,#9329,.F.);
#9355=ORIENTED_EDGE('',*,*,#9342,.F.);
#9356=ORIENTED_EDGE('',*,*,#9300,.F.);
#9357=EDGE_LOOP('',(#9353,#9354,#9355,#9356));
#9358=FACE_OUTER_BOUND('',#9357,.F.);
#9360=ORIENTED_EDGE('',*,*,#9359,.F.);
#9362=ORIENTED_EDGE('',*,*,#9361,.F.);
#9363=EDGE_LOOP('',(#9360,#9362));
#9364=FACE_BOUND('',#9363,.F.);
#9366=ORIENTED_EDGE('',*,*,#9365,.F.);
#9368=ORIENTED_EDGE('',*,*,#9367,.F.);
#9369=EDGE_LOOP('',(#9366,#9368));
#9370=FACE_BOUND('',#9369,.F.);
#9372=ORIENTED_EDGE('',*,*,#9371,.F.);
#9374=ORIENTED_EDGE('',*,*,#9373,.F.);
#9375=EDGE_LOOP('',(#9372,#9374));
#9376=FACE_BOUND('',#9375,.F.);
#9378=CARTESIAN_POINT('',(1.869999999910E1,9.949999999818E0,-1.225050384189E1));
#9379=DIRECTION('',(1.E0,0.E0,0.E0));
#9380=DIRECTION('',(0.E0,-1.E0,0.E0));
#9381=AXIS2_PLACEMENT_3D('',#9378,#9379,#9380);
#9382=CONICAL_SURFACE('',#9381,9.999999986934E-1,4.5E1);
#9383=ORIENTED_EDGE('',*,*,#9359,.T.);
#9385=ORIENTED_EDGE('',*,*,#9384,.T.);
#9387=ORIENTED_EDGE('',*,*,#9386,.F.);
#9389=ORIENTED_EDGE('',*,*,#9388,.F.);
#9390=EDGE_LOOP('',(#9383,#9385,#9387,#9389));
#9391=FACE_OUTER_BOUND('',#9390,.F.);
#9393=CARTESIAN_POINT('',(1.869999999910E1,9.949999999818E0,-1.225050384189E1));
#9394=DIRECTION('',(1.E0,0.E0,0.E0));
#9395=DIRECTION('',(0.E0,-1.E0,0.E0));
#9396=AXIS2_PLACEMENT_3D('',#9393,#9394,#9395);
#9397=CONICAL_SURFACE('',#9396,9.999999986934E-1,4.5E1);
#9398=ORIENTED_EDGE('',*,*,#9361,.T.);
#9399=ORIENTED_EDGE('',*,*,#9388,.T.);
#9401=ORIENTED_EDGE('',*,*,#9400,.F.);
#9402=ORIENTED_EDGE('',*,*,#9384,.F.);
#9403=EDGE_LOOP('',(#9398,#9399,#9401,#9402));
#9404=FACE_OUTER_BOUND('',#9403,.F.);
#9406=CARTESIAN_POINT('',(1.880000000040E1,9.949999999818E0,-1.225050384189E1));
#9407=DIRECTION('',(1.E0,0.E0,0.E0));
#9408=DIRECTION('',(0.E0,1.E0,0.E0));
#9409=AXIS2_PLACEMENT_3D('',#9406,#9407,#9408);
#9410=CYLINDRICAL_SURFACE('',#9409,9.E-1);
#9411=ORIENTED_EDGE('',*,*,#9400,.T.);
#9413=ORIENTED_EDGE('',*,*,#9412,.T.);
#9415=ORIENTED_EDGE('',*,*,#9414,.T.);
#9417=ORIENTED_EDGE('',*,*,#9416,.F.);
#9418=EDGE_LOOP('',(#9411,#9413,#9415,#9417));
#9419=FACE_OUTER_BOUND('',#9418,.F.);
#9421=CARTESIAN_POINT('',(1.880000000040E1,9.949999999818E0,-1.225050384189E1));
#9422=DIRECTION('',(1.E0,0.E0,0.E0));
#9423=DIRECTION('',(0.E0,1.E0,0.E0));
#9424=AXIS2_PLACEMENT_3D('',#9421,#9422,#9423);
#9425=CYLINDRICAL_SURFACE('',#9424,9.E-1);
#9426=ORIENTED_EDGE('',*,*,#9386,.T.);
#9427=ORIENTED_EDGE('',*,*,#9416,.T.);
#9429=ORIENTED_EDGE('',*,*,#9428,.T.);
#9430=ORIENTED_EDGE('',*,*,#9412,.F.);
#9431=EDGE_LOOP('',(#9426,#9427,#9429,#9430));
#9432=FACE_OUTER_BOUND('',#9431,.F.);
#9434=CARTESIAN_POINT('',(1.780000000040E1,8.435214987755E0,-7.189054252796E0));
#9435=DIRECTION('',(1.E0,0.E0,0.E0));
#9436=DIRECTION('',(0.E0,1.E0,0.E0));
#9437=AXIS2_PLACEMENT_3D('',#9434,#9435,#9436);
#9438=PLANE('',#9437);
#9439=ORIENTED_EDGE('',*,*,#9414,.F.);
#9440=ORIENTED_EDGE('',*,*,#9428,.F.);
#9441=EDGE_LOOP('',(#9439,#9440));
#9442=FACE_OUTER_BOUND('',#9441,.F.);
#9444=CARTESIAN_POINT('',(1.780000000040E1,8.435214987755E0,-7.189054252796E0));
#9445=DIRECTION('',(1.E0,0.E0,0.E0));
#9446=DIRECTION('',(0.E0,1.E0,0.E0));
#9447=AXIS2_PLACEMENT_3D('',#9444,#9445,#9446);
#9448=PLANE('',#9447);
#9450=ORIENTED_EDGE('',*,*,#9449,.F.);
#9452=ORIENTED_EDGE('',*,*,#9451,.F.);
#9453=EDGE_LOOP('',(#9450,#9452));
#9454=FACE_OUTER_BOUND('',#9453,.F.);
#9456=CARTESIAN_POINT('',(1.780000000040E1,8.435214987755E0,-7.189054252796E0));
#9457=DIRECTION('',(1.E0,0.E0,0.E0));
#9458=DIRECTION('',(0.E0,1.E0,0.E0));
#9459=AXIS2_PLACEMENT_3D('',#9456,#9457,#9458);
#9460=PLANE('',#9459);
#9462=ORIENTED_EDGE('',*,*,#9461,.F.);
#9464=ORIENTED_EDGE('',*,*,#9463,.F.);
#9465=EDGE_LOOP('',(#9462,#9464));
#9466=FACE_OUTER_BOUND('',#9465,.F.);
#9468=CARTESIAN_POINT('',(1.880000000040E1,1.340000000009E1,-1.025864541303E1));
#9469=DIRECTION('',(1.E0,0.E0,0.E0));
#9470=DIRECTION('',(0.E0,1.E0,0.E0));
#9471=AXIS2_PLACEMENT_3D('',#9468,#9469,#9470);
#9472=CYLINDRICAL_SURFACE('',#9471,9.E-1);
#9474=ORIENTED_EDGE('',*,*,#9473,.T.);
#9476=ORIENTED_EDGE('',*,*,#9475,.T.);
#9477=ORIENTED_EDGE('',*,*,#9449,.T.);
#9479=ORIENTED_EDGE('',*,*,#9478,.F.);
#9480=EDGE_LOOP('',(#9474,#9476,#9477,#9479));
#9481=FACE_OUTER_BOUND('',#9480,.F.);
#9483=CARTESIAN_POINT('',(1.869999999910E1,1.340000000009E1,-1.025864541303E1));
#9484=DIRECTION('',(1.E0,0.E0,0.E0));
#9485=DIRECTION('',(0.E0,-1.E0,0.E0));
#9486=AXIS2_PLACEMENT_3D('',#9483,#9484,#9485);
#9487=CONICAL_SURFACE('',#9486,9.999999986934E-1,4.5E1);
#9488=ORIENTED_EDGE('',*,*,#9367,.T.);
#9490=ORIENTED_EDGE('',*,*,#9489,.T.);
#9491=ORIENTED_EDGE('',*,*,#9473,.F.);
#9493=ORIENTED_EDGE('',*,*,#9492,.F.);
#9494=EDGE_LOOP('',(#9488,#9490,#9491,#9493));
#9495=FACE_OUTER_BOUND('',#9494,.F.);
#9497=CARTESIAN_POINT('',(1.869999999910E1,1.340000000009E1,-1.025864541303E1));
#9498=DIRECTION('',(1.E0,0.E0,0.E0));
#9499=DIRECTION('',(0.E0,-1.E0,0.E0));
#9500=AXIS2_PLACEMENT_3D('',#9497,#9498,#9499);
#9501=CONICAL_SURFACE('',#9500,9.999999986934E-1,4.5E1);
#9502=ORIENTED_EDGE('',*,*,#9365,.T.);
#9503=ORIENTED_EDGE('',*,*,#9492,.T.);
#9505=ORIENTED_EDGE('',*,*,#9504,.F.);
#9506=ORIENTED_EDGE('',*,*,#9489,.F.);
#9507=EDGE_LOOP('',(#9502,#9503,#9505,#9506));
#9508=FACE_OUTER_BOUND('',#9507,.F.);
#9510=CARTESIAN_POINT('',(1.880000000040E1,1.340000000009E1,-1.025864541303E1));
#9511=DIRECTION('',(1.E0,0.E0,0.E0));
#9512=DIRECTION('',(0.E0,1.E0,0.E0));
#9513=AXIS2_PLACEMENT_3D('',#9510,#9511,#9512);
#9514=CYLINDRICAL_SURFACE('',#9513,9.E-1);
#9515=ORIENTED_EDGE('',*,*,#9504,.T.);
#9516=ORIENTED_EDGE('',*,*,#9478,.T.);
#9517=ORIENTED_EDGE('',*,*,#9451,.T.);
#9518=ORIENTED_EDGE('',*,*,#9475,.F.);
#9519=EDGE_LOOP('',(#9515,#9516,#9517,#9518));
#9520=FACE_OUTER_BOUND('',#9519,.F.);
#9522=CARTESIAN_POINT('',(1.880000000040E1,1.340000000009E1,-1.424236227075E1));
#9523=DIRECTION('',(1.E0,0.E0,0.E0));
#9524=DIRECTION('',(0.E0,1.E0,0.E0));
#9525=AXIS2_PLACEMENT_3D('',#9522,#9523,#9524);
#9526=CYLINDRICAL_SURFACE('',#9525,9.E-1);
#9528=ORIENTED_EDGE('',*,*,#9527,.T.);
#9530=ORIENTED_EDGE('',*,*,#9529,.T.);
#9531=ORIENTED_EDGE('',*,*,#9461,.T.);
#9533=ORIENTED_EDGE('',*,*,#9532,.F.);
#9534=EDGE_LOOP('',(#9528,#9530,#9531,#9533));
#9535=FACE_OUTER_BOUND('',#9534,.F.);
#9537=CARTESIAN_POINT('',(1.869999999910E1,1.340000000009E1,-1.424236227075E1));
#9538=DIRECTION('',(1.E0,0.E0,0.E0));
#9539=DIRECTION('',(0.E0,-1.E0,0.E0));
#9540=AXIS2_PLACEMENT_3D('',#9537,#9538,#9539);
#9541=CONICAL_SURFACE('',#9540,9.999999986934E-1,4.5E1);
#9542=ORIENTED_EDGE('',*,*,#9373,.T.);
#9544=ORIENTED_EDGE('',*,*,#9543,.T.);
#9545=ORIENTED_EDGE('',*,*,#9527,.F.);
#9547=ORIENTED_EDGE('',*,*,#9546,.F.);
#9548=EDGE_LOOP('',(#9542,#9544,#9545,#9547));
#9549=FACE_OUTER_BOUND('',#9548,.F.);
#9551=CARTESIAN_POINT('',(1.869999999910E1,1.340000000009E1,-1.424236227075E1));
#9552=DIRECTION('',(1.E0,0.E0,0.E0));
#9553=DIRECTION('',(0.E0,-1.E0,0.E0));
#9554=AXIS2_PLACEMENT_3D('',#9551,#9552,#9553);
#9555=CONICAL_SURFACE('',#9554,9.999999986934E-1,4.5E1);
#9556=ORIENTED_EDGE('',*,*,#9371,.T.);
#9557=ORIENTED_EDGE('',*,*,#9546,.T.);
#9559=ORIENTED_EDGE('',*,*,#9558,.F.);
#9560=ORIENTED_EDGE('',*,*,#9543,.F.);
#9561=EDGE_LOOP('',(#9556,#9557,#9559,#9560));
#9562=FACE_OUTER_BOUND('',#9561,.F.);
#9564=CARTESIAN_POINT('',(1.880000000040E1,1.340000000009E1,-1.424236227075E1));
#9565=DIRECTION('',(1.E0,0.E0,0.E0));
#9566=DIRECTION('',(0.E0,1.E0,0.E0));
#9567=AXIS2_PLACEMENT_3D('',#9564,#9565,#9566);
#9568=CYLINDRICAL_SURFACE('',#9567,9.E-1);
#9569=ORIENTED_EDGE('',*,*,#9558,.T.);
#9570=ORIENTED_EDGE('',*,*,#9532,.T.);
#9571=ORIENTED_EDGE('',*,*,#9463,.T.);
#9572=ORIENTED_EDGE('',*,*,#9529,.F.);
#9573=EDGE_LOOP('',(#9569,#9570,#9571,#9572));
#9574=FACE_OUTER_BOUND('',#9573,.F.);
#9576=CARTESIAN_POINT('',(2.000000000040E1,1.685E1,-1.300050384189E1));
#9577=DIRECTION('',(0.E0,0.E0,-1.E0));
#9578=DIRECTION('',(0.E0,1.E0,0.E0));
#9579=AXIS2_PLACEMENT_3D('',#9576,#9577,#9578);
#9580=PLANE('',#9579);
#9581=ORIENTED_EDGE('',*,*,#9236,.F.);
#9582=ORIENTED_EDGE('',*,*,#9219,.T.);
#9583=ORIENTED_EDGE('',*,*,#9202,.F.);
#9584=ORIENTED_EDGE('',*,*,#9035,.F.);
#9585=EDGE_LOOP('',(#9581,#9582,#9583,#9584));
#9586=FACE_OUTER_BOUND('',#9585,.F.);
#9588=CARTESIAN_POINT('',(2.000000000040E1,1.835E1,-1.150050384189E1));
#9589=DIRECTION('',(0.E0,0.E0,1.E0));
#9590=DIRECTION('',(0.E0,-1.E0,0.E0));
#9591=AXIS2_PLACEMENT_3D('',#9588,#9589,#9590);
#9592=PLANE('',#9591);
#9593=ORIENTED_EDGE('',*,*,#9041,.F.);
#9595=ORIENTED_EDGE('',*,*,#9594,.F.);
#9596=ORIENTED_EDGE('',*,*,#9214,.F.);
#9597=ORIENTED_EDGE('',*,*,#9239,.F.);
#9598=EDGE_LOOP('',(#9593,#9595,#9596,#9597));
#9599=FACE_OUTER_BOUND('',#9598,.F.);
#9601=CARTESIAN_POINT('',(1.959999695617E1,1.225E1,-1.225050384189E1));
#9602=DIRECTION('',(1.E0,0.E0,0.E0));
#9603=DIRECTION('',(0.E0,0.E0,-1.E0));
#9604=AXIS2_PLACEMENT_3D('',#9601,#9602,#9603);
#9605=CONICAL_SURFACE('',#9604,5.900000323010E0,4.500001634990E1);
#9606=ORIENTED_EDGE('',*,*,#9216,.F.);
#9607=ORIENTED_EDGE('',*,*,#9594,.T.);
#9608=ORIENTED_EDGE('',*,*,#9039,.F.);
#9609=ORIENTED_EDGE('',*,*,#9199,.T.);
#9610=ORIENTED_EDGE('',*,*,#9183,.F.);
#9611=ORIENTED_EDGE('',*,*,#9181,.F.);
#9612=ORIENTED_EDGE('',*,*,#9195,.F.);
#9613=EDGE_LOOP('',(#9606,#9607,#9608,#9609,#9610,#9611,#9612));
#9614=FACE_OUTER_BOUND('',#9613,.F.);
#9616=CARTESIAN_POINT('',(1.870000000040E1,1.916909925586E1,-1.225050384189E1));
#9617=DIRECTION('',(0.E0,-1.E0,0.E0));
#9618=DIRECTION('',(-1.E0,0.E0,0.E0));
#9619=AXIS2_PLACEMENT_3D('',#9616,#9617,#9618);
#9620=CYLINDRICAL_SURFACE('',#9619,5.E-1);
#9621=ORIENTED_EDGE('',*,*,#9098,.F.);
#9623=ORIENTED_EDGE('',*,*,#9622,.T.);
#9625=ORIENTED_EDGE('',*,*,#9624,.F.);
#9627=ORIENTED_EDGE('',*,*,#9626,.F.);
#9628=EDGE_LOOP('',(#9621,#9623,#9625,#9627));
#9629=FACE_OUTER_BOUND('',#9628,.F.);
#9631=CARTESIAN_POINT('',(1.870000000040E1,1.916909925586E1,-1.225050384189E1));
#9632=DIRECTION('',(0.E0,-1.E0,0.E0));
#9633=DIRECTION('',(-1.E0,0.E0,0.E0));
#9634=AXIS2_PLACEMENT_3D('',#9631,#9632,#9633);
#9635=CYLINDRICAL_SURFACE('',#9634,5.E-1);
#9636=ORIENTED_EDGE('',*,*,#8957,.F.);
#9637=ORIENTED_EDGE('',*,*,#9626,.T.);
#9639=ORIENTED_EDGE('',*,*,#9638,.F.);
#9640=ORIENTED_EDGE('',*,*,#9622,.F.);
#9641=EDGE_LOOP('',(#9636,#9637,#9639,#9640));
#9642=FACE_OUTER_BOUND('',#9641,.F.);
#9644=CARTESIAN_POINT('',(1.870000000040E1,1.887517625194E1,-1.225050384189E1));
#9645=DIRECTION('',(0.E0,1.E0,0.E0));
#9646=DIRECTION('',(1.E0,0.E0,0.E0));
#9647=AXIS2_PLACEMENT_3D('',#9644,#9645,#9646);
#9648=CONICAL_SURFACE('',#9647,2.944234417668E-1,7.E1);
#9650=ORIENTED_EDGE('',*,*,#9649,.F.);
#9651=ORIENTED_EDGE('',*,*,#9638,.T.);
#9653=ORIENTED_EDGE('',*,*,#9652,.T.);
#9654=EDGE_LOOP('',(#9650,#9651,#9653));
#9655=FACE_OUTER_BOUND('',#9654,.F.);
#9657=CARTESIAN_POINT('',(1.870000000040E1,1.887517625194E1,-1.225050384189E1));
#9658=DIRECTION('',(0.E0,1.E0,0.E0));
#9659=DIRECTION('',(1.E0,0.E0,0.E0));
#9660=AXIS2_PLACEMENT_3D('',#9657,#9658,#9659);
#9661=CONICAL_SURFACE('',#9660,2.944234417668E-1,7.E1);
#9662=ORIENTED_EDGE('',*,*,#9649,.T.);
#9663=ORIENTED_EDGE('',*,*,#9652,.F.);
#9664=ORIENTED_EDGE('',*,*,#9624,.T.);
#9665=EDGE_LOOP('',(#9662,#9663,#9664));
#9666=FACE_OUTER_BOUND('',#9665,.F.);
#9668=CARTESIAN_POINT('',(1.650000000040E1,1.54E1,-6.794543798047E0));
#9669=DIRECTION('',(0.E0,5.E-1,8.660254037844E-1));
#9670=DIRECTION('',(-1.E0,0.E0,0.E0));
#9671=AXIS2_PLACEMENT_3D('',#9668,#9669,#9670);
#9672=SPHERICAL_SURFACE('',#9671,1.E0);
#9673=ORIENTED_EDGE('',*,*,#8965,.T.);
#9675=ORIENTED_EDGE('',*,*,#9674,.T.);
#9677=ORIENTED_EDGE('',*,*,#9676,.F.);
#9678=EDGE_LOOP('',(#9673,#9675,#9677));
#9679=FACE_OUTER_BOUND('',#9678,.F.);
#9681=CARTESIAN_POINT('',(1.650000000040E1,1.54E1,-6.794543798047E0));
#9682=DIRECTION('',(0.E0,5.E-1,8.660254037844E-1));
#9683=DIRECTION('',(-1.E0,0.E0,0.E0));
#9684=AXIS2_PLACEMENT_3D('',#9681,#9682,#9683);
#9685=SPHERICAL_SURFACE('',#9684,1.E0);
#9686=ORIENTED_EDGE('',*,*,#9051,.T.);
#9688=ORIENTED_EDGE('',*,*,#9687,.F.);
#9690=ORIENTED_EDGE('',*,*,#9689,.T.);
#9691=EDGE_LOOP('',(#9686,#9688,#9690));
#9692=FACE_OUTER_BOUND('',#9691,.F.);
#9694=CARTESIAN_POINT('',(1.650000000040E1,1.54E1,-6.794543798047E0));
#9695=DIRECTION('',(0.E0,8.660254037844E-1,-5.E-1));
#9696=DIRECTION('',(-1.E0,0.E0,0.E0));
#9697=AXIS2_PLACEMENT_3D('',#9694,#9695,#9696);
#9698=SPHERICAL_SURFACE('',#9697,1.E0);
#9699=ORIENTED_EDGE('',*,*,#9053,.T.);
#9700=ORIENTED_EDGE('',*,*,#9689,.F.);
#9701=ORIENTED_EDGE('',*,*,#9687,.T.);
#9702=EDGE_LOOP('',(#9699,#9700,#9701));
#9703=FACE_OUTER_BOUND('',#9702,.F.);
#9705=CARTESIAN_POINT('',(1.650000000040E1,1.54E1,-6.794543798047E0));
#9706=DIRECTION('',(0.E0,8.660254037844E-1,-5.E-1));
#9707=DIRECTION('',(-1.E0,0.E0,0.E0));
#9708=AXIS2_PLACEMENT_3D('',#9705,#9706,#9707);
#9709=SPHERICAL_SURFACE('',#9708,1.E0);
#9710=ORIENTED_EDGE('',*,*,#8967,.T.);
#9711=ORIENTED_EDGE('',*,*,#9676,.T.);
#9712=ORIENTED_EDGE('',*,*,#9674,.F.);
#9713=EDGE_LOOP('',(#9710,#9711,#9712));
#9714=FACE_OUTER_BOUND('',#9713,.F.);
#9716=CARTESIAN_POINT('',(1.202763147284E1,1.166170304004E1,-5.156737960388E0));
#9717=CARTESIAN_POINT('',(1.200312661529E1,1.275391996437E1,-5.066158724063E0));
#9718=CARTESIAN_POINT('',(1.195411690018E1,1.497996048868E1,-5.398615105603E0));
#9719=CARTESIAN_POINT('',(1.188060232753E1,1.774760939465E1,-7.333325996785E0));
#9720=CARTESIAN_POINT('',(1.180708775487E1,1.936280865224E1,-1.029864661892E1));
#9721=CARTESIAN_POINT('',(1.173357318221E1,1.948728682798E1,-1.367305306134E1));
#9722=CARTESIAN_POINT('',(1.166005860955E1,1.809488519157E1,-1.674930819178E1));
#9723=CARTESIAN_POINT('',(1.158654403690E1,1.547745619988E1,-1.888265721255E1));
#9724=CARTESIAN_POINT('',(1.151302946424E1,1.218358262498E1,-1.962597126691E1));
#9725=CARTESIAN_POINT('',(1.143951489158E1,8.903629759302E0,-1.882345880176E1));
#9726=CARTESIAN_POINT('',(1.136600031892E1,6.325043622167E0,-1.664331876242E1));
#9727=CARTESIAN_POINT('',(1.129248574627E1,4.988270782101E0,-1.354248705384E1));
#9728=CARTESIAN_POINT('',(1.121897117361E1,5.173486537877E0,-1.017086908991E1));
#9729=CARTESIAN_POINT('',(1.114545660095E1,6.841868875386E0,-7.235119045960E0));
#9730=CARTESIAN_POINT('',(1.107194202829E1,9.643750707909E0,-5.350557597913E0));
#9731=CARTESIAN_POINT('',(1.099842745564E1,1.299184863465E1,-4.912111128235E0));
#9732=CARTESIAN_POINT('',(1.092491288298E1,1.618456861982E1,-6.011895559577E0));
#9733=CARTESIAN_POINT('',(1.087590316787E1,1.776301906714E1,-7.616351182788E0));
#9734=CARTESIAN_POINT('',(1.085139831032E1,1.833234292902E1,-8.552840770644E0));
#9735=CARTESIAN_POINT('',(1.186140011716E1,1.163790698424E1,-4.869801837595E0));
#9736=CARTESIAN_POINT('',(1.183689525961E1,1.277430305048E1,-4.775558756804E0));
#9737=CARTESIAN_POINT('',(1.178788554450E1,1.509038480929E1,-5.121462684642E0));
#9738=CARTESIAN_POINT('',(1.171437097185E1,1.796998249671E1,-7.134430802114E0));
#9739=CARTESIAN_POINT('',(1.164085639919E1,1.965051503711E1,-1.021969583972E1));
#9740=CARTESIAN_POINT('',(1.156734182653E1,1.978002823736E1,-1.373059383226E1));
#9741=CARTESIAN_POINT('',(1.149382725387E1,1.833130527126E1,-1.693128057414E1));
#9742=CARTESIAN_POINT('',(1.142031268122E1,1.560800375162E1,-1.915092154573E1));
#9743=CARTESIAN_POINT('',(1.134679810856E1,1.218089610495E1,-1.992430195079E1));
#9744=CARTESIAN_POINT('',(1.127328353590E1,8.768272247039E0,-1.908932861520E1));
#9745=CARTESIAN_POINT('',(1.119976896324E1,6.085384738696E0,-1.682100397258E1));
#9746=CARTESIAN_POINT('',(1.112625439059E1,4.694540701160E0,-1.359474655320E1));
#9747=CARTESIAN_POINT('',(1.105273981793E1,4.887248259136E0,-1.008674983047E1));
#9748=CARTESIAN_POINT('',(1.097922524527E1,6.623115084752E0,-7.032251472981E0));
#9749=CARTESIAN_POINT('',(1.090571067261E1,9.538330388238E0,-5.071461296203E0));
#9750=CARTESIAN_POINT('',(1.083219609996E1,1.302185571051E1,-4.615280081376E0));
#9751=CARTESIAN_POINT('',(1.075868152730E1,1.634371820038E1,-5.759549753126E0));
#9752=CARTESIAN_POINT('',(1.070967181219E1,1.798601547588E1,-7.428904089292E0));
#9753=CARTESIAN_POINT('',(1.068516695464E1,1.857836794968E1,-8.403273795531E0));
#9754=CARTESIAN_POINT('',(1.169516876148E1,1.161411092844E1,-4.582865714803E0));
#9755=CARTESIAN_POINT('',(1.167066390393E1,1.279468613659E1,-4.484958789544E0));
#9756=CARTESIAN_POINT('',(1.162165418882E1,1.520080912990E1,-4.844310263680E0));
#9757=CARTESIAN_POINT('',(1.154813961617E1,1.819235559876E1,-6.935535607443E0));
#9758=CARTESIAN_POINT('',(1.147462504351E1,1.993822142197E1,-1.014074506052E1));
#9759=CARTESIAN_POINT('',(1.140111047085E1,2.007276964674E1,-1.378813460317E1));
#9760=CARTESIAN_POINT('',(1.132759589819E1,1.856772535096E1,-1.711325295650E1));
#9761=CARTESIAN_POINT('',(1.125408132553E1,1.573855130337E1,-1.941918587891E1));
#9762=CARTESIAN_POINT('',(1.118056675288E1,1.217820958493E1,-2.022263263467E1));
#9763=CARTESIAN_POINT('',(1.110705218022E1,8.632914734777E0,-1.935519842864E1));
#9764=CARTESIAN_POINT('',(1.103353760756E1,5.845725855224E0,-1.699868918273E1));
#9765=CARTESIAN_POINT('',(1.096002303490E1,4.400810620218E0,-1.364700605256E1));
#9766=CARTESIAN_POINT('',(1.088650846225E1,4.601009980396E0,-1.000263057104E1));
#9767=CARTESIAN_POINT('',(1.081299388959E1,6.404361294118E0,-6.829383900003E0));
#9768=CARTESIAN_POINT('',(1.073947931693E1,9.432910068566E0,-4.792364994494E0));
#9769=CARTESIAN_POINT('',(1.066596474427E1,1.305186278636E1,-4.318449034516E0));
#9770=CARTESIAN_POINT('',(1.059245017162E1,1.650286778094E1,-5.507203946674E0));
#9771=CARTESIAN_POINT('',(1.054344045651E1,1.820901188462E1,-7.241456995796E0));
#9772=CARTESIAN_POINT('',(1.051893559896E1,1.882439297034E1,-8.253706820418E0));
#9773=CARTESIAN_POINT('',(1.152893740580E1,1.159031487264E1,-4.295929592011E0));
#9774=CARTESIAN_POINT('',(1.150443254825E1,1.281506922269E1,-4.194358822285E0));
#9775=CARTESIAN_POINT('',(1.145542283314E1,1.531123345050E1,-4.567157842718E0));
#9776=CARTESIAN_POINT('',(1.138190826048E1,1.841472870082E1,-6.736640412771E0));
#9777=CARTESIAN_POINT('',(1.130839368783E1,2.022592780684E1,-1.006179428132E1));
#9778=CARTESIAN_POINT('',(1.123487911517E1,2.036551105612E1,-1.384567537409E1));
#9779=CARTESIAN_POINT('',(1.116136454251E1,1.880414543065E1,-1.729522533886E1));
#9780=CARTESIAN_POINT('',(1.108784996985E1,1.586909885511E1,-1.968745021209E1));
#9781=CARTESIAN_POINT('',(1.101433539720E1,1.217552306491E1,-2.052096331855E1));
#9782=CARTESIAN_POINT('',(1.094082082454E1,8.497557222514E0,-1.962106824207E1));
#9783=CARTESIAN_POINT('',(1.086730625188E1,5.606066971753E0,-1.717637439289E1));
#9784=CARTESIAN_POINT('',(1.079379167922E1,4.107080539277E0,-1.369926555192E1));
#9785=CARTESIAN_POINT('',(1.072027710657E1,4.314771701656E0,-9.918511311600E0));
#9786=CARTESIAN_POINT('',(1.064676253391E1,6.185607503484E0,-6.626516327025E0));
#9787=CARTESIAN_POINT('',(1.057324796125E1,9.327489748895E0,-4.513268692784E0));
#9788=CARTESIAN_POINT('',(1.049973338859E1,1.308186986222E1,-4.021617987656E0));
#9789=CARTESIAN_POINT('',(1.042621881594E1,1.666201736150E1,-5.254858140223E0));
#9790=CARTESIAN_POINT('',(1.037720910083E1,1.843200829336E1,-7.054009902300E0));
#9791=CARTESIAN_POINT('',(1.035270424328E1,1.907041799100E1,-8.104139845305E0));
#9792=B_SPLINE_SURFACE_WITH_KNOTS('',3,3,((#9716,#9717,#9718,#9719,#9720,#9721,
#9722,#9723,#9724,#9725,#9726,#9727,#9728,#9729,#9730,#9731,#9732,#9733,#9734),(
#9735,#9736,#9737,#9738,#9739,#9740,#9741,#9742,#9743,#9744,#9745,#9746,#9747,
#9748,#9749,#9750,#9751,#9752,#9753),(#9754,#9755,#9756,#9757,#9758,#9759,#9760,
#9761,#9762,#9763,#9764,#9765,#9766,#9767,#9768,#9769,#9770,#9771,#9772),(#9773,
#9774,#9775,#9776,#9777,#9778,#9779,#9780,#9781,#9782,#9783,#9784,#9785,#9786,
#9787,#9788,#9789,#9790,#9791)),.UNSPECIFIED.,.F.,.F.,.F.,(4,4),(4,1,1,1,1,1,1,
1,1,1,1,1,1,1,1,1,4),(-1.169739011083E-1,1.116973901108E0),(7.034751929370E-1,
7.223713816223E-1,7.412675703077E-1,7.601637589931E-1,7.790599476785E-1,
7.979561363639E-1,8.168523250493E-1,8.357485137347E-1,8.546447024201E-1,
8.735408911055E-1,8.924370797909E-1,9.113332684762E-1,9.302294571616E-1,
9.491256458470E-1,9.680218345324E-1,9.869180232178E-1,1.005814211903E0),
.UNSPECIFIED.);
#9793=ORIENTED_EDGE('',*,*,#5434,.F.);
#9795=ORIENTED_EDGE('',*,*,#9794,.F.);
#9796=ORIENTED_EDGE('',*,*,#8928,.T.);
#9797=ORIENTED_EDGE('',*,*,#8916,.F.);
#9798=EDGE_LOOP('',(#9793,#9795,#9796,#9797));
#9799=FACE_OUTER_BOUND('',#9798,.F.);
#9801=CARTESIAN_POINT('',(1.202763147284E1,1.166170304004E1,-5.156737960388E0));
#9802=CARTESIAN_POINT('',(1.200312661529E1,1.275391996437E1,-5.066158724063E0));
#9803=CARTESIAN_POINT('',(1.195411690018E1,1.497996048868E1,-5.398615105603E0));
#9804=CARTESIAN_POINT('',(1.188060232753E1,1.774760939465E1,-7.333325996785E0));
#9805=CARTESIAN_POINT('',(1.180708775487E1,1.936280865224E1,-1.029864661892E1));
#9806=CARTESIAN_POINT('',(1.173357318221E1,1.948728682798E1,-1.367305306134E1));
#9807=CARTESIAN_POINT('',(1.166005860955E1,1.809488519157E1,-1.674930819178E1));
#9808=CARTESIAN_POINT('',(1.158654403690E1,1.547745619988E1,-1.888265721255E1));
#9809=CARTESIAN_POINT('',(1.151302946424E1,1.218358262498E1,-1.962597126691E1));
#9810=CARTESIAN_POINT('',(1.143951489158E1,8.903629759302E0,-1.882345880176E1));
#9811=CARTESIAN_POINT('',(1.136600031892E1,6.325043622167E0,-1.664331876242E1));
#9812=CARTESIAN_POINT('',(1.129248574627E1,4.988270782101E0,-1.354248705384E1));
#9813=CARTESIAN_POINT('',(1.121897117361E1,5.173486537877E0,-1.017086908991E1));
#9814=CARTESIAN_POINT('',(1.114545660095E1,6.841868875386E0,-7.235119045960E0));
#9815=CARTESIAN_POINT('',(1.107194202829E1,9.643750707909E0,-5.350557597913E0));
#9816=CARTESIAN_POINT('',(1.099842745564E1,1.299184863465E1,-4.912111128235E0));
#9817=CARTESIAN_POINT('',(1.092491288298E1,1.618456861982E1,-6.011895559577E0));
#9818=CARTESIAN_POINT('',(1.087590316787E1,1.776301906714E1,-7.616351182788E0));
#9819=CARTESIAN_POINT('',(1.085139831032E1,1.833234292902E1,-8.552840770644E0));
#9820=CARTESIAN_POINT('',(1.186140011716E1,1.163790698424E1,-4.869801837595E0));
#9821=CARTESIAN_POINT('',(1.183689525961E1,1.277430305048E1,-4.775558756804E0));
#9822=CARTESIAN_POINT('',(1.178788554450E1,1.509038480929E1,-5.121462684642E0));
#9823=CARTESIAN_POINT('',(1.171437097185E1,1.796998249671E1,-7.134430802114E0));
#9824=CARTESIAN_POINT('',(1.164085639919E1,1.965051503711E1,-1.021969583972E1));
#9825=CARTESIAN_POINT('',(1.156734182653E1,1.978002823736E1,-1.373059383226E1));
#9826=CARTESIAN_POINT('',(1.149382725387E1,1.833130527126E1,-1.693128057414E1));
#9827=CARTESIAN_POINT('',(1.142031268122E1,1.560800375162E1,-1.915092154573E1));
#9828=CARTESIAN_POINT('',(1.134679810856E1,1.218089610495E1,-1.992430195079E1));
#9829=CARTESIAN_POINT('',(1.127328353590E1,8.768272247039E0,-1.908932861520E1));
#9830=CARTESIAN_POINT('',(1.119976896324E1,6.085384738696E0,-1.682100397258E1));
#9831=CARTESIAN_POINT('',(1.112625439059E1,4.694540701160E0,-1.359474655320E1));
#9832=CARTESIAN_POINT('',(1.105273981793E1,4.887248259136E0,-1.008674983047E1));
#9833=CARTESIAN_POINT('',(1.097922524527E1,6.623115084752E0,-7.032251472981E0));
#9834=CARTESIAN_POINT('',(1.090571067261E1,9.538330388238E0,-5.071461296203E0));
#9835=CARTESIAN_POINT('',(1.083219609996E1,1.302185571051E1,-4.615280081376E0));
#9836=CARTESIAN_POINT('',(1.075868152730E1,1.634371820038E1,-5.759549753126E0));
#9837=CARTESIAN_POINT('',(1.070967181219E1,1.798601547588E1,-7.428904089292E0));
#9838=CARTESIAN_POINT('',(1.068516695464E1,1.857836794968E1,-8.403273795531E0));
#9839=CARTESIAN_POINT('',(1.169516876148E1,1.161411092844E1,-4.582865714803E0));
#9840=CARTESIAN_POINT('',(1.167066390393E1,1.279468613659E1,-4.484958789544E0));
#9841=CARTESIAN_POINT('',(1.162165418882E1,1.520080912990E1,-4.844310263680E0));
#9842=CARTESIAN_POINT('',(1.154813961617E1,1.819235559876E1,-6.935535607443E0));
#9843=CARTESIAN_POINT('',(1.147462504351E1,1.993822142197E1,-1.014074506052E1));
#9844=CARTESIAN_POINT('',(1.140111047085E1,2.007276964674E1,-1.378813460317E1));
#9845=CARTESIAN_POINT('',(1.132759589819E1,1.856772535096E1,-1.711325295650E1));
#9846=CARTESIAN_POINT('',(1.125408132553E1,1.573855130337E1,-1.941918587891E1));
#9847=CARTESIAN_POINT('',(1.118056675288E1,1.217820958493E1,-2.022263263467E1));
#9848=CARTESIAN_POINT('',(1.110705218022E1,8.632914734777E0,-1.935519842864E1));
#9849=CARTESIAN_POINT('',(1.103353760756E1,5.845725855224E0,-1.699868918273E1));
#9850=CARTESIAN_POINT('',(1.096002303490E1,4.400810620218E0,-1.364700605256E1));
#9851=CARTESIAN_POINT('',(1.088650846225E1,4.601009980396E0,-1.000263057104E1));
#9852=CARTESIAN_POINT('',(1.081299388959E1,6.404361294118E0,-6.829383900003E0));
#9853=CARTESIAN_POINT('',(1.073947931693E1,9.432910068566E0,-4.792364994494E0));
#9854=CARTESIAN_POINT('',(1.066596474427E1,1.305186278636E1,-4.318449034516E0));
#9855=CARTESIAN_POINT('',(1.059245017162E1,1.650286778094E1,-5.507203946674E0));
#9856=CARTESIAN_POINT('',(1.054344045651E1,1.820901188462E1,-7.241456995796E0));
#9857=CARTESIAN_POINT('',(1.051893559896E1,1.882439297034E1,-8.253706820418E0));
#9858=CARTESIAN_POINT('',(1.152893740580E1,1.159031487264E1,-4.295929592011E0));
#9859=CARTESIAN_POINT('',(1.150443254825E1,1.281506922269E1,-4.194358822285E0));
#9860=CARTESIAN_POINT('',(1.145542283314E1,1.531123345050E1,-4.567157842718E0));
#9861=CARTESIAN_POINT('',(1.138190826048E1,1.841472870082E1,-6.736640412771E0));
#9862=CARTESIAN_POINT('',(1.130839368783E1,2.022592780684E1,-1.006179428132E1));
#9863=CARTESIAN_POINT('',(1.123487911517E1,2.036551105612E1,-1.384567537409E1));
#9864=CARTESIAN_POINT('',(1.116136454251E1,1.880414543065E1,-1.729522533886E1));
#9865=CARTESIAN_POINT('',(1.108784996985E1,1.586909885511E1,-1.968745021209E1));
#9866=CARTESIAN_POINT('',(1.101433539720E1,1.217552306491E1,-2.052096331855E1));
#9867=CARTESIAN_POINT('',(1.094082082454E1,8.497557222514E0,-1.962106824207E1));
#9868=CARTESIAN_POINT('',(1.086730625188E1,5.606066971753E0,-1.717637439289E1));
#9869=CARTESIAN_POINT('',(1.079379167922E1,4.107080539277E0,-1.369926555192E1));
#9870=CARTESIAN_POINT('',(1.072027710657E1,4.314771701656E0,-9.918511311600E0));
#9871=CARTESIAN_POINT('',(1.064676253391E1,6.185607503484E0,-6.626516327025E0));
#9872=CARTESIAN_POINT('',(1.057324796125E1,9.327489748895E0,-4.513268692784E0));
#9873=CARTESIAN_POINT('',(1.049973338859E1,1.308186986222E1,-4.021617987656E0));
#9874=CARTESIAN_POINT('',(1.042621881594E1,1.666201736150E1,-5.254858140223E0));
#9875=CARTESIAN_POINT('',(1.037720910083E1,1.843200829336E1,-7.054009902300E0));
#9876=CARTESIAN_POINT('',(1.035270424328E1,1.907041799100E1,-8.104139845305E0));
#9877=B_SPLINE_SURFACE_WITH_KNOTS('',3,3,((#9801,#9802,#9803,#9804,#9805,#9806,
#9807,#9808,#9809,#9810,#9811,#9812,#9813,#9814,#9815,#9816,#9817,#9818,#9819),(
#9820,#9821,#9822,#9823,#9824,#9825,#9826,#9827,#9828,#9829,#9830,#9831,#9832,
#9833,#9834,#9835,#9836,#9837,#9838),(#9839,#9840,#9841,#9842,#9843,#9844,#9845,
#9846,#9847,#9848,#9849,#9850,#9851,#9852,#9853,#9854,#9855,#9856,#9857),(#9858,
#9859,#9860,#9861,#9862,#9863,#9864,#9865,#9866,#9867,#9868,#9869,#9870,#9871,
#9872,#9873,#9874,#9875,#9876)),.UNSPECIFIED.,.F.,.F.,.F.,(4,4),(4,1,1,1,1,1,1,
1,1,1,1,1,1,1,1,1,4),(-1.169739011083E-1,1.116973901108E0),(7.034751929370E-1,
7.223713816223E-1,7.412675703077E-1,7.601637589931E-1,7.790599476785E-1,
7.979561363639E-1,8.168523250493E-1,8.357485137347E-1,8.546447024201E-1,
8.735408911055E-1,8.924370797909E-1,9.113332684762E-1,9.302294571616E-1,
9.491256458470E-1,9.680218345324E-1,9.869180232178E-1,1.005814211903E0),
.UNSPECIFIED.);
#9878=ORIENTED_EDGE('',*,*,#5418,.F.);
#9879=ORIENTED_EDGE('',*,*,#4665,.F.);
#9880=ORIENTED_EDGE('',*,*,#4886,.F.);
#9882=ORIENTED_EDGE('',*,*,#9881,.F.);
#9883=EDGE_LOOP('',(#9878,#9879,#9880,#9882));
#9884=FACE_OUTER_BOUND('',#9883,.F.);
#9886=CARTESIAN_POINT('',(1.197246730608E1,1.429003294521E1,-5.345558832516E0));
#9887=CARTESIAN_POINT('',(1.194921337411E1,1.529890592383E1,-5.643625524014E0));
#9888=CARTESIAN_POINT('',(1.190270551017E1,1.718316317659E1,-6.688882477671E0));
#9889=CARTESIAN_POINT('',(1.183294371426E1,1.907738994260E1,-9.308491294897E0));
#9890=CARTESIAN_POINT('',(1.176318191836E1,1.968058583567E1,-1.248431126744E1));
#9891=CARTESIAN_POINT('',(1.169342012245E1,1.887889650380E1,-1.561593658183E1));
#9892=CARTESIAN_POINT('',(1.162365832654E1,1.682384811437E1,-1.811124480306E1));
#9893=CARTESIAN_POINT('',(1.155389653063E1,1.390400960125E1,-1.949844360636E1));
#9894=CARTESIAN_POINT('',(1.148413473473E1,1.067144106419E1,-1.951524948400E1));
#9895=CARTESIAN_POINT('',(1.141437293882E1,7.737336253056E0,-1.815848516970E1));
#9896=CARTESIAN_POINT('',(1.134461114291E1,5.656456145108E0,-1.568467870524E1));
#9897=CARTESIAN_POINT('',(1.127484934700E1,4.822239765844E0,-1.256156090136E1));
#9898=CARTESIAN_POINT('',(1.120508755109E1,5.392415780637E0,-9.379631176382E0));
#9899=CARTESIAN_POINT('',(1.113532575519E1,7.259177025301E0,-6.740504529696E0));
#9900=CARTESIAN_POINT('',(1.106556395928E1,1.006957621449E1,-5.143181991213E0));
#9901=CARTESIAN_POINT('',(1.099580216337E1,1.329221310115E1,-4.889628682865E0));
#9902=CARTESIAN_POINT('',(1.092604036746E1,1.631787904515E1,-6.027956839271E0));
#9903=CARTESIAN_POINT('',(1.087953250352E1,1.782202922321E1,-7.570850139400E0));
#9904=CARTESIAN_POINT('',(1.085627857155E1,1.837501228166E1,-8.465768111420E0));
#9905=CARTESIAN_POINT('',(1.195513397275E1,1.429003294521E1,-5.345558832516E0));
#9906=CARTESIAN_POINT('',(1.193188004078E1,1.529890592383E1,-5.643625524014E0));
#9907=CARTESIAN_POINT('',(1.188537217684E1,1.718316317659E1,-6.688882477671E0));
#9908=CARTESIAN_POINT('',(1.181561038093E1,1.907738994260E1,-9.308491294897E0));
#9909=CARTESIAN_POINT('',(1.174584858502E1,1.968058583567E1,-1.248431126744E1));
#9910=CARTESIAN_POINT('',(1.167608678912E1,1.887889650380E1,-1.561593658183E1));
#9911=CARTESIAN_POINT('',(1.160632499321E1,1.682384811437E1,-1.811124480306E1));
#9912=CARTESIAN_POINT('',(1.153656319730E1,1.390400960125E1,-1.949844360636E1));
#9913=CARTESIAN_POINT('',(1.146680140139E1,1.067144106419E1,-1.951524948400E1));
#9914=CARTESIAN_POINT('',(1.139703960548E1,7.737336253056E0,-1.815848516970E1));
#9915=CARTESIAN_POINT('',(1.132727780958E1,5.656456145108E0,-1.568467870524E1));
#9916=CARTESIAN_POINT('',(1.125751601367E1,4.822239765844E0,-1.256156090136E1));
#9917=CARTESIAN_POINT('',(1.118775421776E1,5.392415780637E0,-9.379631176382E0));
#9918=CARTESIAN_POINT('',(1.111799242185E1,7.259177025301E0,-6.740504529696E0));
#9919=CARTESIAN_POINT('',(1.104823062594E1,1.006957621449E1,-5.143181991213E0));
#9920=CARTESIAN_POINT('',(1.097846883004E1,1.329221310115E1,-4.889628682865E0));
#9921=CARTESIAN_POINT('',(1.090870703413E1,1.631787904515E1,-6.027956839271E0));
#9922=CARTESIAN_POINT('',(1.086219917019E1,1.782202922321E1,-7.570850139400E0));
#9923=CARTESIAN_POINT('',(1.083894523822E1,1.837501228166E1,-8.465768111420E0));
#9924=CARTESIAN_POINT('',(1.193780063941E1,1.429003294521E1,-5.345558832516E0));
#9925=CARTESIAN_POINT('',(1.191454670744E1,1.529890592383E1,-5.643625524014E0));
#9926=CARTESIAN_POINT('',(1.186803884351E1,1.718316317659E1,-6.688882477671E0));
#9927=CARTESIAN_POINT('',(1.179827704760E1,1.907738994260E1,-9.308491294897E0));
#9928=CARTESIAN_POINT('',(1.172851525169E1,1.968058583567E1,-1.248431126744E1));
#9929=CARTESIAN_POINT('',(1.165875345578E1,1.887889650380E1,-1.561593658183E1));
#9930=CARTESIAN_POINT('',(1.158899165987E1,1.682384811437E1,-1.811124480306E1));
#9931=CARTESIAN_POINT('',(1.151922986397E1,1.390400960125E1,-1.949844360636E1));
#9932=CARTESIAN_POINT('',(1.144946806806E1,1.067144106419E1,-1.951524948400E1));
#9933=CARTESIAN_POINT('',(1.137970627215E1,7.737336253056E0,-1.815848516970E1));
#9934=CARTESIAN_POINT('',(1.130994447624E1,5.656456145108E0,-1.568467870524E1));
#9935=CARTESIAN_POINT('',(1.124018268033E1,4.822239765844E0,-1.256156090136E1));
#9936=CARTESIAN_POINT('',(1.117042088443E1,5.392415780637E0,-9.379631176382E0));
#9937=CARTESIAN_POINT('',(1.110065908852E1,7.259177025301E0,-6.740504529696E0));
#9938=CARTESIAN_POINT('',(1.103089729261E1,1.006957621449E1,-5.143181991213E0));
#9939=CARTESIAN_POINT('',(1.096113549670E1,1.329221310115E1,-4.889628682865E0));
#9940=CARTESIAN_POINT('',(1.089137370080E1,1.631787904515E1,-6.027956839271E0));
#9941=CARTESIAN_POINT('',(1.084486583686E1,1.782202922321E1,-7.570850139400E0));
#9942=CARTESIAN_POINT('',(1.082161190489E1,1.837501228166E1,-8.465768111420E0));
#9943=CARTESIAN_POINT('',(1.192046730608E1,1.429003294521E1,-5.345558832516E0));
#9944=CARTESIAN_POINT('',(1.189721337411E1,1.529890592383E1,-5.643625524014E0));
#9945=CARTESIAN_POINT('',(1.185070551017E1,1.718316317659E1,-6.688882477671E0));
#9946=CARTESIAN_POINT('',(1.178094371426E1,1.907738994260E1,-9.308491294897E0));
#9947=CARTESIAN_POINT('',(1.171118191836E1,1.968058583567E1,-1.248431126744E1));
#9948=CARTESIAN_POINT('',(1.164142012245E1,1.887889650380E1,-1.561593658183E1));
#9949=CARTESIAN_POINT('',(1.157165832654E1,1.682384811437E1,-1.811124480306E1));
#9950=CARTESIAN_POINT('',(1.150189653063E1,1.390400960125E1,-1.949844360636E1));
#9951=CARTESIAN_POINT('',(1.143213473473E1,1.067144106419E1,-1.951524948400E1));
#9952=CARTESIAN_POINT('',(1.136237293882E1,7.737336253056E0,-1.815848516970E1));
#9953=CARTESIAN_POINT('',(1.129261114291E1,5.656456145108E0,-1.568467870524E1));
#9954=CARTESIAN_POINT('',(1.122284934700E1,4.822239765844E0,-1.256156090136E1));
#9955=CARTESIAN_POINT('',(1.115308755109E1,5.392415780637E0,-9.379631176382E0));
#9956=CARTESIAN_POINT('',(1.108332575519E1,7.259177025301E0,-6.740504529696E0));
#9957=CARTESIAN_POINT('',(1.101356395928E1,1.006957621449E1,-5.143181991213E0));
#9958=CARTESIAN_POINT('',(1.094380216337E1,1.329221310115E1,-4.889628682865E0));
#9959=CARTESIAN_POINT('',(1.087404036746E1,1.631787904515E1,-6.027956839271E0));
#9960=CARTESIAN_POINT('',(1.082753250352E1,1.782202922321E1,-7.570850139400E0));
#9961=CARTESIAN_POINT('',(1.080427857155E1,1.837501228166E1,-8.465768111420E0));
#9962=B_SPLINE_SURFACE_WITH_KNOTS('',3,3,((#9886,#9887,#9888,#9889,#9890,#9891,
#9892,#9893,#9894,#9895,#9896,#9897,#9898,#9899,#9900,#9901,#9902,#9903,#9904),(
#9905,#9906,#9907,#9908,#9909,#9910,#9911,#9912,#9913,#9914,#9915,#9916,#9917,
#9918,#9919,#9920,#9921,#9922,#9923),(#9924,#9925,#9926,#9927,#9928,#9929,#9930,
#9931,#9932,#9933,#9934,#9935,#9936,#9937,#9938,#9939,#9940,#9941,#9942),(#9943,
#9944,#9945,#9946,#9947,#9948,#9949,#9950,#9951,#9952,#9953,#9954,#9955,#9956,
#9957,#9958,#9959,#9960,#9961)),.UNSPECIFIED.,.F.,.F.,.F.,(4,4),(4,1,1,1,1,1,1,
1,1,1,1,1,1,1,1,1,4),(-2.000000000001E-2,1.02E0),(7.186122108293E-1,
7.365437856294E-1,7.544753604295E-1,7.724069352296E-1,7.903385100297E-1,
8.082700848298E-1,8.262016596299E-1,8.441332344300E-1,8.620648092300E-1,
8.799963840301E-1,8.979279588302E-1,9.158595336303E-1,9.337911084304E-1,
9.517226832305E-1,9.696542580306E-1,9.875858328307E-1,1.005517407631E0),
.UNSPECIFIED.);
#9963=ORIENTED_EDGE('',*,*,#5420,.F.);
#9964=ORIENTED_EDGE('',*,*,#9881,.T.);
#9966=ORIENTED_EDGE('',*,*,#9965,.F.);
#9967=ORIENTED_EDGE('',*,*,#8884,.F.);
#9968=EDGE_LOOP('',(#9963,#9964,#9966,#9967));
#9969=FACE_OUTER_BOUND('',#9968,.F.);
#9971=CARTESIAN_POINT('',(1.197246730608E1,1.429003294521E1,-5.345558832516E0));
#9972=CARTESIAN_POINT('',(1.194921337411E1,1.529890592383E1,-5.643625524014E0));
#9973=CARTESIAN_POINT('',(1.190270551017E1,1.718316317659E1,-6.688882477671E0));
#9974=CARTESIAN_POINT('',(1.183294371426E1,1.907738994260E1,-9.308491294897E0));
#9975=CARTESIAN_POINT('',(1.176318191836E1,1.968058583567E1,-1.248431126744E1));
#9976=CARTESIAN_POINT('',(1.169342012245E1,1.887889650380E1,-1.561593658183E1));
#9977=CARTESIAN_POINT('',(1.162365832654E1,1.682384811437E1,-1.811124480306E1));
#9978=CARTESIAN_POINT('',(1.155389653063E1,1.390400960125E1,-1.949844360636E1));
#9979=CARTESIAN_POINT('',(1.148413473473E1,1.067144106419E1,-1.951524948400E1));
#9980=CARTESIAN_POINT('',(1.141437293882E1,7.737336253056E0,-1.815848516970E1));
#9981=CARTESIAN_POINT('',(1.134461114291E1,5.656456145108E0,-1.568467870524E1));
#9982=CARTESIAN_POINT('',(1.127484934700E1,4.822239765844E0,-1.256156090136E1));
#9983=CARTESIAN_POINT('',(1.120508755109E1,5.392415780637E0,-9.379631176382E0));
#9984=CARTESIAN_POINT('',(1.113532575519E1,7.259177025301E0,-6.740504529696E0));
#9985=CARTESIAN_POINT('',(1.106556395928E1,1.006957621449E1,-5.143181991213E0));
#9986=CARTESIAN_POINT('',(1.099580216337E1,1.329221310115E1,-4.889628682865E0));
#9987=CARTESIAN_POINT('',(1.092604036746E1,1.631787904515E1,-6.027956839271E0));
#9988=CARTESIAN_POINT('',(1.087953250352E1,1.782202922321E1,-7.570850139400E0));
#9989=CARTESIAN_POINT('',(1.085627857155E1,1.837501228166E1,-8.465768111420E0));
#9990=CARTESIAN_POINT('',(1.195513397275E1,1.429003294521E1,-5.345558832516E0));
#9991=CARTESIAN_POINT('',(1.193188004078E1,1.529890592383E1,-5.643625524014E0));
#9992=CARTESIAN_POINT('',(1.188537217684E1,1.718316317659E1,-6.688882477671E0));
#9993=CARTESIAN_POINT('',(1.181561038093E1,1.907738994260E1,-9.308491294897E0));
#9994=CARTESIAN_POINT('',(1.174584858502E1,1.968058583567E1,-1.248431126744E1));
#9995=CARTESIAN_POINT('',(1.167608678912E1,1.887889650380E1,-1.561593658183E1));
#9996=CARTESIAN_POINT('',(1.160632499321E1,1.682384811437E1,-1.811124480306E1));
#9997=CARTESIAN_POINT('',(1.153656319730E1,1.390400960125E1,-1.949844360636E1));
#9998=CARTESIAN_POINT('',(1.146680140139E1,1.067144106419E1,-1.951524948400E1));
#9999=CARTESIAN_POINT('',(1.139703960548E1,7.737336253056E0,-1.815848516970E1));
#10000=CARTESIAN_POINT('',(1.132727780958E1,5.656456145108E0,
-1.568467870524E1));
#10001=CARTESIAN_POINT('',(1.125751601367E1,4.822239765844E0,
-1.256156090136E1));
#10002=CARTESIAN_POINT('',(1.118775421776E1,5.392415780637E0,
-9.379631176382E0));
#10003=CARTESIAN_POINT('',(1.111799242185E1,7.259177025301E0,
-6.740504529696E0));
#10004=CARTESIAN_POINT('',(1.104823062594E1,1.006957621449E1,
-5.143181991213E0));
#10005=CARTESIAN_POINT('',(1.097846883004E1,1.329221310115E1,
-4.889628682865E0));
#10006=CARTESIAN_POINT('',(1.090870703413E1,1.631787904515E1,
-6.027956839271E0));
#10007=CARTESIAN_POINT('',(1.086219917019E1,1.782202922321E1,
-7.570850139400E0));
#10008=CARTESIAN_POINT('',(1.083894523822E1,1.837501228166E1,
-8.465768111420E0));
#10009=CARTESIAN_POINT('',(1.193780063941E1,1.429003294521E1,
-5.345558832516E0));
#10010=CARTESIAN_POINT('',(1.191454670744E1,1.529890592383E1,
-5.643625524014E0));
#10011=CARTESIAN_POINT('',(1.186803884351E1,1.718316317659E1,
-6.688882477671E0));
#10012=CARTESIAN_POINT('',(1.179827704760E1,1.907738994260E1,
-9.308491294897E0));
#10013=CARTESIAN_POINT('',(1.172851525169E1,1.968058583567E1,
-1.248431126744E1));
#10014=CARTESIAN_POINT('',(1.165875345578E1,1.887889650380E1,
-1.561593658183E1));
#10015=CARTESIAN_POINT('',(1.158899165987E1,1.682384811437E1,
-1.811124480306E1));
#10016=CARTESIAN_POINT('',(1.151922986397E1,1.390400960125E1,
-1.949844360636E1));
#10017=CARTESIAN_POINT('',(1.144946806806E1,1.067144106419E1,
-1.951524948400E1));
#10018=CARTESIAN_POINT('',(1.137970627215E1,7.737336253056E0,
-1.815848516970E1));
#10019=CARTESIAN_POINT('',(1.130994447624E1,5.656456145108E0,
-1.568467870524E1));
#10020=CARTESIAN_POINT('',(1.124018268033E1,4.822239765844E0,
-1.256156090136E1));
#10021=CARTESIAN_POINT('',(1.117042088443E1,5.392415780637E0,
-9.379631176382E0));
#10022=CARTESIAN_POINT('',(1.110065908852E1,7.259177025301E0,
-6.740504529696E0));
#10023=CARTESIAN_POINT('',(1.103089729261E1,1.006957621449E1,
-5.143181991213E0));
#10024=CARTESIAN_POINT('',(1.096113549670E1,1.329221310115E1,
-4.889628682865E0));
#10025=CARTESIAN_POINT('',(1.089137370080E1,1.631787904515E1,
-6.027956839271E0));
#10026=CARTESIAN_POINT('',(1.084486583686E1,1.782202922321E1,
-7.570850139400E0));
#10027=CARTESIAN_POINT('',(1.082161190489E1,1.837501228166E1,
-8.465768111420E0));
#10028=CARTESIAN_POINT('',(1.192046730608E1,1.429003294521E1,
-5.345558832516E0));
#10029=CARTESIAN_POINT('',(1.189721337411E1,1.529890592383E1,
-5.643625524014E0));
#10030=CARTESIAN_POINT('',(1.185070551017E1,1.718316317659E1,
-6.688882477671E0));
#10031=CARTESIAN_POINT('',(1.178094371426E1,1.907738994260E1,
-9.308491294897E0));
#10032=CARTESIAN_POINT('',(1.171118191836E1,1.968058583567E1,
-1.248431126744E1));
#10033=CARTESIAN_POINT('',(1.164142012245E1,1.887889650380E1,
-1.561593658183E1));
#10034=CARTESIAN_POINT('',(1.157165832654E1,1.682384811437E1,
-1.811124480306E1));
#10035=CARTESIAN_POINT('',(1.150189653063E1,1.390400960125E1,
-1.949844360636E1));
#10036=CARTESIAN_POINT('',(1.143213473473E1,1.067144106419E1,
-1.951524948400E1));
#10037=CARTESIAN_POINT('',(1.136237293882E1,7.737336253056E0,
-1.815848516970E1));
#10038=CARTESIAN_POINT('',(1.129261114291E1,5.656456145108E0,
-1.568467870524E1));
#10039=CARTESIAN_POINT('',(1.122284934700E1,4.822239765844E0,
-1.256156090136E1));
#10040=CARTESIAN_POINT('',(1.115308755109E1,5.392415780637E0,
-9.379631176382E0));
#10041=CARTESIAN_POINT('',(1.108332575519E1,7.259177025301E0,
-6.740504529696E0));
#10042=CARTESIAN_POINT('',(1.101356395928E1,1.006957621449E1,
-5.143181991213E0));
#10043=CARTESIAN_POINT('',(1.094380216337E1,1.329221310115E1,
-4.889628682865E0));
#10044=CARTESIAN_POINT('',(1.087404036746E1,1.631787904515E1,
-6.027956839271E0));
#10045=CARTESIAN_POINT('',(1.082753250352E1,1.782202922321E1,
-7.570850139400E0));
#10046=CARTESIAN_POINT('',(1.080427857155E1,1.837501228166E1,
-8.465768111420E0));
#10047=B_SPLINE_SURFACE_WITH_KNOTS('',3,3,((#9971,#9972,#9973,#9974,#9975,#9976,
#9977,#9978,#9979,#9980,#9981,#9982,#9983,#9984,#9985,#9986,#9987,#9988,#9989),(
#9990,#9991,#9992,#9993,#9994,#9995,#9996,#9997,#9998,#9999,#10000,#10001,
#10002,#10003,#10004,#10005,#10006,#10007,#10008),(#10009,#10010,#10011,#10012,
#10013,#10014,#10015,#10016,#10017,#10018,#10019,#10020,#10021,#10022,#10023,
#10024,#10025,#10026,#10027),(#10028,#10029,#10030,#10031,#10032,#10033,#10034,
#10035,#10036,#10037,#10038,#10039,#10040,#10041,#10042,#10043,#10044,#10045,
#10046)),.UNSPECIFIED.,.F.,.F.,.F.,(4,4),(4,1,1,1,1,1,1,1,1,1,1,1,1,1,1,1,4),(
-2.000000000001E-2,1.02E0),(7.186122108293E-1,7.365437856294E-1,
7.544753604295E-1,7.724069352296E-1,7.903385100297E-1,8.082700848298E-1,
8.262016596299E-1,8.441332344300E-1,8.620648092300E-1,8.799963840301E-1,
8.979279588302E-1,9.158595336303E-1,9.337911084304E-1,9.517226832305E-1,
9.696542580306E-1,9.875858328307E-1,1.005517407631E0),.UNSPECIFIED.);
#10048=ORIENTED_EDGE('',*,*,#5432,.F.);
#10049=ORIENTED_EDGE('',*,*,#8801,.F.);
#10050=ORIENTED_EDGE('',*,*,#8930,.T.);
#10051=ORIENTED_EDGE('',*,*,#9794,.T.);
#10052=EDGE_LOOP('',(#10048,#10049,#10050,#10051));
#10053=FACE_OUTER_BOUND('',#10052,.F.);
#10055=CARTESIAN_POINT('',(1.093527861431E1,1.583338577616E1,
-6.005558175253E0));
#10056=CARTESIAN_POINT('',(1.090411389047E1,1.705623191162E1,
-6.707234327801E0));
#10057=CARTESIAN_POINT('',(1.084178444279E1,1.907482592545E1,
-8.848147894720E0));
#10058=CARTESIAN_POINT('',(1.074829027127E1,1.981672679454E1,
-1.320152103114E1));
#10059=CARTESIAN_POINT('',(1.065479609974E1,1.802108549583E1,
-1.723569939515E1));
#10060=CARTESIAN_POINT('',(1.056130192822E1,1.429069189147E1,
-1.959854835450E1));
#10061=CARTESIAN_POINT('',(1.046780775670E1,9.876058890472E0,
-1.949774357763E1));
#10062=CARTESIAN_POINT('',(1.037431358518E1,6.257364828024E0,
-1.696711359047E1));
#10063=CARTESIAN_POINT('',(1.028081941366E1,4.647859594030E0,
-1.285511175189E1));
#10064=CARTESIAN_POINT('',(1.018732524214E1,5.587176926637E0,
-8.540399343765E0));
#10065=CARTESIAN_POINT('',(1.009383107062E1,8.760384422360E0,
-5.469598987093E0));
#10066=CARTESIAN_POINT('',(1.000033689909E1,1.310357932212E1,
-4.672279135703E0));
#10067=CARTESIAN_POINT('',(9.906842727573E0,1.716058881326E1,
-6.415762641042E0));
#10068=CARTESIAN_POINT('',(9.813348556051E0,1.957119152228E1,
-1.011549984362E1));
#10069=CARTESIAN_POINT('',(9.719854384530E0,1.952716814259E1,
-1.453105447708E1));
#10070=CARTESIAN_POINT('',(9.626360213008E0,1.704327869603E1,
-1.818199326011E1));
#10071=CARTESIAN_POINT('',(9.532866041487E0,1.295231383051E1,
-1.984424090999E1));
#10072=CARTESIAN_POINT('',(9.439371869965E0,8.625879390867E0,
-1.896048425814E1));
#10073=CARTESIAN_POINT('',(9.345877698444E0,5.514528720664E0,
-1.582702645768E1));
#10074=CARTESIAN_POINT('',(9.252383526922E0,4.661425695525E0,
-1.149444339340E1));
#10075=CARTESIAN_POINT('',(9.158889355401E0,6.352596017043E0,
-7.415349900497E0));
#10076=CARTESIAN_POINT('',(9.065395183880E0,1.002102941373E1,
-4.957371626985E0));
#10077=CARTESIAN_POINT('',(8.971901012358E0,1.443678506547E1,
-4.944611805239E0));
#10078=CARTESIAN_POINT('',(8.878406840837E0,1.811936228783E1,
-7.381348505403E0));
#10079=CARTESIAN_POINT('',(8.784912669315E0,1.983407818235E1,
-1.145060031425E1));
#10080=CARTESIAN_POINT('',(8.691418497794E0,1.900602811545E1,
-1.578804123352E1));
#10081=CARTESIAN_POINT('',(8.597924326272E0,1.591283839800E1,
-1.893942784707E1));
#10082=CARTESIAN_POINT('',(8.504430154751E0,1.159158288927E1,
-1.984817261152E1));
#10083=CARTESIAN_POINT('',(8.410935983229E0,7.491082547502E0,
-1.820959646234E1));
#10084=CARTESIAN_POINT('',(8.317441811708E0,4.986125349773E0,
-1.457306850644E1));
#10085=CARTESIAN_POINT('',(8.223947640186E0,4.916621052111E0,
-1.015786060637E1));
#10086=CARTESIAN_POINT('',(8.130453468665E0,7.305665415919E0,
-6.444184560445E0));
#10087=CARTESIAN_POINT('',(8.036959297144E0,1.135304126031E1,
-4.677542735216E0));
#10088=CARTESIAN_POINT('',(7.974629849463E0,1.425025917161E1,
-5.191703282271E0));
#10089=CARTESIAN_POINT('',(7.943465125622E0,1.550756441961E1,
-5.829579138073E0));
#10090=CARTESIAN_POINT('',(1.091794528098E1,1.583338577616E1,
-6.005558175253E0));
#10091=CARTESIAN_POINT('',(1.088678055713E1,1.705623191162E1,
-6.707234327801E0));
#10092=CARTESIAN_POINT('',(1.082445110945E1,1.907482592545E1,
-8.848147894720E0));
#10093=CARTESIAN_POINT('',(1.073095693793E1,1.981672679454E1,
-1.320152103114E1));
#10094=CARTESIAN_POINT('',(1.063746276641E1,1.802108549583E1,
-1.723569939515E1));
#10095=CARTESIAN_POINT('',(1.054396859489E1,1.429069189147E1,
-1.959854835450E1));
#10096=CARTESIAN_POINT('',(1.045047442337E1,9.876058890472E0,
-1.949774357763E1));
#10097=CARTESIAN_POINT('',(1.035698025185E1,6.257364828024E0,
-1.696711359047E1));
#10098=CARTESIAN_POINT('',(1.026348608033E1,4.647859594030E0,
-1.285511175189E1));
#10099=CARTESIAN_POINT('',(1.016999190880E1,5.587176926637E0,
-8.540399343765E0));
#10100=CARTESIAN_POINT('',(1.007649773728E1,8.760384422360E0,
-5.469598987093E0));
#10101=CARTESIAN_POINT('',(9.983003565761E0,1.310357932212E1,
-4.672279135703E0));
#10102=CARTESIAN_POINT('',(9.889509394239E0,1.716058881326E1,
-6.415762641042E0));
#10103=CARTESIAN_POINT('',(9.796015222718E0,1.957119152228E1,
-1.011549984362E1));
#10104=CARTESIAN_POINT('',(9.702521051196E0,1.952716814259E1,
-1.453105447708E1));
#10105=CARTESIAN_POINT('',(9.609026879675E0,1.704327869603E1,
-1.818199326011E1));
#10106=CARTESIAN_POINT('',(9.515532708153E0,1.295231383051E1,
-1.984424090999E1));
#10107=CARTESIAN_POINT('',(9.422038536632E0,8.625879390867E0,
-1.896048425814E1));
#10108=CARTESIAN_POINT('',(9.328544365111E0,5.514528720664E0,
-1.582702645768E1));
#10109=CARTESIAN_POINT('',(9.235050193589E0,4.661425695525E0,
-1.149444339340E1));
#10110=CARTESIAN_POINT('',(9.141556022068E0,6.352596017043E0,
-7.415349900497E0));
#10111=CARTESIAN_POINT('',(9.048061850546E0,1.002102941373E1,
-4.957371626985E0));
#10112=CARTESIAN_POINT('',(8.954567679025E0,1.443678506547E1,
-4.944611805239E0));
#10113=CARTESIAN_POINT('',(8.861073507503E0,1.811936228783E1,
-7.381348505403E0));
#10114=CARTESIAN_POINT('',(8.767579335982E0,1.983407818235E1,
-1.145060031425E1));
#10115=CARTESIAN_POINT('',(8.674085164460E0,1.900602811545E1,
-1.578804123352E1));
#10116=CARTESIAN_POINT('',(8.580590992939E0,1.591283839800E1,
-1.893942784707E1));
#10117=CARTESIAN_POINT('',(8.487096821417E0,1.159158288927E1,
-1.984817261152E1));
#10118=CARTESIAN_POINT('',(8.393602649896E0,7.491082547502E0,
-1.820959646234E1));
#10119=CARTESIAN_POINT('',(8.300108478375E0,4.986125349773E0,
-1.457306850644E1));
#10120=CARTESIAN_POINT('',(8.206614306853E0,4.916621052111E0,
-1.015786060637E1));
#10121=CARTESIAN_POINT('',(8.113120135332E0,7.305665415919E0,
-6.444184560445E0));
#10122=CARTESIAN_POINT('',(8.019625963810E0,1.135304126031E1,
-4.677542735216E0));
#10123=CARTESIAN_POINT('',(7.957296516129E0,1.425025917161E1,
-5.191703282271E0));
#10124=CARTESIAN_POINT('',(7.926131792289E0,1.550756441961E1,
-5.829579138073E0));
#10125=CARTESIAN_POINT('',(1.090061194764E1,1.583338577616E1,
-6.005558175253E0));
#10126=CARTESIAN_POINT('',(1.086944722380E1,1.705623191162E1,
-6.707234327801E0));
#10127=CARTESIAN_POINT('',(1.080711777612E1,1.907482592545E1,
-8.848147894720E0));
#10128=CARTESIAN_POINT('',(1.071362360460E1,1.981672679454E1,
-1.320152103114E1));
#10129=CARTESIAN_POINT('',(1.062012943308E1,1.802108549583E1,
-1.723569939515E1));
#10130=CARTESIAN_POINT('',(1.052663526156E1,1.429069189147E1,
-1.959854835450E1));
#10131=CARTESIAN_POINT('',(1.043314109003E1,9.876058890472E0,
-1.949774357763E1));
#10132=CARTESIAN_POINT('',(1.033964691851E1,6.257364828024E0,
-1.696711359047E1));
#10133=CARTESIAN_POINT('',(1.024615274699E1,4.647859594030E0,
-1.285511175189E1));
#10134=CARTESIAN_POINT('',(1.015265857547E1,5.587176926637E0,
-8.540399343765E0));
#10135=CARTESIAN_POINT('',(1.005916440395E1,8.760384422360E0,
-5.469598987093E0));
#10136=CARTESIAN_POINT('',(9.965670232427E0,1.310357932212E1,
-4.672279135703E0));
#10137=CARTESIAN_POINT('',(9.872176060906E0,1.716058881326E1,
-6.415762641042E0));
#10138=CARTESIAN_POINT('',(9.778681889384E0,1.957119152228E1,
-1.011549984362E1));
#10139=CARTESIAN_POINT('',(9.685187717863E0,1.952716814259E1,
-1.453105447708E1));
#10140=CARTESIAN_POINT('',(9.591693546342E0,1.704327869603E1,
-1.818199326011E1));
#10141=CARTESIAN_POINT('',(9.498199374820E0,1.295231383051E1,
-1.984424090999E1));
#10142=CARTESIAN_POINT('',(9.404705203299E0,8.625879390867E0,
-1.896048425814E1));
#10143=CARTESIAN_POINT('',(9.311211031777E0,5.514528720664E0,
-1.582702645768E1));
#10144=CARTESIAN_POINT('',(9.217716860256E0,4.661425695525E0,
-1.149444339340E1));
#10145=CARTESIAN_POINT('',(9.124222688734E0,6.352596017043E0,
-7.415349900497E0));
#10146=CARTESIAN_POINT('',(9.030728517213E0,1.002102941373E1,
-4.957371626985E0));
#10147=CARTESIAN_POINT('',(8.937234345691E0,1.443678506547E1,
-4.944611805239E0));
#10148=CARTESIAN_POINT('',(8.843740174170E0,1.811936228783E1,
-7.381348505403E0));
#10149=CARTESIAN_POINT('',(8.750246002649E0,1.983407818235E1,
-1.145060031425E1));
#10150=CARTESIAN_POINT('',(8.656751831127E0,1.900602811545E1,
-1.578804123352E1));
#10151=CARTESIAN_POINT('',(8.563257659606E0,1.591283839800E1,
-1.893942784707E1));
#10152=CARTESIAN_POINT('',(8.469763488084E0,1.159158288927E1,
-1.984817261152E1));
#10153=CARTESIAN_POINT('',(8.376269316563E0,7.491082547502E0,
-1.820959646234E1));
#10154=CARTESIAN_POINT('',(8.282775145041E0,4.986125349773E0,
-1.457306850644E1));
#10155=CARTESIAN_POINT('',(8.189280973520E0,4.916621052111E0,
-1.015786060637E1));
#10156=CARTESIAN_POINT('',(8.095786801998E0,7.305665415919E0,
-6.444184560445E0));
#10157=CARTESIAN_POINT('',(8.002292630477E0,1.135304126031E1,
-4.677542735216E0));
#10158=CARTESIAN_POINT('',(7.939963182796E0,1.425025917161E1,
-5.191703282271E0));
#10159=CARTESIAN_POINT('',(7.908798458955E0,1.550756441961E1,
-5.829579138073E0));
#10160=CARTESIAN_POINT('',(1.088327861431E1,1.583338577616E1,
-6.005558175253E0));
#10161=CARTESIAN_POINT('',(1.085211389047E1,1.705623191162E1,
-6.707234327801E0));
#10162=CARTESIAN_POINT('',(1.078978444279E1,1.907482592545E1,
-8.848147894720E0));
#10163=CARTESIAN_POINT('',(1.069629027127E1,1.981672679454E1,
-1.320152103114E1));
#10164=CARTESIAN_POINT('',(1.060279609974E1,1.802108549583E1,
-1.723569939515E1));
#10165=CARTESIAN_POINT('',(1.050930192822E1,1.429069189147E1,
-1.959854835450E1));
#10166=CARTESIAN_POINT('',(1.041580775670E1,9.876058890472E0,
-1.949774357763E1));
#10167=CARTESIAN_POINT('',(1.032231358518E1,6.257364828024E0,
-1.696711359047E1));
#10168=CARTESIAN_POINT('',(1.022881941366E1,4.647859594030E0,
-1.285511175189E1));
#10169=CARTESIAN_POINT('',(1.013532524214E1,5.587176926637E0,
-8.540399343765E0));
#10170=CARTESIAN_POINT('',(1.004183107062E1,8.760384422360E0,
-5.469598987093E0));
#10171=CARTESIAN_POINT('',(9.948336899094E0,1.310357932212E1,
-4.672279135703E0));
#10172=CARTESIAN_POINT('',(9.854842727573E0,1.716058881326E1,
-6.415762641042E0));
#10173=CARTESIAN_POINT('',(9.761348556051E0,1.957119152228E1,
-1.011549984362E1));
#10174=CARTESIAN_POINT('',(9.667854384530E0,1.952716814259E1,
-1.453105447708E1));
#10175=CARTESIAN_POINT('',(9.574360213008E0,1.704327869603E1,
-1.818199326011E1));
#10176=CARTESIAN_POINT('',(9.480866041487E0,1.295231383051E1,
-1.984424090999E1));
#10177=CARTESIAN_POINT('',(9.387371869965E0,8.625879390867E0,
-1.896048425814E1));
#10178=CARTESIAN_POINT('',(9.293877698444E0,5.514528720664E0,
-1.582702645768E1));
#10179=CARTESIAN_POINT('',(9.200383526922E0,4.661425695525E0,
-1.149444339340E1));
#10180=CARTESIAN_POINT('',(9.106889355401E0,6.352596017043E0,
-7.415349900497E0));
#10181=CARTESIAN_POINT('',(9.013395183880E0,1.002102941373E1,
-4.957371626985E0));
#10182=CARTESIAN_POINT('',(8.919901012358E0,1.443678506547E1,
-4.944611805239E0));
#10183=CARTESIAN_POINT('',(8.826406840837E0,1.811936228783E1,
-7.381348505403E0));
#10184=CARTESIAN_POINT('',(8.732912669315E0,1.983407818235E1,
-1.145060031425E1));
#10185=CARTESIAN_POINT('',(8.639418497794E0,1.900602811545E1,
-1.578804123352E1));
#10186=CARTESIAN_POINT('',(8.545924326272E0,1.591283839800E1,
-1.893942784707E1));
#10187=CARTESIAN_POINT('',(8.452430154751E0,1.159158288927E1,
-1.984817261152E1));
#10188=CARTESIAN_POINT('',(8.358935983229E0,7.491082547502E0,
-1.820959646234E1));
#10189=CARTESIAN_POINT('',(8.265441811708E0,4.986125349773E0,
-1.457306850644E1));
#10190=CARTESIAN_POINT('',(8.171947640186E0,4.916621052111E0,
-1.015786060637E1));
#10191=CARTESIAN_POINT('',(8.078453468665E0,7.305665415919E0,
-6.444184560445E0));
#10192=CARTESIAN_POINT('',(7.984959297144E0,1.135304126031E1,
-4.677542735216E0));
#10193=CARTESIAN_POINT('',(7.922629849463E0,1.425025917161E1,
-5.191703282271E0));
#10194=CARTESIAN_POINT('',(7.891465125622E0,1.550756441961E1,
-5.829579138073E0));
#10195=B_SPLINE_SURFACE_WITH_KNOTS('',3,3,((#10055,#10056,#10057,#10058,#10059,
#10060,#10061,#10062,#10063,#10064,#10065,#10066,#10067,#10068,#10069,#10070,
#10071,#10072,#10073,#10074,#10075,#10076,#10077,#10078,#10079,#10080,#10081,
#10082,#10083,#10084,#10085,#10086,#10087,#10088,#10089),(#10090,#10091,#10092,
#10093,#10094,#10095,#10096,#10097,#10098,#10099,#10100,#10101,#10102,#10103,
#10104,#10105,#10106,#10107,#10108,#10109,#10110,#10111,#10112,#10113,#10114,
#10115,#10116,#10117,#10118,#10119,#10120,#10121,#10122,#10123,#10124),(#10125,
#10126,#10127,#10128,#10129,#10130,#10131,#10132,#10133,#10134,#10135,#10136,
#10137,#10138,#10139,#10140,#10141,#10142,#10143,#10144,#10145,#10146,#10147,
#10148,#10149,#10150,#10151,#10152,#10153,#10154,#10155,#10156,#10157,#10158,
#10159),(#10160,#10161,#10162,#10163,#10164,#10165,#10166,#10167,#10168,#10169,
#10170,#10171,#10172,#10173,#10174,#10175,#10176,#10177,#10178,#10179,#10180,
#10181,#10182,#10183,#10184,#10185,#10186,#10187,#10188,#10189,#10190,#10191,
#10192,#10193,#10194)),.UNSPECIFIED.,.F.,.F.,.F.,(4,4),(4,1,1,1,1,1,1,1,1,1,1,1,
1,1,1,1,1,1,1,1,1,1,1,1,1,1,1,1,1,1,1,1,4),(-2.000000000004E-2,1.02E0),(
-1.478876650679E-2,9.242979066743E-3,3.327472464028E-2,5.730647021381E-2,
8.133821578734E-2,1.053699613609E-1,1.294017069344E-1,1.534334525079E-1,
1.774651980815E-1,2.014969436550E-1,2.255286892285E-1,2.495604348021E-1,
2.735921803756E-1,2.976239259491E-1,3.216556715227E-1,3.456874170962E-1,
3.697191626697E-1,3.937509082433E-1,4.177826538168E-1,4.418143993903E-1,
4.658461449639E-1,4.898778905374E-1,5.139096361109E-1,5.379413816845E-1,
5.619731272580E-1,5.860048728315E-1,6.100366184051E-1,6.340683639786E-1,
6.581001095521E-1,6.821318551257E-1,7.061636006992E-1,7.301953462727E-1,
7.542270918463E-1),.UNSPECIFIED.);
#10196=ORIENTED_EDGE('',*,*,#5441,.F.);
#10197=ORIENTED_EDGE('',*,*,#8119,.F.);
#10198=ORIENTED_EDGE('',*,*,#9965,.T.);
#10199=ORIENTED_EDGE('',*,*,#4884,.T.);
#10200=EDGE_LOOP('',(#10196,#10197,#10198,#10199));
#10201=FACE_OUTER_BOUND('',#10200,.F.);
#10203=CARTESIAN_POINT('',(1.093527861431E1,1.583338577616E1,
-6.005558175253E0));
#10204=CARTESIAN_POINT('',(1.090411389047E1,1.705623191162E1,
-6.707234327801E0));
#10205=CARTESIAN_POINT('',(1.084178444279E1,1.907482592545E1,
-8.848147894720E0));
#10206=CARTESIAN_POINT('',(1.074829027127E1,1.981672679454E1,
-1.320152103114E1));
#10207=CARTESIAN_POINT('',(1.065479609974E1,1.802108549583E1,
-1.723569939515E1));
#10208=CARTESIAN_POINT('',(1.056130192822E1,1.429069189147E1,
-1.959854835450E1));
#10209=CARTESIAN_POINT('',(1.046780775670E1,9.876058890472E0,
-1.949774357763E1));
#10210=CARTESIAN_POINT('',(1.037431358518E1,6.257364828024E0,
-1.696711359047E1));
#10211=CARTESIAN_POINT('',(1.028081941366E1,4.647859594030E0,
-1.285511175189E1));
#10212=CARTESIAN_POINT('',(1.018732524214E1,5.587176926637E0,
-8.540399343765E0));
#10213=CARTESIAN_POINT('',(1.009383107062E1,8.760384422360E0,
-5.469598987093E0));
#10214=CARTESIAN_POINT('',(1.000033689909E1,1.310357932212E1,
-4.672279135703E0));
#10215=CARTESIAN_POINT('',(9.906842727573E0,1.716058881326E1,
-6.415762641042E0));
#10216=CARTESIAN_POINT('',(9.813348556051E0,1.957119152228E1,
-1.011549984362E1));
#10217=CARTESIAN_POINT('',(9.719854384530E0,1.952716814259E1,
-1.453105447708E1));
#10218=CARTESIAN_POINT('',(9.626360213008E0,1.704327869603E1,
-1.818199326011E1));
#10219=CARTESIAN_POINT('',(9.532866041487E0,1.295231383051E1,
-1.984424090999E1));
#10220=CARTESIAN_POINT('',(9.439371869965E0,8.625879390867E0,
-1.896048425814E1));
#10221=CARTESIAN_POINT('',(9.345877698444E0,5.514528720664E0,
-1.582702645768E1));
#10222=CARTESIAN_POINT('',(9.252383526922E0,4.661425695525E0,
-1.149444339340E1));
#10223=CARTESIAN_POINT('',(9.158889355401E0,6.352596017043E0,
-7.415349900497E0));
#10224=CARTESIAN_POINT('',(9.065395183880E0,1.002102941373E1,
-4.957371626985E0));
#10225=CARTESIAN_POINT('',(8.971901012358E0,1.443678506547E1,
-4.944611805239E0));
#10226=CARTESIAN_POINT('',(8.878406840837E0,1.811936228783E1,
-7.381348505403E0));
#10227=CARTESIAN_POINT('',(8.784912669315E0,1.983407818235E1,
-1.145060031425E1));
#10228=CARTESIAN_POINT('',(8.691418497794E0,1.900602811545E1,
-1.578804123352E1));
#10229=CARTESIAN_POINT('',(8.597924326272E0,1.591283839800E1,
-1.893942784707E1));
#10230=CARTESIAN_POINT('',(8.504430154751E0,1.159158288927E1,
-1.984817261152E1));
#10231=CARTESIAN_POINT('',(8.410935983229E0,7.491082547502E0,
-1.820959646234E1));
#10232=CARTESIAN_POINT('',(8.317441811708E0,4.986125349773E0,
-1.457306850644E1));
#10233=CARTESIAN_POINT('',(8.223947640186E0,4.916621052111E0,
-1.015786060637E1));
#10234=CARTESIAN_POINT('',(8.130453468665E0,7.305665415919E0,
-6.444184560445E0));
#10235=CARTESIAN_POINT('',(8.036959297144E0,1.135304126031E1,
-4.677542735216E0));
#10236=CARTESIAN_POINT('',(7.974629849463E0,1.425025917161E1,
-5.191703282271E0));
#10237=CARTESIAN_POINT('',(7.943465125622E0,1.550756441961E1,
-5.829579138073E0));
#10238=CARTESIAN_POINT('',(1.091794528098E1,1.583338577616E1,
-6.005558175253E0));
#10239=CARTESIAN_POINT('',(1.088678055713E1,1.705623191162E1,
-6.707234327801E0));
#10240=CARTESIAN_POINT('',(1.082445110945E1,1.907482592545E1,
-8.848147894720E0));
#10241=CARTESIAN_POINT('',(1.073095693793E1,1.981672679454E1,
-1.320152103114E1));
#10242=CARTESIAN_POINT('',(1.063746276641E1,1.802108549583E1,
-1.723569939515E1));
#10243=CARTESIAN_POINT('',(1.054396859489E1,1.429069189147E1,
-1.959854835450E1));
#10244=CARTESIAN_POINT('',(1.045047442337E1,9.876058890472E0,
-1.949774357763E1));
#10245=CARTESIAN_POINT('',(1.035698025185E1,6.257364828024E0,
-1.696711359047E1));
#10246=CARTESIAN_POINT('',(1.026348608033E1,4.647859594030E0,
-1.285511175189E1));
#10247=CARTESIAN_POINT('',(1.016999190880E1,5.587176926637E0,
-8.540399343765E0));
#10248=CARTESIAN_POINT('',(1.007649773728E1,8.760384422360E0,
-5.469598987093E0));
#10249=CARTESIAN_POINT('',(9.983003565761E0,1.310357932212E1,
-4.672279135703E0));
#10250=CARTESIAN_POINT('',(9.889509394239E0,1.716058881326E1,
-6.415762641042E0));
#10251=CARTESIAN_POINT('',(9.796015222718E0,1.957119152228E1,
-1.011549984362E1));
#10252=CARTESIAN_POINT('',(9.702521051196E0,1.952716814259E1,
-1.453105447708E1));
#10253=CARTESIAN_POINT('',(9.609026879675E0,1.704327869603E1,
-1.818199326011E1));
#10254=CARTESIAN_POINT('',(9.515532708153E0,1.295231383051E1,
-1.984424090999E1));
#10255=CARTESIAN_POINT('',(9.422038536632E0,8.625879390867E0,
-1.896048425814E1));
#10256=CARTESIAN_POINT('',(9.328544365111E0,5.514528720664E0,
-1.582702645768E1));
#10257=CARTESIAN_POINT('',(9.235050193589E0,4.661425695525E0,
-1.149444339340E1));
#10258=CARTESIAN_POINT('',(9.141556022068E0,6.352596017043E0,
-7.415349900497E0));
#10259=CARTESIAN_POINT('',(9.048061850546E0,1.002102941373E1,
-4.957371626985E0));
#10260=CARTESIAN_POINT('',(8.954567679025E0,1.443678506547E1,
-4.944611805239E0));
#10261=CARTESIAN_POINT('',(8.861073507503E0,1.811936228783E1,
-7.381348505403E0));
#10262=CARTESIAN_POINT('',(8.767579335982E0,1.983407818235E1,
-1.145060031425E1));
#10263=CARTESIAN_POINT('',(8.674085164460E0,1.900602811545E1,
-1.578804123352E1));
#10264=CARTESIAN_POINT('',(8.580590992939E0,1.591283839800E1,
-1.893942784707E1));
#10265=CARTESIAN_POINT('',(8.487096821417E0,1.159158288927E1,
-1.984817261152E1));
#10266=CARTESIAN_POINT('',(8.393602649896E0,7.491082547502E0,
-1.820959646234E1));
#10267=CARTESIAN_POINT('',(8.300108478375E0,4.986125349773E0,
-1.457306850644E1));
#10268=CARTESIAN_POINT('',(8.206614306853E0,4.916621052111E0,
-1.015786060637E1));
#10269=CARTESIAN_POINT('',(8.113120135332E0,7.305665415919E0,
-6.444184560445E0));
#10270=CARTESIAN_POINT('',(8.019625963810E0,1.135304126031E1,
-4.677542735216E0));
#10271=CARTESIAN_POINT('',(7.957296516129E0,1.425025917161E1,
-5.191703282271E0));
#10272=CARTESIAN_POINT('',(7.926131792289E0,1.550756441961E1,
-5.829579138073E0));
#10273=CARTESIAN_POINT('',(1.090061194764E1,1.583338577616E1,
-6.005558175253E0));
#10274=CARTESIAN_POINT('',(1.086944722380E1,1.705623191162E1,
-6.707234327801E0));
#10275=CARTESIAN_POINT('',(1.080711777612E1,1.907482592545E1,
-8.848147894720E0));
#10276=CARTESIAN_POINT('',(1.071362360460E1,1.981672679454E1,
-1.320152103114E1));
#10277=CARTESIAN_POINT('',(1.062012943308E1,1.802108549583E1,
-1.723569939515E1));
#10278=CARTESIAN_POINT('',(1.052663526156E1,1.429069189147E1,
-1.959854835450E1));
#10279=CARTESIAN_POINT('',(1.043314109003E1,9.876058890472E0,
-1.949774357763E1));
#10280=CARTESIAN_POINT('',(1.033964691851E1,6.257364828024E0,
-1.696711359047E1));
#10281=CARTESIAN_POINT('',(1.024615274699E1,4.647859594030E0,
-1.285511175189E1));
#10282=CARTESIAN_POINT('',(1.015265857547E1,5.587176926637E0,
-8.540399343765E0));
#10283=CARTESIAN_POINT('',(1.005916440395E1,8.760384422360E0,
-5.469598987093E0));
#10284=CARTESIAN_POINT('',(9.965670232427E0,1.310357932212E1,
-4.672279135703E0));
#10285=CARTESIAN_POINT('',(9.872176060906E0,1.716058881326E1,
-6.415762641042E0));
#10286=CARTESIAN_POINT('',(9.778681889384E0,1.957119152228E1,
-1.011549984362E1));
#10287=CARTESIAN_POINT('',(9.685187717863E0,1.952716814259E1,
-1.453105447708E1));
#10288=CARTESIAN_POINT('',(9.591693546342E0,1.704327869603E1,
-1.818199326011E1));
#10289=CARTESIAN_POINT('',(9.498199374820E0,1.295231383051E1,
-1.984424090999E1));
#10290=CARTESIAN_POINT('',(9.404705203299E0,8.625879390867E0,
-1.896048425814E1));
#10291=CARTESIAN_POINT('',(9.311211031777E0,5.514528720664E0,
-1.582702645768E1));
#10292=CARTESIAN_POINT('',(9.217716860256E0,4.661425695525E0,
-1.149444339340E1));
#10293=CARTESIAN_POINT('',(9.124222688734E0,6.352596017043E0,
-7.415349900497E0));
#10294=CARTESIAN_POINT('',(9.030728517213E0,1.002102941373E1,
-4.957371626985E0));
#10295=CARTESIAN_POINT('',(8.937234345691E0,1.443678506547E1,
-4.944611805239E0));
#10296=CARTESIAN_POINT('',(8.843740174170E0,1.811936228783E1,
-7.381348505403E0));
#10297=CARTESIAN_POINT('',(8.750246002649E0,1.983407818235E1,
-1.145060031425E1));
#10298=CARTESIAN_POINT('',(8.656751831127E0,1.900602811545E1,
-1.578804123352E1));
#10299=CARTESIAN_POINT('',(8.563257659606E0,1.591283839800E1,
-1.893942784707E1));
#10300=CARTESIAN_POINT('',(8.469763488084E0,1.159158288927E1,
-1.984817261152E1));
#10301=CARTESIAN_POINT('',(8.376269316563E0,7.491082547502E0,
-1.820959646234E1));
#10302=CARTESIAN_POINT('',(8.282775145041E0,4.986125349773E0,
-1.457306850644E1));
#10303=CARTESIAN_POINT('',(8.189280973520E0,4.916621052111E0,
-1.015786060637E1));
#10304=CARTESIAN_POINT('',(8.095786801998E0,7.305665415919E0,
-6.444184560445E0));
#10305=CARTESIAN_POINT('',(8.002292630477E0,1.135304126031E1,
-4.677542735216E0));
#10306=CARTESIAN_POINT('',(7.939963182796E0,1.425025917161E1,
-5.191703282271E0));
#10307=CARTESIAN_POINT('',(7.908798458955E0,1.550756441961E1,
-5.829579138073E0));
#10308=CARTESIAN_POINT('',(1.088327861431E1,1.583338577616E1,
-6.005558175253E0));
#10309=CARTESIAN_POINT('',(1.085211389047E1,1.705623191162E1,
-6.707234327801E0));
#10310=CARTESIAN_POINT('',(1.078978444279E1,1.907482592545E1,
-8.848147894720E0));
#10311=CARTESIAN_POINT('',(1.069629027127E1,1.981672679454E1,
-1.320152103114E1));
#10312=CARTESIAN_POINT('',(1.060279609974E1,1.802108549583E1,
-1.723569939515E1));
#10313=CARTESIAN_POINT('',(1.050930192822E1,1.429069189147E1,
-1.959854835450E1));
#10314=CARTESIAN_POINT('',(1.041580775670E1,9.876058890472E0,
-1.949774357763E1));
#10315=CARTESIAN_POINT('',(1.032231358518E1,6.257364828024E0,
-1.696711359047E1));
#10316=CARTESIAN_POINT('',(1.022881941366E1,4.647859594030E0,
-1.285511175189E1));
#10317=CARTESIAN_POINT('',(1.013532524214E1,5.587176926637E0,
-8.540399343765E0));
#10318=CARTESIAN_POINT('',(1.004183107062E1,8.760384422360E0,
-5.469598987093E0));
#10319=CARTESIAN_POINT('',(9.948336899094E0,1.310357932212E1,
-4.672279135703E0));
#10320=CARTESIAN_POINT('',(9.854842727573E0,1.716058881326E1,
-6.415762641042E0));
#10321=CARTESIAN_POINT('',(9.761348556051E0,1.957119152228E1,
-1.011549984362E1));
#10322=CARTESIAN_POINT('',(9.667854384530E0,1.952716814259E1,
-1.453105447708E1));
#10323=CARTESIAN_POINT('',(9.574360213008E0,1.704327869603E1,
-1.818199326011E1));
#10324=CARTESIAN_POINT('',(9.480866041487E0,1.295231383051E1,
-1.984424090999E1));
#10325=CARTESIAN_POINT('',(9.387371869965E0,8.625879390867E0,
-1.896048425814E1));
#10326=CARTESIAN_POINT('',(9.293877698444E0,5.514528720664E0,
-1.582702645768E1));
#10327=CARTESIAN_POINT('',(9.200383526922E0,4.661425695525E0,
-1.149444339340E1));
#10328=CARTESIAN_POINT('',(9.106889355401E0,6.352596017043E0,
-7.415349900497E0));
#10329=CARTESIAN_POINT('',(9.013395183880E0,1.002102941373E1,
-4.957371626985E0));
#10330=CARTESIAN_POINT('',(8.919901012358E0,1.443678506547E1,
-4.944611805239E0));
#10331=CARTESIAN_POINT('',(8.826406840837E0,1.811936228783E1,
-7.381348505403E0));
#10332=CARTESIAN_POINT('',(8.732912669315E0,1.983407818235E1,
-1.145060031425E1));
#10333=CARTESIAN_POINT('',(8.639418497794E0,1.900602811545E1,
-1.578804123352E1));
#10334=CARTESIAN_POINT('',(8.545924326272E0,1.591283839800E1,
-1.893942784707E1));
#10335=CARTESIAN_POINT('',(8.452430154751E0,1.159158288927E1,
-1.984817261152E1));
#10336=CARTESIAN_POINT('',(8.358935983229E0,7.491082547502E0,
-1.820959646234E1));
#10337=CARTESIAN_POINT('',(8.265441811708E0,4.986125349773E0,
-1.457306850644E1));
#10338=CARTESIAN_POINT('',(8.171947640186E0,4.916621052111E0,
-1.015786060637E1));
#10339=CARTESIAN_POINT('',(8.078453468665E0,7.305665415919E0,
-6.444184560445E0));
#10340=CARTESIAN_POINT('',(7.984959297144E0,1.135304126031E1,
-4.677542735216E0));
#10341=CARTESIAN_POINT('',(7.922629849463E0,1.425025917161E1,
-5.191703282271E0));
#10342=CARTESIAN_POINT('',(7.891465125622E0,1.550756441961E1,
-5.829579138073E0));
#10343=B_SPLINE_SURFACE_WITH_KNOTS('',3,3,((#10203,#10204,#10205,#10206,#10207,
#10208,#10209,#10210,#10211,#10212,#10213,#10214,#10215,#10216,#10217,#10218,
#10219,#10220,#10221,#10222,#10223,#10224,#10225,#10226,#10227,#10228,#10229,
#10230,#10231,#10232,#10233,#10234,#10235,#10236,#10237),(#10238,#10239,#10240,
#10241,#10242,#10243,#10244,#10245,#10246,#10247,#10248,#10249,#10250,#10251,
#10252,#10253,#10254,#10255,#10256,#10257,#10258,#10259,#10260,#10261,#10262,
#10263,#10264,#10265,#10266,#10267,#10268,#10269,#10270,#10271,#10272),(#10273,
#10274,#10275,#10276,#10277,#10278,#10279,#10280,#10281,#10282,#10283,#10284,
#10285,#10286,#10287,#10288,#10289,#10290,#10291,#10292,#10293,#10294,#10295,
#10296,#10297,#10298,#10299,#10300,#10301,#10302,#10303,#10304,#10305,#10306,
#10307),(#10308,#10309,#10310,#10311,#10312,#10313,#10314,#10315,#10316,#10317,
#10318,#10319,#10320,#10321,#10322,#10323,#10324,#10325,#10326,#10327,#10328,
#10329,#10330,#10331,#10332,#10333,#10334,#10335,#10336,#10337,#10338,#10339,
#10340,#10341,#10342)),.UNSPECIFIED.,.F.,.F.,.F.,(4,4),(4,1,1,1,1,1,1,1,1,1,1,1,
1,1,1,1,1,1,1,1,1,1,1,1,1,1,1,1,1,1,1,1,4),(-2.000000000004E-2,1.02E0),(
-1.478876650679E-2,9.242979066743E-3,3.327472464028E-2,5.730647021381E-2,
8.133821578734E-2,1.053699613609E-1,1.294017069344E-1,1.534334525079E-1,
1.774651980815E-1,2.014969436550E-1,2.255286892285E-1,2.495604348021E-1,
2.735921803756E-1,2.976239259491E-1,3.216556715227E-1,3.456874170962E-1,
3.697191626697E-1,3.937509082433E-1,4.177826538168E-1,4.418143993903E-1,
4.658461449639E-1,4.898778905374E-1,5.139096361109E-1,5.379413816845E-1,
5.619731272580E-1,5.860048728315E-1,6.100366184051E-1,6.340683639786E-1,
6.581001095521E-1,6.821318551257E-1,7.061636006992E-1,7.301953462727E-1,
7.542270918463E-1),.UNSPECIFIED.);
#10344=ORIENTED_EDGE('',*,*,#5413,.F.);
#10345=ORIENTED_EDGE('',*,*,#5038,.T.);
#10346=ORIENTED_EDGE('',*,*,#5447,.F.);
#10347=ORIENTED_EDGE('',*,*,#8266,.F.);
#10348=EDGE_LOOP('',(#10344,#10345,#10346,#10347));
#10349=FACE_OUTER_BOUND('',#10348,.F.);
#10351=CARTESIAN_POINT('',(1.093527861431E1,1.583338577616E1,
-6.005558175253E0));
#10352=CARTESIAN_POINT('',(1.090411389047E1,1.705623191162E1,
-6.707234327801E0));
#10353=CARTESIAN_POINT('',(1.084178444279E1,1.907482592545E1,
-8.848147894720E0));
#10354=CARTESIAN_POINT('',(1.074829027127E1,1.981672679454E1,
-1.320152103114E1));
#10355=CARTESIAN_POINT('',(1.065479609974E1,1.802108549583E1,
-1.723569939515E1));
#10356=CARTESIAN_POINT('',(1.056130192822E1,1.429069189147E1,
-1.959854835450E1));
#10357=CARTESIAN_POINT('',(1.046780775670E1,9.876058890472E0,
-1.949774357763E1));
#10358=CARTESIAN_POINT('',(1.037431358518E1,6.257364828024E0,
-1.696711359047E1));
#10359=CARTESIAN_POINT('',(1.028081941366E1,4.647859594030E0,
-1.285511175189E1));
#10360=CARTESIAN_POINT('',(1.018732524214E1,5.587176926637E0,
-8.540399343765E0));
#10361=CARTESIAN_POINT('',(1.009383107062E1,8.760384422360E0,
-5.469598987093E0));
#10362=CARTESIAN_POINT('',(1.000033689909E1,1.310357932212E1,
-4.672279135703E0));
#10363=CARTESIAN_POINT('',(9.906842727573E0,1.716058881326E1,
-6.415762641042E0));
#10364=CARTESIAN_POINT('',(9.813348556051E0,1.957119152228E1,
-1.011549984362E1));
#10365=CARTESIAN_POINT('',(9.719854384530E0,1.952716814259E1,
-1.453105447708E1));
#10366=CARTESIAN_POINT('',(9.626360213008E0,1.704327869603E1,
-1.818199326011E1));
#10367=CARTESIAN_POINT('',(9.532866041487E0,1.295231383051E1,
-1.984424090999E1));
#10368=CARTESIAN_POINT('',(9.439371869965E0,8.625879390867E0,
-1.896048425814E1));
#10369=CARTESIAN_POINT('',(9.345877698444E0,5.514528720664E0,
-1.582702645768E1));
#10370=CARTESIAN_POINT('',(9.252383526922E0,4.661425695525E0,
-1.149444339340E1));
#10371=CARTESIAN_POINT('',(9.158889355401E0,6.352596017043E0,
-7.415349900497E0));
#10372=CARTESIAN_POINT('',(9.065395183880E0,1.002102941373E1,
-4.957371626985E0));
#10373=CARTESIAN_POINT('',(8.971901012358E0,1.443678506547E1,
-4.944611805239E0));
#10374=CARTESIAN_POINT('',(8.878406840837E0,1.811936228783E1,
-7.381348505403E0));
#10375=CARTESIAN_POINT('',(8.784912669315E0,1.983407818235E1,
-1.145060031425E1));
#10376=CARTESIAN_POINT('',(8.691418497794E0,1.900602811545E1,
-1.578804123352E1));
#10377=CARTESIAN_POINT('',(8.597924326272E0,1.591283839800E1,
-1.893942784707E1));
#10378=CARTESIAN_POINT('',(8.504430154751E0,1.159158288927E1,
-1.984817261152E1));
#10379=CARTESIAN_POINT('',(8.410935983229E0,7.491082547502E0,
-1.820959646234E1));
#10380=CARTESIAN_POINT('',(8.317441811708E0,4.986125349773E0,
-1.457306850644E1));
#10381=CARTESIAN_POINT('',(8.223947640186E0,4.916621052111E0,
-1.015786060637E1));
#10382=CARTESIAN_POINT('',(8.130453468665E0,7.305665415919E0,
-6.444184560445E0));
#10383=CARTESIAN_POINT('',(8.036959297144E0,1.135304126031E1,
-4.677542735216E0));
#10384=CARTESIAN_POINT('',(7.974629849463E0,1.425025917161E1,
-5.191703282271E0));
#10385=CARTESIAN_POINT('',(7.943465125622E0,1.550756441961E1,
-5.829579138073E0));
#10386=CARTESIAN_POINT('',(1.091794528098E1,1.583338577616E1,
-6.005558175253E0));
#10387=CARTESIAN_POINT('',(1.088678055713E1,1.705623191162E1,
-6.707234327801E0));
#10388=CARTESIAN_POINT('',(1.082445110945E1,1.907482592545E1,
-8.848147894720E0));
#10389=CARTESIAN_POINT('',(1.073095693793E1,1.981672679454E1,
-1.320152103114E1));
#10390=CARTESIAN_POINT('',(1.063746276641E1,1.802108549583E1,
-1.723569939515E1));
#10391=CARTESIAN_POINT('',(1.054396859489E1,1.429069189147E1,
-1.959854835450E1));
#10392=CARTESIAN_POINT('',(1.045047442337E1,9.876058890472E0,
-1.949774357763E1));
#10393=CARTESIAN_POINT('',(1.035698025185E1,6.257364828024E0,
-1.696711359047E1));
#10394=CARTESIAN_POINT('',(1.026348608033E1,4.647859594030E0,
-1.285511175189E1));
#10395=CARTESIAN_POINT('',(1.016999190880E1,5.587176926637E0,
-8.540399343765E0));
#10396=CARTESIAN_POINT('',(1.007649773728E1,8.760384422360E0,
-5.469598987093E0));
#10397=CARTESIAN_POINT('',(9.983003565761E0,1.310357932212E1,
-4.672279135703E0));
#10398=CARTESIAN_POINT('',(9.889509394239E0,1.716058881326E1,
-6.415762641042E0));
#10399=CARTESIAN_POINT('',(9.796015222718E0,1.957119152228E1,
-1.011549984362E1));
#10400=CARTESIAN_POINT('',(9.702521051196E0,1.952716814259E1,
-1.453105447708E1));
#10401=CARTESIAN_POINT('',(9.609026879675E0,1.704327869603E1,
-1.818199326011E1));
#10402=CARTESIAN_POINT('',(9.515532708153E0,1.295231383051E1,
-1.984424090999E1));
#10403=CARTESIAN_POINT('',(9.422038536632E0,8.625879390867E0,
-1.896048425814E1));
#10404=CARTESIAN_POINT('',(9.328544365111E0,5.514528720664E0,
-1.582702645768E1));
#10405=CARTESIAN_POINT('',(9.235050193589E0,4.661425695525E0,
-1.149444339340E1));
#10406=CARTESIAN_POINT('',(9.141556022068E0,6.352596017043E0,
-7.415349900497E0));
#10407=CARTESIAN_POINT('',(9.048061850546E0,1.002102941373E1,
-4.957371626985E0));
#10408=CARTESIAN_POINT('',(8.954567679025E0,1.443678506547E1,
-4.944611805239E0));
#10409=CARTESIAN_POINT('',(8.861073507503E0,1.811936228783E1,
-7.381348505403E0));
#10410=CARTESIAN_POINT('',(8.767579335982E0,1.983407818235E1,
-1.145060031425E1));
#10411=CARTESIAN_POINT('',(8.674085164460E0,1.900602811545E1,
-1.578804123352E1));
#10412=CARTESIAN_POINT('',(8.580590992939E0,1.591283839800E1,
-1.893942784707E1));
#10413=CARTESIAN_POINT('',(8.487096821417E0,1.159158288927E1,
-1.984817261152E1));
#10414=CARTESIAN_POINT('',(8.393602649896E0,7.491082547502E0,
-1.820959646234E1));
#10415=CARTESIAN_POINT('',(8.300108478375E0,4.986125349773E0,
-1.457306850644E1));
#10416=CARTESIAN_POINT('',(8.206614306853E0,4.916621052111E0,
-1.015786060637E1));
#10417=CARTESIAN_POINT('',(8.113120135332E0,7.305665415919E0,
-6.444184560445E0));
#10418=CARTESIAN_POINT('',(8.019625963810E0,1.135304126031E1,
-4.677542735216E0));
#10419=CARTESIAN_POINT('',(7.957296516129E0,1.425025917161E1,
-5.191703282271E0));
#10420=CARTESIAN_POINT('',(7.926131792289E0,1.550756441961E1,
-5.829579138073E0));
#10421=CARTESIAN_POINT('',(1.090061194764E1,1.583338577616E1,
-6.005558175253E0));
#10422=CARTESIAN_POINT('',(1.086944722380E1,1.705623191162E1,
-6.707234327801E0));
#10423=CARTESIAN_POINT('',(1.080711777612E1,1.907482592545E1,
-8.848147894720E0));
#10424=CARTESIAN_POINT('',(1.071362360460E1,1.981672679454E1,
-1.320152103114E1));
#10425=CARTESIAN_POINT('',(1.062012943308E1,1.802108549583E1,
-1.723569939515E1));
#10426=CARTESIAN_POINT('',(1.052663526156E1,1.429069189147E1,
-1.959854835450E1));
#10427=CARTESIAN_POINT('',(1.043314109003E1,9.876058890472E0,
-1.949774357763E1));
#10428=CARTESIAN_POINT('',(1.033964691851E1,6.257364828024E0,
-1.696711359047E1));
#10429=CARTESIAN_POINT('',(1.024615274699E1,4.647859594030E0,
-1.285511175189E1));
#10430=CARTESIAN_POINT('',(1.015265857547E1,5.587176926637E0,
-8.540399343765E0));
#10431=CARTESIAN_POINT('',(1.005916440395E1,8.760384422360E0,
-5.469598987093E0));
#10432=CARTESIAN_POINT('',(9.965670232427E0,1.310357932212E1,
-4.672279135703E0));
#10433=CARTESIAN_POINT('',(9.872176060906E0,1.716058881326E1,
-6.415762641042E0));
#10434=CARTESIAN_POINT('',(9.778681889384E0,1.957119152228E1,
-1.011549984362E1));
#10435=CARTESIAN_POINT('',(9.685187717863E0,1.952716814259E1,
-1.453105447708E1));
#10436=CARTESIAN_POINT('',(9.591693546342E0,1.704327869603E1,
-1.818199326011E1));
#10437=CARTESIAN_POINT('',(9.498199374820E0,1.295231383051E1,
-1.984424090999E1));
#10438=CARTESIAN_POINT('',(9.404705203299E0,8.625879390867E0,
-1.896048425814E1));
#10439=CARTESIAN_POINT('',(9.311211031777E0,5.514528720664E0,
-1.582702645768E1));
#10440=CARTESIAN_POINT('',(9.217716860256E0,4.661425695525E0,
-1.149444339340E1));
#10441=CARTESIAN_POINT('',(9.124222688734E0,6.352596017043E0,
-7.415349900497E0));
#10442=CARTESIAN_POINT('',(9.030728517213E0,1.002102941373E1,
-4.957371626985E0));
#10443=CARTESIAN_POINT('',(8.937234345691E0,1.443678506547E1,
-4.944611805239E0));
#10444=CARTESIAN_POINT('',(8.843740174170E0,1.811936228783E1,
-7.381348505403E0));
#10445=CARTESIAN_POINT('',(8.750246002649E0,1.983407818235E1,
-1.145060031425E1));
#10446=CARTESIAN_POINT('',(8.656751831127E0,1.900602811545E1,
-1.578804123352E1));
#10447=CARTESIAN_POINT('',(8.563257659606E0,1.591283839800E1,
-1.893942784707E1));
#10448=CARTESIAN_POINT('',(8.469763488084E0,1.159158288927E1,
-1.984817261152E1));
#10449=CARTESIAN_POINT('',(8.376269316563E0,7.491082547502E0,
-1.820959646234E1));
#10450=CARTESIAN_POINT('',(8.282775145041E0,4.986125349773E0,
-1.457306850644E1));
#10451=CARTESIAN_POINT('',(8.189280973520E0,4.916621052111E0,
-1.015786060637E1));
#10452=CARTESIAN_POINT('',(8.095786801998E0,7.305665415919E0,
-6.444184560445E0));
#10453=CARTESIAN_POINT('',(8.002292630477E0,1.135304126031E1,
-4.677542735216E0));
#10454=CARTESIAN_POINT('',(7.939963182796E0,1.425025917161E1,
-5.191703282271E0));
#10455=CARTESIAN_POINT('',(7.908798458955E0,1.550756441961E1,
-5.829579138073E0));
#10456=CARTESIAN_POINT('',(1.088327861431E1,1.583338577616E1,
-6.005558175253E0));
#10457=CARTESIAN_POINT('',(1.085211389047E1,1.705623191162E1,
-6.707234327801E0));
#10458=CARTESIAN_POINT('',(1.078978444279E1,1.907482592545E1,
-8.848147894720E0));
#10459=CARTESIAN_POINT('',(1.069629027127E1,1.981672679454E1,
-1.320152103114E1));
#10460=CARTESIAN_POINT('',(1.060279609974E1,1.802108549583E1,
-1.723569939515E1));
#10461=CARTESIAN_POINT('',(1.050930192822E1,1.429069189147E1,
-1.959854835450E1));
#10462=CARTESIAN_POINT('',(1.041580775670E1,9.876058890472E0,
-1.949774357763E1));
#10463=CARTESIAN_POINT('',(1.032231358518E1,6.257364828024E0,
-1.696711359047E1));
#10464=CARTESIAN_POINT('',(1.022881941366E1,4.647859594030E0,
-1.285511175189E1));
#10465=CARTESIAN_POINT('',(1.013532524214E1,5.587176926637E0,
-8.540399343765E0));
#10466=CARTESIAN_POINT('',(1.004183107062E1,8.760384422360E0,
-5.469598987093E0));
#10467=CARTESIAN_POINT('',(9.948336899094E0,1.310357932212E1,
-4.672279135703E0));
#10468=CARTESIAN_POINT('',(9.854842727573E0,1.716058881326E1,
-6.415762641042E0));
#10469=CARTESIAN_POINT('',(9.761348556051E0,1.957119152228E1,
-1.011549984362E1));
#10470=CARTESIAN_POINT('',(9.667854384530E0,1.952716814259E1,
-1.453105447708E1));
#10471=CARTESIAN_POINT('',(9.574360213008E0,1.704327869603E1,
-1.818199326011E1));
#10472=CARTESIAN_POINT('',(9.480866041487E0,1.295231383051E1,
-1.984424090999E1));
#10473=CARTESIAN_POINT('',(9.387371869965E0,8.625879390867E0,
-1.896048425814E1));
#10474=CARTESIAN_POINT('',(9.293877698444E0,5.514528720664E0,
-1.582702645768E1));
#10475=CARTESIAN_POINT('',(9.200383526922E0,4.661425695525E0,
-1.149444339340E1));
#10476=CARTESIAN_POINT('',(9.106889355401E0,6.352596017043E0,
-7.415349900497E0));
#10477=CARTESIAN_POINT('',(9.013395183880E0,1.002102941373E1,
-4.957371626985E0));
#10478=CARTESIAN_POINT('',(8.919901012358E0,1.443678506547E1,
-4.944611805239E0));
#10479=CARTESIAN_POINT('',(8.826406840837E0,1.811936228783E1,
-7.381348505403E0));
#10480=CARTESIAN_POINT('',(8.732912669315E0,1.983407818235E1,
-1.145060031425E1));
#10481=CARTESIAN_POINT('',(8.639418497794E0,1.900602811545E1,
-1.578804123352E1));
#10482=CARTESIAN_POINT('',(8.545924326272E0,1.591283839800E1,
-1.893942784707E1));
#10483=CARTESIAN_POINT('',(8.452430154751E0,1.159158288927E1,
-1.984817261152E1));
#10484=CARTESIAN_POINT('',(8.358935983229E0,7.491082547502E0,
-1.820959646234E1));
#10485=CARTESIAN_POINT('',(8.265441811708E0,4.986125349773E0,
-1.457306850644E1));
#10486=CARTESIAN_POINT('',(8.171947640186E0,4.916621052111E0,
-1.015786060637E1));
#10487=CARTESIAN_POINT('',(8.078453468665E0,7.305665415919E0,
-6.444184560445E0));
#10488=CARTESIAN_POINT('',(7.984959297144E0,1.135304126031E1,
-4.677542735216E0));
#10489=CARTESIAN_POINT('',(7.922629849463E0,1.425025917161E1,
-5.191703282271E0));
#10490=CARTESIAN_POINT('',(7.891465125622E0,1.550756441961E1,
-5.829579138073E0));
#10491=B_SPLINE_SURFACE_WITH_KNOTS('',3,3,((#10351,#10352,#10353,#10354,#10355,
#10356,#10357,#10358,#10359,#10360,#10361,#10362,#10363,#10364,#10365,#10366,
#10367,#10368,#10369,#10370,#10371,#10372,#10373,#10374,#10375,#10376,#10377,
#10378,#10379,#10380,#10381,#10382,#10383,#10384,#10385),(#10386,#10387,#10388,
#10389,#10390,#10391,#10392,#10393,#10394,#10395,#10396,#10397,#10398,#10399,
#10400,#10401,#10402,#10403,#10404,#10405,#10406,#10407,#10408,#10409,#10410,
#10411,#10412,#10413,#10414,#10415,#10416,#10417,#10418,#10419,#10420),(#10421,
#10422,#10423,#10424,#10425,#10426,#10427,#10428,#10429,#10430,#10431,#10432,
#10433,#10434,#10435,#10436,#10437,#10438,#10439,#10440,#10441,#10442,#10443,
#10444,#10445,#10446,#10447,#10448,#10449,#10450,#10451,#10452,#10453,#10454,
#10455),(#10456,#10457,#10458,#10459,#10460,#10461,#10462,#10463,#10464,#10465,
#10466,#10467,#10468,#10469,#10470,#10471,#10472,#10473,#10474,#10475,#10476,
#10477,#10478,#10479,#10480,#10481,#10482,#10483,#10484,#10485,#10486,#10487,
#10488,#10489,#10490)),.UNSPECIFIED.,.F.,.F.,.F.,(4,4),(4,1,1,1,1,1,1,1,1,1,1,1,
1,1,1,1,1,1,1,1,1,1,1,1,1,1,1,1,1,1,1,1,4),(-2.000000000004E-2,1.02E0),(
-1.478876650679E-2,9.242979066743E-3,3.327472464028E-2,5.730647021381E-2,
8.133821578734E-2,1.053699613609E-1,1.294017069344E-1,1.534334525079E-1,
1.774651980815E-1,2.014969436550E-1,2.255286892285E-1,2.495604348021E-1,
2.735921803756E-1,2.976239259491E-1,3.216556715227E-1,3.456874170962E-1,
3.697191626697E-1,3.937509082433E-1,4.177826538168E-1,4.418143993903E-1,
4.658461449639E-1,4.898778905374E-1,5.139096361109E-1,5.379413816845E-1,
5.619731272580E-1,5.860048728315E-1,6.100366184051E-1,6.340683639786E-1,
6.581001095521E-1,6.821318551257E-1,7.061636006992E-1,7.301953462727E-1,
7.542270918463E-1),.UNSPECIFIED.);
#10492=ORIENTED_EDGE('',*,*,#5407,.F.);
#10493=ORIENTED_EDGE('',*,*,#5189,.T.);
#10494=ORIENTED_EDGE('',*,*,#5453,.F.);
#10495=ORIENTED_EDGE('',*,*,#8416,.F.);
#10496=EDGE_LOOP('',(#10492,#10493,#10494,#10495));
#10497=FACE_OUTER_BOUND('',#10496,.F.);
#10499=CARTESIAN_POINT('',(1.093527861431E1,1.583338577616E1,
-6.005558175253E0));
#10500=CARTESIAN_POINT('',(1.090411389047E1,1.705623191162E1,
-6.707234327801E0));
#10501=CARTESIAN_POINT('',(1.084178444279E1,1.907482592545E1,
-8.848147894720E0));
#10502=CARTESIAN_POINT('',(1.074829027127E1,1.981672679454E1,
-1.320152103114E1));
#10503=CARTESIAN_POINT('',(1.065479609974E1,1.802108549583E1,
-1.723569939515E1));
#10504=CARTESIAN_POINT('',(1.056130192822E1,1.429069189147E1,
-1.959854835450E1));
#10505=CARTESIAN_POINT('',(1.046780775670E1,9.876058890472E0,
-1.949774357763E1));
#10506=CARTESIAN_POINT('',(1.037431358518E1,6.257364828024E0,
-1.696711359047E1));
#10507=CARTESIAN_POINT('',(1.028081941366E1,4.647859594030E0,
-1.285511175189E1));
#10508=CARTESIAN_POINT('',(1.018732524214E1,5.587176926637E0,
-8.540399343765E0));
#10509=CARTESIAN_POINT('',(1.009383107062E1,8.760384422360E0,
-5.469598987093E0));
#10510=CARTESIAN_POINT('',(1.000033689909E1,1.310357932212E1,
-4.672279135703E0));
#10511=CARTESIAN_POINT('',(9.906842727573E0,1.716058881326E1,
-6.415762641042E0));
#10512=CARTESIAN_POINT('',(9.813348556051E0,1.957119152228E1,
-1.011549984362E1));
#10513=CARTESIAN_POINT('',(9.719854384530E0,1.952716814259E1,
-1.453105447708E1));
#10514=CARTESIAN_POINT('',(9.626360213008E0,1.704327869603E1,
-1.818199326011E1));
#10515=CARTESIAN_POINT('',(9.532866041487E0,1.295231383051E1,
-1.984424090999E1));
#10516=CARTESIAN_POINT('',(9.439371869965E0,8.625879390867E0,
-1.896048425814E1));
#10517=CARTESIAN_POINT('',(9.345877698444E0,5.514528720664E0,
-1.582702645768E1));
#10518=CARTESIAN_POINT('',(9.252383526922E0,4.661425695525E0,
-1.149444339340E1));
#10519=CARTESIAN_POINT('',(9.158889355401E0,6.352596017043E0,
-7.415349900497E0));
#10520=CARTESIAN_POINT('',(9.065395183880E0,1.002102941373E1,
-4.957371626985E0));
#10521=CARTESIAN_POINT('',(8.971901012358E0,1.443678506547E1,
-4.944611805239E0));
#10522=CARTESIAN_POINT('',(8.878406840837E0,1.811936228783E1,
-7.381348505403E0));
#10523=CARTESIAN_POINT('',(8.784912669315E0,1.983407818235E1,
-1.145060031425E1));
#10524=CARTESIAN_POINT('',(8.691418497794E0,1.900602811545E1,
-1.578804123352E1));
#10525=CARTESIAN_POINT('',(8.597924326272E0,1.591283839800E1,
-1.893942784707E1));
#10526=CARTESIAN_POINT('',(8.504430154751E0,1.159158288927E1,
-1.984817261152E1));
#10527=CARTESIAN_POINT('',(8.410935983229E0,7.491082547502E0,
-1.820959646234E1));
#10528=CARTESIAN_POINT('',(8.317441811708E0,4.986125349773E0,
-1.457306850644E1));
#10529=CARTESIAN_POINT('',(8.223947640186E0,4.916621052111E0,
-1.015786060637E1));
#10530=CARTESIAN_POINT('',(8.130453468665E0,7.305665415919E0,
-6.444184560445E0));
#10531=CARTESIAN_POINT('',(8.036959297144E0,1.135304126031E1,
-4.677542735216E0));
#10532=CARTESIAN_POINT('',(7.974629849463E0,1.425025917161E1,
-5.191703282271E0));
#10533=CARTESIAN_POINT('',(7.943465125622E0,1.550756441961E1,
-5.829579138073E0));
#10534=CARTESIAN_POINT('',(1.091794528098E1,1.583338577616E1,
-6.005558175253E0));
#10535=CARTESIAN_POINT('',(1.088678055713E1,1.705623191162E1,
-6.707234327801E0));
#10536=CARTESIAN_POINT('',(1.082445110945E1,1.907482592545E1,
-8.848147894720E0));
#10537=CARTESIAN_POINT('',(1.073095693793E1,1.981672679454E1,
-1.320152103114E1));
#10538=CARTESIAN_POINT('',(1.063746276641E1,1.802108549583E1,
-1.723569939515E1));
#10539=CARTESIAN_POINT('',(1.054396859489E1,1.429069189147E1,
-1.959854835450E1));
#10540=CARTESIAN_POINT('',(1.045047442337E1,9.876058890472E0,
-1.949774357763E1));
#10541=CARTESIAN_POINT('',(1.035698025185E1,6.257364828024E0,
-1.696711359047E1));
#10542=CARTESIAN_POINT('',(1.026348608033E1,4.647859594030E0,
-1.285511175189E1));
#10543=CARTESIAN_POINT('',(1.016999190880E1,5.587176926637E0,
-8.540399343765E0));
#10544=CARTESIAN_POINT('',(1.007649773728E1,8.760384422360E0,
-5.469598987093E0));
#10545=CARTESIAN_POINT('',(9.983003565761E0,1.310357932212E1,
-4.672279135703E0));
#10546=CARTESIAN_POINT('',(9.889509394239E0,1.716058881326E1,
-6.415762641042E0));
#10547=CARTESIAN_POINT('',(9.796015222718E0,1.957119152228E1,
-1.011549984362E1));
#10548=CARTESIAN_POINT('',(9.702521051196E0,1.952716814259E1,
-1.453105447708E1));
#10549=CARTESIAN_POINT('',(9.609026879675E0,1.704327869603E1,
-1.818199326011E1));
#10550=CARTESIAN_POINT('',(9.515532708153E0,1.295231383051E1,
-1.984424090999E1));
#10551=CARTESIAN_POINT('',(9.422038536632E0,8.625879390867E0,
-1.896048425814E1));
#10552=CARTESIAN_POINT('',(9.328544365111E0,5.514528720664E0,
-1.582702645768E1));
#10553=CARTESIAN_POINT('',(9.235050193589E0,4.661425695525E0,
-1.149444339340E1));
#10554=CARTESIAN_POINT('',(9.141556022068E0,6.352596017043E0,
-7.415349900497E0));
#10555=CARTESIAN_POINT('',(9.048061850546E0,1.002102941373E1,
-4.957371626985E0));
#10556=CARTESIAN_POINT('',(8.954567679025E0,1.443678506547E1,
-4.944611805239E0));
#10557=CARTESIAN_POINT('',(8.861073507503E0,1.811936228783E1,
-7.381348505403E0));
#10558=CARTESIAN_POINT('',(8.767579335982E0,1.983407818235E1,
-1.145060031425E1));
#10559=CARTESIAN_POINT('',(8.674085164460E0,1.900602811545E1,
-1.578804123352E1));
#10560=CARTESIAN_POINT('',(8.580590992939E0,1.591283839800E1,
-1.893942784707E1));
#10561=CARTESIAN_POINT('',(8.487096821417E0,1.159158288927E1,
-1.984817261152E1));
#10562=CARTESIAN_POINT('',(8.393602649896E0,7.491082547502E0,
-1.820959646234E1));
#10563=CARTESIAN_POINT('',(8.300108478375E0,4.986125349773E0,
-1.457306850644E1));
#10564=CARTESIAN_POINT('',(8.206614306853E0,4.916621052111E0,
-1.015786060637E1));
#10565=CARTESIAN_POINT('',(8.113120135332E0,7.305665415919E0,
-6.444184560445E0));
#10566=CARTESIAN_POINT('',(8.019625963810E0,1.135304126031E1,
-4.677542735216E0));
#10567=CARTESIAN_POINT('',(7.957296516129E0,1.425025917161E1,
-5.191703282271E0));
#10568=CARTESIAN_POINT('',(7.926131792289E0,1.550756441961E1,
-5.829579138073E0));
#10569=CARTESIAN_POINT('',(1.090061194764E1,1.583338577616E1,
-6.005558175253E0));
#10570=CARTESIAN_POINT('',(1.086944722380E1,1.705623191162E1,
-6.707234327801E0));
#10571=CARTESIAN_POINT('',(1.080711777612E1,1.907482592545E1,
-8.848147894720E0));
#10572=CARTESIAN_POINT('',(1.071362360460E1,1.981672679454E1,
-1.320152103114E1));
#10573=CARTESIAN_POINT('',(1.062012943308E1,1.802108549583E1,
-1.723569939515E1));
#10574=CARTESIAN_POINT('',(1.052663526156E1,1.429069189147E1,
-1.959854835450E1));
#10575=CARTESIAN_POINT('',(1.043314109003E1,9.876058890472E0,
-1.949774357763E1));
#10576=CARTESIAN_POINT('',(1.033964691851E1,6.257364828024E0,
-1.696711359047E1));
#10577=CARTESIAN_POINT('',(1.024615274699E1,4.647859594030E0,
-1.285511175189E1));
#10578=CARTESIAN_POINT('',(1.015265857547E1,5.587176926637E0,
-8.540399343765E0));
#10579=CARTESIAN_POINT('',(1.005916440395E1,8.760384422360E0,
-5.469598987093E0));
#10580=CARTESIAN_POINT('',(9.965670232427E0,1.310357932212E1,
-4.672279135703E0));
#10581=CARTESIAN_POINT('',(9.872176060906E0,1.716058881326E1,
-6.415762641042E0));
#10582=CARTESIAN_POINT('',(9.778681889384E0,1.957119152228E1,
-1.011549984362E1));
#10583=CARTESIAN_POINT('',(9.685187717863E0,1.952716814259E1,
-1.453105447708E1));
#10584=CARTESIAN_POINT('',(9.591693546342E0,1.704327869603E1,
-1.818199326011E1));
#10585=CARTESIAN_POINT('',(9.498199374820E0,1.295231383051E1,
-1.984424090999E1));
#10586=CARTESIAN_POINT('',(9.404705203299E0,8.625879390867E0,
-1.896048425814E1));
#10587=CARTESIAN_POINT('',(9.311211031777E0,5.514528720664E0,
-1.582702645768E1));
#10588=CARTESIAN_POINT('',(9.217716860256E0,4.661425695525E0,
-1.149444339340E1));
#10589=CARTESIAN_POINT('',(9.124222688734E0,6.352596017043E0,
-7.415349900497E0));
#10590=CARTESIAN_POINT('',(9.030728517213E0,1.002102941373E1,
-4.957371626985E0));
#10591=CARTESIAN_POINT('',(8.937234345691E0,1.443678506547E1,
-4.944611805239E0));
#10592=CARTESIAN_POINT('',(8.843740174170E0,1.811936228783E1,
-7.381348505403E0));
#10593=CARTESIAN_POINT('',(8.750246002649E0,1.983407818235E1,
-1.145060031425E1));
#10594=CARTESIAN_POINT('',(8.656751831127E0,1.900602811545E1,
-1.578804123352E1));
#10595=CARTESIAN_POINT('',(8.563257659606E0,1.591283839800E1,
-1.893942784707E1));
#10596=CARTESIAN_POINT('',(8.469763488084E0,1.159158288927E1,
-1.984817261152E1));
#10597=CARTESIAN_POINT('',(8.376269316563E0,7.491082547502E0,
-1.820959646234E1));
#10598=CARTESIAN_POINT('',(8.282775145041E0,4.986125349773E0,
-1.457306850644E1));
#10599=CARTESIAN_POINT('',(8.189280973520E0,4.916621052111E0,
-1.015786060637E1));
#10600=CARTESIAN_POINT('',(8.095786801998E0,7.305665415919E0,
-6.444184560445E0));
#10601=CARTESIAN_POINT('',(8.002292630477E0,1.135304126031E1,
-4.677542735216E0));
#10602=CARTESIAN_POINT('',(7.939963182796E0,1.425025917161E1,
-5.191703282271E0));
#10603=CARTESIAN_POINT('',(7.908798458955E0,1.550756441961E1,
-5.829579138073E0));
#10604=CARTESIAN_POINT('',(1.088327861431E1,1.583338577616E1,
-6.005558175253E0));
#10605=CARTESIAN_POINT('',(1.085211389047E1,1.705623191162E1,
-6.707234327801E0));
#10606=CARTESIAN_POINT('',(1.078978444279E1,1.907482592545E1,
-8.848147894720E0));
#10607=CARTESIAN_POINT('',(1.069629027127E1,1.981672679454E1,
-1.320152103114E1));
#10608=CARTESIAN_POINT('',(1.060279609974E1,1.802108549583E1,
-1.723569939515E1));
#10609=CARTESIAN_POINT('',(1.050930192822E1,1.429069189147E1,
-1.959854835450E1));
#10610=CARTESIAN_POINT('',(1.041580775670E1,9.876058890472E0,
-1.949774357763E1));
#10611=CARTESIAN_POINT('',(1.032231358518E1,6.257364828024E0,
-1.696711359047E1));
#10612=CARTESIAN_POINT('',(1.022881941366E1,4.647859594030E0,
-1.285511175189E1));
#10613=CARTESIAN_POINT('',(1.013532524214E1,5.587176926637E0,
-8.540399343765E0));
#10614=CARTESIAN_POINT('',(1.004183107062E1,8.760384422360E0,
-5.469598987093E0));
#10615=CARTESIAN_POINT('',(9.948336899094E0,1.310357932212E1,
-4.672279135703E0));
#10616=CARTESIAN_POINT('',(9.854842727573E0,1.716058881326E1,
-6.415762641042E0));
#10617=CARTESIAN_POINT('',(9.761348556051E0,1.957119152228E1,
-1.011549984362E1));
#10618=CARTESIAN_POINT('',(9.667854384530E0,1.952716814259E1,
-1.453105447708E1));
#10619=CARTESIAN_POINT('',(9.574360213008E0,1.704327869603E1,
-1.818199326011E1));
#10620=CARTESIAN_POINT('',(9.480866041487E0,1.295231383051E1,
-1.984424090999E1));
#10621=CARTESIAN_POINT('',(9.387371869965E0,8.625879390867E0,
-1.896048425814E1));
#10622=CARTESIAN_POINT('',(9.293877698444E0,5.514528720664E0,
-1.582702645768E1));
#10623=CARTESIAN_POINT('',(9.200383526922E0,4.661425695525E0,
-1.149444339340E1));
#10624=CARTESIAN_POINT('',(9.106889355401E0,6.352596017043E0,
-7.415349900497E0));
#10625=CARTESIAN_POINT('',(9.013395183880E0,1.002102941373E1,
-4.957371626985E0));
#10626=CARTESIAN_POINT('',(8.919901012358E0,1.443678506547E1,
-4.944611805239E0));
#10627=CARTESIAN_POINT('',(8.826406840837E0,1.811936228783E1,
-7.381348505403E0));
#10628=CARTESIAN_POINT('',(8.732912669315E0,1.983407818235E1,
-1.145060031425E1));
#10629=CARTESIAN_POINT('',(8.639418497794E0,1.900602811545E1,
-1.578804123352E1));
#10630=CARTESIAN_POINT('',(8.545924326272E0,1.591283839800E1,
-1.893942784707E1));
#10631=CARTESIAN_POINT('',(8.452430154751E0,1.159158288927E1,
-1.984817261152E1));
#10632=CARTESIAN_POINT('',(8.358935983229E0,7.491082547502E0,
-1.820959646234E1));
#10633=CARTESIAN_POINT('',(8.265441811708E0,4.986125349773E0,
-1.457306850644E1));
#10634=CARTESIAN_POINT('',(8.171947640186E0,4.916621052111E0,
-1.015786060637E1));
#10635=CARTESIAN_POINT('',(8.078453468665E0,7.305665415919E0,
-6.444184560445E0));
#10636=CARTESIAN_POINT('',(7.984959297144E0,1.135304126031E1,
-4.677542735216E0));
#10637=CARTESIAN_POINT('',(7.922629849463E0,1.425025917161E1,
-5.191703282271E0));
#10638=CARTESIAN_POINT('',(7.891465125622E0,1.550756441961E1,
-5.829579138073E0));
#10639=B_SPLINE_SURFACE_WITH_KNOTS('',3,3,((#10499,#10500,#10501,#10502,#10503,
#10504,#10505,#10506,#10507,#10508,#10509,#10510,#10511,#10512,#10513,#10514,
#10515,#10516,#10517,#10518,#10519,#10520,#10521,#10522,#10523,#10524,#10525,
#10526,#10527,#10528,#10529,#10530,#10531,#10532,#10533),(#10534,#10535,#10536,
#10537,#10538,#10539,#10540,#10541,#10542,#10543,#10544,#10545,#10546,#10547,
#10548,#10549,#10550,#10551,#10552,#10553,#10554,#10555,#10556,#10557,#10558,
#10559,#10560,#10561,#10562,#10563,#10564,#10565,#10566,#10567,#10568),(#10569,
#10570,#10571,#10572,#10573,#10574,#10575,#10576,#10577,#10578,#10579,#10580,
#10581,#10582,#10583,#10584,#10585,#10586,#10587,#10588,#10589,#10590,#10591,
#10592,#10593,#10594,#10595,#10596,#10597,#10598,#10599,#10600,#10601,#10602,
#10603),(#10604,#10605,#10606,#10607,#10608,#10609,#10610,#10611,#10612,#10613,
#10614,#10615,#10616,#10617,#10618,#10619,#10620,#10621,#10622,#10623,#10624,
#10625,#10626,#10627,#10628,#10629,#10630,#10631,#10632,#10633,#10634,#10635,
#10636,#10637,#10638)),.UNSPECIFIED.,.F.,.F.,.F.,(4,4),(4,1,1,1,1,1,1,1,1,1,1,1,
1,1,1,1,1,1,1,1,1,1,1,1,1,1,1,1,1,1,1,1,4),(-2.000000000004E-2,1.02E0),(
-1.478876650679E-2,9.242979066743E-3,3.327472464028E-2,5.730647021381E-2,
8.133821578734E-2,1.053699613609E-1,1.294017069344E-1,1.534334525079E-1,
1.774651980815E-1,2.014969436550E-1,2.255286892285E-1,2.495604348021E-1,
2.735921803756E-1,2.976239259491E-1,3.216556715227E-1,3.456874170962E-1,
3.697191626697E-1,3.937509082433E-1,4.177826538168E-1,4.418143993903E-1,
4.658461449639E-1,4.898778905374E-1,5.139096361109E-1,5.379413816845E-1,
5.619731272580E-1,5.860048728315E-1,6.100366184051E-1,6.340683639786E-1,
6.581001095521E-1,6.821318551257E-1,7.061636006992E-1,7.301953462727E-1,
7.542270918463E-1),.UNSPECIFIED.);
#10640=ORIENTED_EDGE('',*,*,#7968,.T.);
#10641=ORIENTED_EDGE('',*,*,#8567,.F.);
#10642=ORIENTED_EDGE('',*,*,#5401,.F.);
#10643=ORIENTED_EDGE('',*,*,#5337,.T.);
#10644=EDGE_LOOP('',(#10640,#10641,#10642,#10643));
#10645=FACE_OUTER_BOUND('',#10644,.F.);
#10647=CARTESIAN_POINT('',(5.000000000405E0,1.225E1,-2.483673971022E1));
#10648=DIRECTION('',(0.E0,5.E-1,-8.660254037844E-1));
#10649=DIRECTION('',(0.E0,8.660254037844E-1,5.E-1));
#10650=AXIS2_PLACEMENT_3D('',#10647,#10648,#10649);
#10651=PLANE('',#10650);
#10652=ORIENTED_EDGE('',*,*,#7913,.T.);
#10653=ORIENTED_EDGE('',*,*,#7901,.T.);
#10654=ORIENTED_EDGE('',*,*,#7802,.F.);
#10655=ORIENTED_EDGE('',*,*,#7605,.F.);
#10656=ORIENTED_EDGE('',*,*,#7784,.T.);
#10657=EDGE_LOOP('',(#10652,#10653,#10654,#10655,#10656));
#10658=FACE_OUTER_BOUND('',#10657,.F.);
#10660=CARTESIAN_POINT('',(5.000000000405E0,1.225E1,3.357320264445E-1));
#10661=DIRECTION('',(0.E0,-5.E-1,8.660254037844E-1));
#10662=DIRECTION('',(0.E0,-8.660254037844E-1,-5.E-1));
#10663=AXIS2_PLACEMENT_3D('',#10660,#10661,#10662);
#10664=PLANE('',#10663);
#10665=ORIENTED_EDGE('',*,*,#7827,.T.);
#10666=ORIENTED_EDGE('',*,*,#7845,.T.);
#10667=ORIENTED_EDGE('',*,*,#7742,.F.);
#10668=ORIENTED_EDGE('',*,*,#7593,.F.);
#10669=ORIENTED_EDGE('',*,*,#7724,.T.);
#10670=EDGE_LOOP('',(#10665,#10666,#10667,#10668,#10669));
#10671=FACE_OUTER_BOUND('',#10670,.F.);
#10673=CARTESIAN_POINT('',(1.066000000040E1,6.225E1,-1.225050384189E1));
#10674=DIRECTION('',(-1.E0,0.E0,0.E0));
#10675=DIRECTION('',(0.E0,-1.E0,0.E0));
#10676=AXIS2_PLACEMENT_3D('',#10673,#10674,#10675);
#10677=CYLINDRICAL_SURFACE('',#10676,7.75E0);
#10679=ORIENTED_EDGE('',*,*,#10678,.F.);
#10681=ORIENTED_EDGE('',*,*,#10680,.T.);
#10683=ORIENTED_EDGE('',*,*,#10682,.T.);
#10684=ORIENTED_EDGE('',*,*,#4607,.F.);
#10685=EDGE_LOOP('',(#10679,#10681,#10683,#10684));
#10686=FACE_OUTER_BOUND('',#10685,.F.);
#10688=CARTESIAN_POINT('',(1.066000000040E1,6.225E1,-1.225050384189E1));
#10689=DIRECTION('',(-1.E0,0.E0,0.E0));
#10690=DIRECTION('',(0.E0,-1.E0,0.E0));
#10691=AXIS2_PLACEMENT_3D('',#10688,#10689,#10690);
#10692=CYLINDRICAL_SURFACE('',#10691,7.75E0);
#10693=ORIENTED_EDGE('',*,*,#10678,.T.);
#10694=ORIENTED_EDGE('',*,*,#4609,.T.);
#10695=ORIENTED_EDGE('',*,*,#10682,.F.);
#10697=ORIENTED_EDGE('',*,*,#10696,.F.);
#10698=EDGE_LOOP('',(#10693,#10694,#10695,#10697));
#10699=FACE_OUTER_BOUND('',#10698,.F.);
#10701=CARTESIAN_POINT('',(1.030000000040E1,6.225E1,-1.225050384189E1));
#10702=DIRECTION('',(-1.E0,0.E0,0.E0));
#10703=DIRECTION('',(0.E0,-1.E0,0.E0));
#10704=AXIS2_PLACEMENT_3D('',#10701,#10702,#10703);
#10705=PLANE('',#10704);
#10706=ORIENTED_EDGE('',*,*,#10696,.T.);
#10707=ORIENTED_EDGE('',*,*,#10680,.F.);
#10708=EDGE_LOOP('',(#10706,#10707));
#10709=FACE_OUTER_BOUND('',#10708,.F.);
#10711=ORIENTED_EDGE('',*,*,#10710,.F.);
#10713=ORIENTED_EDGE('',*,*,#10712,.F.);
#10714=EDGE_LOOP('',(#10711,#10713));
#10715=FACE_BOUND('',#10714,.F.);
#10717=CARTESIAN_POINT('',(9.850000000578E0,6.225E1,-1.225050384189E1));
#10718=DIRECTION('',(1.E0,0.E0,0.E0));
#10719=DIRECTION('',(0.E0,0.E0,1.E0));
#10720=AXIS2_PLACEMENT_3D('',#10717,#10718,#10719);
#10721=CONICAL_SURFACE('',#10720,7.200000000096E0,2.905460409908E1);
#10723=ORIENTED_EDGE('',*,*,#10722,.T.);
#10725=ORIENTED_EDGE('',*,*,#10724,.F.);
#10727=ORIENTED_EDGE('',*,*,#10726,.F.);
#10728=ORIENTED_EDGE('',*,*,#10710,.T.);
#10729=EDGE_LOOP('',(#10723,#10725,#10727,#10728));
#10730=FACE_OUTER_BOUND('',#10729,.F.);
#10732=CARTESIAN_POINT('',(9.850000000578E0,6.225E1,-1.225050384189E1));
#10733=DIRECTION('',(1.E0,0.E0,0.E0));
#10734=DIRECTION('',(0.E0,0.E0,1.E0));
#10735=AXIS2_PLACEMENT_3D('',#10732,#10733,#10734);
#10736=CONICAL_SURFACE('',#10735,7.200000000096E0,2.905460409908E1);
#10737=ORIENTED_EDGE('',*,*,#10722,.F.);
#10738=ORIENTED_EDGE('',*,*,#10712,.T.);
#10739=ORIENTED_EDGE('',*,*,#10726,.T.);
#10741=ORIENTED_EDGE('',*,*,#10740,.F.);
#10742=EDGE_LOOP('',(#10737,#10738,#10739,#10741));
#10743=FACE_OUTER_BOUND('',#10742,.F.);
#10745=CARTESIAN_POINT('',(9.000000000405E0,6.225E1,-1.225050384189E1));
#10746=DIRECTION('',(1.E0,0.E0,0.E0));
#10747=DIRECTION('',(0.E0,1.E0,0.E0));
#10748=AXIS2_PLACEMENT_3D('',#10745,#10746,#10747);
#10749=TOROIDAL_SURFACE('',#10748,7.7E0,8.5E-1);
#10751=ORIENTED_EDGE('',*,*,#10750,.F.);
#10753=ORIENTED_EDGE('',*,*,#10752,.F.);
#10754=ORIENTED_EDGE('',*,*,#10740,.T.);
#10756=ORIENTED_EDGE('',*,*,#10755,.T.);
#10757=EDGE_LOOP('',(#10751,#10753,#10754,#10756));
#10758=FACE_OUTER_BOUND('',#10757,.F.);
#10760=CARTESIAN_POINT('',(1.066000000040E1,6.225E1,-1.225050384189E1));
#10761=DIRECTION('',(-1.E0,0.E0,0.E0));
#10762=DIRECTION('',(0.E0,-1.E0,0.E0));
#10763=AXIS2_PLACEMENT_3D('',#10760,#10761,#10762);
#10764=CYLINDRICAL_SURFACE('',#10763,6.95E0);
#10766=ORIENTED_EDGE('',*,*,#10765,.T.);
#10767=ORIENTED_EDGE('',*,*,#10750,.T.);
#10769=ORIENTED_EDGE('',*,*,#10768,.F.);
#10771=ORIENTED_EDGE('',*,*,#10770,.F.);
#10772=EDGE_LOOP('',(#10766,#10767,#10769,#10771));
#10773=FACE_OUTER_BOUND('',#10772,.F.);
#10775=CARTESIAN_POINT('',(1.066000000040E1,6.225E1,-1.225050384189E1));
#10776=DIRECTION('',(-1.E0,0.E0,0.E0));
#10777=DIRECTION('',(0.E0,-1.E0,0.E0));
#10778=AXIS2_PLACEMENT_3D('',#10775,#10776,#10777);
#10779=CYLINDRICAL_SURFACE('',#10778,6.95E0);
#10780=ORIENTED_EDGE('',*,*,#10765,.F.);
#10782=ORIENTED_EDGE('',*,*,#10781,.T.);
#10783=ORIENTED_EDGE('',*,*,#10768,.T.);
#10785=ORIENTED_EDGE('',*,*,#10784,.T.);
#10786=EDGE_LOOP('',(#10780,#10782,#10783,#10785));
#10787=FACE_OUTER_BOUND('',#10786,.F.);
#10789=CARTESIAN_POINT('',(4.300000000405E0,6.225E1,-1.225050384189E1));
#10790=DIRECTION('',(-1.E0,0.E0,0.E0));
#10791=DIRECTION('',(0.E0,-1.E0,0.E0));
#10792=AXIS2_PLACEMENT_3D('',#10789,#10790,#10791);
#10793=PLANE('',#10792);
#10794=ORIENTED_EDGE('',*,*,#10781,.F.);
#10795=ORIENTED_EDGE('',*,*,#10770,.T.);
#10796=EDGE_LOOP('',(#10794,#10795));
#10797=FACE_OUTER_BOUND('',#10796,.F.);
#10799=CARTESIAN_POINT('',(9.000000000405E0,6.225E1,-1.225050384189E1));
#10800=DIRECTION('',(1.E0,0.E0,0.E0));
#10801=DIRECTION('',(0.E0,1.E0,0.E0));
#10802=AXIS2_PLACEMENT_3D('',#10799,#10800,#10801);
#10803=TOROIDAL_SURFACE('',#10802,7.7E0,8.5E-1);
#10804=ORIENTED_EDGE('',*,*,#10784,.F.);
#10805=ORIENTED_EDGE('',*,*,#10755,.F.);
#10806=ORIENTED_EDGE('',*,*,#10724,.T.);
#10807=ORIENTED_EDGE('',*,*,#10752,.T.);
#10808=EDGE_LOOP('',(#10804,#10805,#10806,#10807));
#10809=FACE_OUTER_BOUND('',#10808,.F.);
#10811=CLOSED_SHELL('',(#4627,#4643,#4659,#4677,#4693,#4709,#4724,#4740,#4891,
#5042,#5193,#5344,#5359,#5374,#5389,#5461,#5475,#5507,#5522,#5536,#5550,#5564,
#5577,#5591,#5604,#5618,#5631,#5645,#5658,#5676,#5694,#5707,#5720,#5732,#5747,
#5764,#5780,#5900,#5912,#5927,#5941,#5955,#5969,#5983,#5997,#6011,#6025,#6039,
#6053,#6067,#6081,#6094,#6115,#6149,#6165,#6181,#6211,#6235,#6249,#6262,#6275,
#6288,#6301,#6314,#6327,#6340,#6353,#6366,#6379,#6392,#6404,#6418,#6431,#6444,
#6456,#6470,#6483,#6496,#6508,#6522,#6535,#6548,#6561,#6574,#6586,#6600,#6613,
#6626,#6638,#6652,#6665,#6678,#6691,#6704,#6717,#6730,#6742,#6757,#6770,#6786,
#6800,#6812,#6830,#6845,#6860,#6874,#6886,#6901,#6918,#6933,#6948,#6965,#6980,
#6993,#7021,#7033,#7045,#7057,#7076,#7099,#7113,#7127,#7143,#7156,#7172,#7187,
#7202,#7218,#7237,#7256,#7272,#7284,#7301,#7316,#7329,#7344,#7359,#7375,#7396,
#7413,#7428,#7441,#7454,#7466,#7478,#7532,#7585,#7627,#7680,#7716,#7731,#7746,
#7761,#7776,#7791,#7806,#7821,#7836,#7851,#7864,#7878,#7893,#7907,#7922,#7935,
#7948,#7973,#8123,#8272,#8421,#8571,#8718,#8805,#8892,#8904,#8920,#8942,#8977,
#8990,#9004,#9016,#9027,#9061,#9075,#9088,#9111,#9122,#9133,#9150,#9165,#9187,
#9206,#9223,#9243,#9258,#9279,#9291,#9306,#9320,#9334,#9347,#9377,#9392,#9405,
#9420,#9433,#9443,#9455,#9467,#9482,#9496,#9509,#9521,#9536,#9550,#9563,#9575,
#9587,#9600,#9615,#9630,#9643,#9656,#9667,#9680,#9693,#9704,#9715,#9800,#9885,
#9970,#10054,#10202,#10350,#10498,#10646,#10659,#10672,#10687,#10700,#10716,
#10731,#10744,#10759,#10774,#10788,#10798,#10810));
#10812=MANIFOLD_SOLID_BREP('',#10811);
#10815=PLANE_ANGLE_MEASURE_WITH_UNIT(PLANE_ANGLE_MEASURE(1.745329251994E-2),
#10814);
#10816=(CONVERSION_BASED_UNIT('DEGREE',#10815)NAMED_UNIT(*)PLANE_ANGLE_UNIT());
#10818=UNCERTAINTY_MEASURE_WITH_UNIT(LENGTH_MEASURE(7.878758054595E-3),#10813,
'distance_accuracy_value',
'Maximum model space distance between geometric entities at asserted connectivities');
#10821=APPLICATION_CONTEXT('automotive_design');
#10822=APPLICATION_PROTOCOL_DEFINITION('international standard',
'automotive_design',2001,#10821);
#10823=PRODUCT_DEFINITION_CONTEXT('part definition',#10821,'design');
#10824=PRODUCT_CONTEXT('',#10821,'mechanical');
#10825=PRODUCT('SA1215-S3','SA1215-S3','NOT SPECIFIED',(#10824));
#10826=PRODUCT_DEFINITION_FORMATION('1','LAST_VERSION',#10825);
#10834=DERIVED_UNIT_ELEMENT(#10833,2.E0);
#10835=DERIVED_UNIT((#10834));
#10836=MEASURE_REPRESENTATION_ITEM('surface area measure',AREA_MEASURE(
4.510118952447E3),#10835);
#10841=DERIVED_UNIT_ELEMENT(#10840,3.E0);
#10842=DERIVED_UNIT((#10841));
#10843=MEASURE_REPRESENTATION_ITEM('volume measure',VOLUME_MEASURE(
4.555823248515E3),#10842);
#10847=CARTESIAN_POINT('centre point',(7.469000312420E0,1.827674135892E1,
-1.225174344589E1));
#10852=DERIVED_UNIT_ELEMENT(#10851,2.E0);
#10853=DERIVED_UNIT((#10852));
#10854=MEASURE_REPRESENTATION_ITEM('surface area measure',AREA_MEASURE(
4.510118952447E3),#10853);
#10859=DERIVED_UNIT_ELEMENT(#10858,3.E0);
#10860=DERIVED_UNIT((#10859));
#10861=MEASURE_REPRESENTATION_ITEM('volume measure',VOLUME_MEASURE(
4.555823248515E3),#10860);
#10865=CARTESIAN_POINT('centre point',(7.469000312420E0,1.827674135892E1,
-1.225174344589E1));
#10870=PRODUCT_RELATED_PRODUCT_CATEGORY('part','',(#10825));
#1=DRAUGHTING_PRE_DEFINED_COLOUR('green');
#2=COLOUR_RGB('',1.1E-2,1.2E-2,1.E0);
#3=COLOUR_RGB('',4.1E-1,2.61589E-1,1.12848E-1);
#4=COLOUR_RGB('',5.04854E-1,1.5455E-2,1.5455E-2);
#5=COLOUR_RGB('',6.40777E-1,6.40777E-1,6.40777E-1);
#6=COLOUR_RGB('',6.69062E-1,6.69903E-1,6.55217E-1);
#7=COLOUR_RGB('',6.952E-1,7.426E-1,7.9E-1);
#8=COLOUR_RGB('',9.21569E-1,7.05882E-1,4.70588E-1);
#9=DRAUGHTING_PRE_DEFINED_COLOUR('red');
#10=DRAUGHTING_PRE_DEFINED_COLOUR('yellow');
#11=COLOUR_RGB('',1.E0,1.E0,5.3E-1);
#12=COLOUR_RGB('',1.E0,1.E0,9.49E-1);
#13=DRAUGHTING_PRE_DEFINED_COLOUR('white');
#18=CIRCLE('',#17,7.75E0);
#23=CIRCLE('',#22,7.75E0);
#28=CIRCLE('',#27,1.025E1);
#71=B_SPLINE_CURVE_WITH_KNOTS('',3,(#33,#34,#35,#36,#37,#38,#39,#40,#41,#42,#43,
#44,#45,#46,#47,#48,#49,#50,#51,#52,#53,#54,#55,#56,#57,#58,#59,#60,#61,#62,#63,
#64,#65,#66,#67,#68,#69,#70),.UNSPECIFIED.,.F.,.F.,(4,1,1,1,1,1,1,1,1,1,1,1,1,1,
1,1,1,1,1,1,1,1,1,1,1,1,1,1,1,1,1,1,1,1,1,4),(0.E0,2.857142857143E-2,
5.714285714286E-2,8.571428571429E-2,1.142857142857E-1,1.428571428571E-1,
1.714285714286E-1,2.E-1,2.285714285714E-1,2.571428571429E-1,2.857142857143E-1,
3.142857142857E-1,3.428571428571E-1,3.714285714286E-1,4.E-1,4.285714285714E-1,
4.571428571429E-1,4.857142857143E-1,5.142857142857E-1,5.428571428571E-1,
5.714285714286E-1,6.E-1,6.285714285714E-1,6.571428571429E-1,6.857142857143E-1,
7.142857142857E-1,7.428571428571E-1,7.714285714286E-1,8.E-1,8.285714285714E-1,
8.571428571429E-1,8.857142857143E-1,9.142857142857E-1,9.428571428571E-1,
9.714285714286E-1,1.E0),.UNSPECIFIED.);
#114=B_SPLINE_CURVE_WITH_KNOTS('',3,(#76,#77,#78,#79,#80,#81,#82,#83,#84,#85,
#86,#87,#88,#89,#90,#91,#92,#93,#94,#95,#96,#97,#98,#99,#100,#101,#102,#103,
#104,#105,#106,#107,#108,#109,#110,#111,#112,#113),.UNSPECIFIED.,.F.,.F.,(4,1,1,
1,1,1,1,1,1,1,1,1,1,1,1,1,1,1,1,1,1,1,1,1,1,1,1,1,1,1,1,1,1,1,1,4),(0.E0,
2.857142857143E-2,5.714285714286E-2,8.571428571429E-2,1.142857142857E-1,
1.428571428571E-1,1.714285714286E-1,2.E-1,2.285714285714E-1,2.571428571429E-1,
2.857142857143E-1,3.142857142857E-1,3.428571428571E-1,3.714285714286E-1,4.E-1,
4.285714285714E-1,4.571428571429E-1,4.857142857143E-1,5.142857142857E-1,
5.428571428571E-1,5.714285714286E-1,6.E-1,6.285714285714E-1,6.571428571429E-1,
6.857142857143E-1,7.142857142857E-1,7.428571428571E-1,7.714285714286E-1,8.E-1,
8.285714285714E-1,8.571428571429E-1,8.857142857143E-1,9.142857142857E-1,
9.428571428571E-1,9.714285714286E-1,1.E0),.UNSPECIFIED.);
#157=B_SPLINE_CURVE_WITH_KNOTS('',3,(#119,#120,#121,#122,#123,#124,#125,#126,
#127,#128,#129,#130,#131,#132,#133,#134,#135,#136,#137,#138,#139,#140,#141,#142,
#143,#144,#145,#146,#147,#148,#149,#150,#151,#152,#153,#154,#155,#156),
.UNSPECIFIED.,.F.,.F.,(4,1,1,1,1,1,1,1,1,1,1,1,1,1,1,1,1,1,1,1,1,1,1,1,1,1,1,1,
1,1,1,1,1,1,1,4),(0.E0,2.857142857143E-2,5.714285714286E-2,8.571428571429E-2,
1.142857142857E-1,1.428571428571E-1,1.714285714286E-1,2.E-1,2.285714285714E-1,
2.571428571429E-1,2.857142857143E-1,3.142857142857E-1,3.428571428571E-1,
3.714285714286E-1,4.E-1,4.285714285714E-1,4.571428571429E-1,4.857142857143E-1,
5.142857142857E-1,5.428571428571E-1,5.714285714286E-1,6.E-1,6.285714285714E-1,
6.571428571429E-1,6.857142857143E-1,7.142857142857E-1,7.428571428571E-1,
7.714285714286E-1,8.E-1,8.285714285714E-1,8.571428571429E-1,8.857142857143E-1,
9.142857142857E-1,9.428571428571E-1,9.714285714286E-1,1.E0),.UNSPECIFIED.);
#200=B_SPLINE_CURVE_WITH_KNOTS('',3,(#162,#163,#164,#165,#166,#167,#168,#169,
#170,#171,#172,#173,#174,#175,#176,#177,#178,#179,#180,#181,#182,#183,#184,#185,
#186,#187,#188,#189,#190,#191,#192,#193,#194,#195,#196,#197,#198,#199),
.UNSPECIFIED.,.F.,.F.,(4,1,1,1,1,1,1,1,1,1,1,1,1,1,1,1,1,1,1,1,1,1,1,1,1,1,1,1,
1,1,1,1,1,1,1,4),(0.E0,2.857142857143E-2,5.714285714286E-2,8.571428571429E-2,
1.142857142857E-1,1.428571428571E-1,1.714285714286E-1,2.E-1,2.285714285714E-1,
2.571428571429E-1,2.857142857143E-1,3.142857142857E-1,3.428571428571E-1,
3.714285714286E-1,4.E-1,4.285714285714E-1,4.571428571429E-1,4.857142857143E-1,
5.142857142857E-1,5.428571428571E-1,5.714285714286E-1,6.E-1,6.285714285714E-1,
6.571428571429E-1,6.857142857143E-1,7.142857142857E-1,7.428571428571E-1,
7.714285714286E-1,8.E-1,8.285714285714E-1,8.571428571429E-1,8.857142857143E-1,
9.142857142857E-1,9.428571428571E-1,9.714285714286E-1,1.E0),.UNSPECIFIED.);
#241=B_SPLINE_CURVE_WITH_KNOTS('',3,(#205,#206,#207,#208,#209,#210,#211,#212,
#213,#214,#215,#216,#217,#218,#219,#220,#221,#222,#223,#224,#225,#226,#227,#228,
#229,#230,#231,#232,#233,#234,#235,#236,#237,#238,#239,#240),.UNSPECIFIED.,.F.,
.F.,(4,1,1,1,1,1,1,1,1,1,1,1,1,1,1,1,1,1,1,1,1,1,1,1,1,1,1,1,1,1,1,1,1,4),(0.E0,
3.030303030303E-2,6.060606060606E-2,9.090909090909E-2,1.212121212121E-1,
1.515151515152E-1,1.818181818182E-1,2.121212121212E-1,2.424242424242E-1,
2.727272727273E-1,3.030303030303E-1,3.333333333333E-1,3.636363636364E-1,
3.939393939394E-1,4.242424242424E-1,4.545454545455E-1,4.848484848485E-1,
5.151515151515E-1,5.454545454545E-1,5.757575757576E-1,6.060606060606E-1,
6.363636363636E-1,6.666666666667E-1,6.969696969697E-1,7.272727272727E-1,
7.575757575758E-1,7.878787878788E-1,8.181818181818E-1,8.484848484848E-1,
8.787878787879E-1,9.090909090909E-1,9.393939393939E-1,9.696969696970E-1,1.E0),
.UNSPECIFIED.);
#284=B_SPLINE_CURVE_WITH_KNOTS('',3,(#246,#247,#248,#249,#250,#251,#252,#253,
#254,#255,#256,#257,#258,#259,#260,#261,#262,#263,#264,#265,#266,#267,#268,#269,
#270,#271,#272,#273,#274,#275,#276,#277,#278,#279,#280,#281,#282,#283),
.UNSPECIFIED.,.F.,.F.,(4,1,1,1,1,1,1,1,1,1,1,1,1,1,1,1,1,1,1,1,1,1,1,1,1,1,1,1,
1,1,1,1,1,1,1,4),(0.E0,2.857142857143E-2,5.714285714286E-2,8.571428571429E-2,
1.142857142857E-1,1.428571428571E-1,1.714285714286E-1,2.E-1,2.285714285714E-1,
2.571428571429E-1,2.857142857143E-1,3.142857142857E-1,3.428571428571E-1,
3.714285714286E-1,4.E-1,4.285714285714E-1,4.571428571429E-1,4.857142857143E-1,
5.142857142857E-1,5.428571428571E-1,5.714285714286E-1,6.E-1,6.285714285714E-1,
6.571428571429E-1,6.857142857143E-1,7.142857142857E-1,7.428571428571E-1,
7.714285714286E-1,8.E-1,8.285714285714E-1,8.571428571429E-1,8.857142857143E-1,
9.142857142857E-1,9.428571428571E-1,9.714285714286E-1,1.E0),.UNSPECIFIED.);
#294=B_SPLINE_CURVE_WITH_KNOTS('',3,(#289,#290,#291,#292,#293),.UNSPECIFIED.,
.F.,.F.,(4,1,4),(0.E0,5.E-1,1.E0),.UNSPECIFIED.);
#304=B_SPLINE_CURVE_WITH_KNOTS('',3,(#299,#300,#301,#302,#303),.UNSPECIFIED.,
.F.,.F.,(4,1,4),(0.E0,5.E-1,1.E0),.UNSPECIFIED.);
#310=B_SPLINE_CURVE_WITH_KNOTS('',3,(#305,#306,#307,#308,#309),.UNSPECIFIED.,
.F.,.F.,(4,1,4),(0.E0,5.E-1,1.E0),.UNSPECIFIED.);
#315=CIRCLE('',#314,7.9E0);
#324=CIRCLE('',#323,7.9E0);
#333=CIRCLE('',#332,7.9E0);
#346=B_SPLINE_CURVE_WITH_KNOTS('',3,(#334,#335,#336,#337,#338,#339,#340,#341,
#342,#343,#344,#345),.UNSPECIFIED.,.F.,.F.,(4,1,1,1,1,1,1,1,1,4),(0.E0,
1.111111111111E-1,2.222222222222E-1,3.333333333333E-1,4.444444444444E-1,
5.555555555556E-1,6.666666666667E-1,7.777777777778E-1,8.888888888889E-1,1.E0),
.UNSPECIFIED.);
#351=CIRCLE('',#350,7.9E0);
#364=B_SPLINE_CURVE_WITH_KNOTS('',3,(#352,#353,#354,#355,#356,#357,#358,#359,
#360,#361,#362,#363),.UNSPECIFIED.,.F.,.F.,(4,1,1,1,1,1,1,1,1,4),(0.E0,
1.111111111111E-1,2.222222222222E-1,3.333333333333E-1,4.444444444444E-1,
5.555555555556E-1,6.666666666667E-1,7.777777777778E-1,8.888888888889E-1,1.E0),
.UNSPECIFIED.);
#369=CIRCLE('',#368,7.9E0);
#383=B_SPLINE_CURVE_WITH_KNOTS('',3,(#370,#371,#372,#373,#374,#375,#376,#377,
#378,#379,#380,#381,#382),.UNSPECIFIED.,.F.,.F.,(4,1,1,1,1,1,1,1,1,1,4),(0.E0,
1.E-1,2.E-1,3.E-1,4.E-1,5.E-1,6.E-1,7.E-1,8.E-1,9.E-1,1.E0),.UNSPECIFIED.);
#396=B_SPLINE_CURVE_WITH_KNOTS('',3,(#388,#389,#390,#391,#392,#393,#394,#395),
.UNSPECIFIED.,.F.,.F.,(4,1,1,1,1,4),(0.E0,2.E-1,4.E-1,6.E-1,8.E-1,1.E0),
.UNSPECIFIED.);
#407=B_SPLINE_CURVE_WITH_KNOTS('',3,(#397,#398,#399,#400,#401,#402,#403,#404,
#405,#406),.UNSPECIFIED.,.F.,.F.,(4,1,1,1,1,1,1,4),(0.E0,1.428571428571E-1,
2.857142857143E-1,4.285714285714E-1,5.714285714286E-1,7.142857142857E-1,
8.571428571429E-1,1.E0),.UNSPECIFIED.);
#415=B_SPLINE_CURVE_WITH_KNOTS('',3,(#408,#409,#410,#411,#412,#413,#414),
.UNSPECIFIED.,.F.,.F.,(4,1,1,1,4),(0.E0,2.5E-1,5.E-1,7.5E-1,1.E0),
.UNSPECIFIED.);
#430=B_SPLINE_CURVE_WITH_KNOTS('',3,(#420,#421,#422,#423,#424,#425,#426,#427,
#428,#429),.UNSPECIFIED.,.F.,.F.,(4,1,1,1,1,1,1,4),(0.E0,1.428571428571E-1,
2.857142857143E-1,4.285714285714E-1,5.714285714286E-1,7.142857142857E-1,
8.571428571429E-1,1.E0),.UNSPECIFIED.);
#441=B_SPLINE_CURVE_WITH_KNOTS('',3,(#431,#432,#433,#434,#435,#436,#437,#438,
#439,#440),.UNSPECIFIED.,.F.,.F.,(4,1,1,1,1,1,1,4),(0.E0,1.428571428571E-1,
2.857142857143E-1,4.285714285714E-1,5.714285714286E-1,7.142857142857E-1,
8.571428571429E-1,1.E0),.UNSPECIFIED.);
#483=B_SPLINE_CURVE_WITH_KNOTS('',3,(#442,#443,#444,#445,#446,#447,#448,#449,
#450,#451,#452,#453,#454,#455,#456,#457,#458,#459,#460,#461,#462,#463,#464,#465,
#466,#467,#468,#469,#470,#471,#472,#473,#474,#475,#476,#477,#478,#479,#480,#481,
#482),.UNSPECIFIED.,.F.,.F.,(4,1,1,1,1,1,1,1,1,1,1,1,1,1,1,1,1,1,1,1,1,1,1,1,1,
1,1,1,1,1,1,1,1,1,1,1,1,1,4),(0.E0,2.631578947368E-2,5.263157894737E-2,
7.894736842105E-2,1.052631578947E-1,1.315789473684E-1,1.578947368421E-1,
1.842105263158E-1,2.105263157895E-1,2.368421052632E-1,2.631578947368E-1,
2.894736842105E-1,3.157894736842E-1,3.421052631579E-1,3.684210526316E-1,
3.947368421053E-1,4.210526315789E-1,4.473684210526E-1,4.736842105263E-1,5.E-1,
5.263157894737E-1,5.526315789474E-1,5.789473684211E-1,6.052631578947E-1,
6.315789473684E-1,6.578947368421E-1,6.842105263158E-1,7.105263157895E-1,
7.368421052632E-1,7.631578947368E-1,7.894736842105E-1,8.157894736842E-1,
8.421052631579E-1,8.684210526316E-1,8.947368421053E-1,9.210526315789E-1,
9.473684210526E-1,9.736842105263E-1,1.E0),.UNSPECIFIED.);
#492=B_SPLINE_CURVE_WITH_KNOTS('',3,(#484,#485,#486,#487,#488,#489,#490,#491),
.UNSPECIFIED.,.F.,.F.,(4,1,1,1,1,4),(0.E0,2.E-1,4.E-1,6.E-1,8.E-1,1.E0),
.UNSPECIFIED.);
#503=B_SPLINE_CURVE_WITH_KNOTS('',3,(#493,#494,#495,#496,#497,#498,#499,#500,
#501,#502),.UNSPECIFIED.,.F.,.F.,(4,1,1,1,1,1,1,4),(0.E0,1.428571428571E-1,
2.857142857143E-1,4.285714285714E-1,5.714285714286E-1,7.142857142857E-1,
8.571428571429E-1,1.E0),.UNSPECIFIED.);
#545=B_SPLINE_CURVE_WITH_KNOTS('',3,(#504,#505,#506,#507,#508,#509,#510,#511,
#512,#513,#514,#515,#516,#517,#518,#519,#520,#521,#522,#523,#524,#525,#526,#527,
#528,#529,#530,#531,#532,#533,#534,#535,#536,#537,#538,#539,#540,#541,#542,#543,
#544),.UNSPECIFIED.,.F.,.F.,(4,1,1,1,1,1,1,1,1,1,1,1,1,1,1,1,1,1,1,1,1,1,1,1,1,
1,1,1,1,1,1,1,1,1,1,1,1,1,4),(0.E0,2.631578947368E-2,5.263157894737E-2,
7.894736842105E-2,1.052631578947E-1,1.315789473684E-1,1.578947368421E-1,
1.842105263158E-1,2.105263157895E-1,2.368421052632E-1,2.631578947368E-1,
2.894736842105E-1,3.157894736842E-1,3.421052631579E-1,3.684210526316E-1,
3.947368421053E-1,4.210526315789E-1,4.473684210526E-1,4.736842105263E-1,5.E-1,
5.263157894737E-1,5.526315789474E-1,5.789473684211E-1,6.052631578947E-1,
6.315789473684E-1,6.578947368421E-1,6.842105263158E-1,7.105263157895E-1,
7.368421052632E-1,7.631578947368E-1,7.894736842105E-1,8.157894736842E-1,
8.421052631579E-1,8.684210526316E-1,8.947368421053E-1,9.210526315789E-1,
9.473684210526E-1,9.736842105263E-1,1.E0),.UNSPECIFIED.);
#564=B_SPLINE_CURVE_WITH_KNOTS('',3,(#546,#547,#548,#549,#550,#551,#552,#553,
#554,#555,#556,#557,#558,#559,#560,#561,#562,#563),.UNSPECIFIED.,.F.,.F.,(4,1,1,
1,1,1,1,1,1,1,1,1,1,1,1,4),(0.E0,6.666666666667E-2,1.333333333333E-1,2.E-1,
2.666666666667E-1,3.333333333333E-1,4.E-1,4.666666666667E-1,5.333333333333E-1,
6.E-1,6.666666666667E-1,7.333333333333E-1,8.E-1,8.666666666667E-1,
9.333333333333E-1,1.E0),.UNSPECIFIED.);
#596=B_SPLINE_CURVE_WITH_KNOTS('',3,(#565,#566,#567,#568,#569,#570,#571,#572,
#573,#574,#575,#576,#577,#578,#579,#580,#581,#582,#583,#584,#585,#586,#587,#588,
#589,#590,#591,#592,#593,#594,#595),.UNSPECIFIED.,.F.,.F.,(4,1,1,1,1,1,1,1,1,1,
1,1,1,1,1,1,1,1,1,1,1,1,1,1,1,1,1,1,4),(0.E0,3.571428571429E-2,
7.142857142857E-2,1.071428571429E-1,1.428571428571E-1,1.785714285714E-1,
2.142857142857E-1,2.5E-1,2.857142857143E-1,3.214285714286E-1,3.571428571429E-1,
3.928571428571E-1,4.285714285714E-1,4.642857142857E-1,5.E-1,5.357142857143E-1,
5.714285714286E-1,6.071428571429E-1,6.428571428571E-1,6.785714285714E-1,
7.142857142857E-1,7.5E-1,7.857142857143E-1,8.214285714286E-1,8.571428571429E-1,
8.928571428571E-1,9.285714285714E-1,9.642857142857E-1,1.E0),.UNSPECIFIED.);
#607=B_SPLINE_CURVE_WITH_KNOTS('',3,(#597,#598,#599,#600,#601,#602,#603,#604,
#605,#606),.UNSPECIFIED.,.F.,.F.,(4,1,1,1,1,1,1,4),(0.E0,1.428571428571E-1,
2.857142857143E-1,4.285714285714E-1,5.714285714286E-1,7.142857142857E-1,
8.571428571429E-1,1.E0),.UNSPECIFIED.);
#640=CIRCLE('',#639,7.126749453506E0);
#645=CIRCLE('',#644,7.126749453506E0);
#654=CIRCLE('',#653,2.6E0);
#659=CIRCLE('',#658,8.95E0);
#664=CIRCLE('',#663,8.95E0);
#669=CIRCLE('',#668,2.6E0);
#678=CIRCLE('',#677,2.6E0);
#683=CIRCLE('',#682,1.015E1);
#688=CIRCLE('',#687,2.6E0);
#693=CIRCLE('',#692,1.E-1);
#698=CIRCLE('',#697,1.E-1);
#703=CIRCLE('',#702,2.5E0);
#708=CIRCLE('',#707,2.5E0);
#713=CIRCLE('',#712,1.025E1);
#726=CIRCLE('',#725,1.E-1);
#731=CIRCLE('',#730,1.E-1);
#736=CIRCLE('',#735,2.5E0);
#741=CIRCLE('',#740,2.5E0);
#758=CIRCLE('',#757,1.E-1);
#766=B_SPLINE_CURVE_WITH_KNOTS('',3,(#759,#760,#761,#762,#763,#764,#765),
.UNSPECIFIED.,.F.,.F.,(4,1,1,1,4),(0.E0,2.5E-1,5.E-1,7.5E-1,1.E0),
.UNSPECIFIED.);
#771=CIRCLE('',#770,2.5E0);
#776=CIRCLE('',#775,2.5E0);
#785=CIRCLE('',#784,8.95E0);
#790=CIRCLE('',#789,8.95E0);
#799=CIRCLE('',#798,8.95E0);
#808=CIRCLE('',#807,8.95E0);
#817=CIRCLE('',#816,1.E-1);
#825=B_SPLINE_CURVE_WITH_KNOTS('',3,(#818,#819,#820,#821,#822,#823,#824),
.UNSPECIFIED.,.F.,.F.,(4,1,1,1,4),(0.E0,2.5E-1,5.E-1,7.5E-1,1.E0),
.UNSPECIFIED.);
#830=CIRCLE('',#829,2.5E0);
#835=CIRCLE('',#834,2.5E0);
#860=CIRCLE('',#859,7.95E0);
#865=CIRCLE('',#864,7.95E0);
#874=CIRCLE('',#873,6.3673737E-1);
#879=CIRCLE('',#878,6.3673737E-1);
#896=CIRCLE('',#895,2.1673737E-1);
#913=CIRCLE('',#912,2.1673737E-1);
#926=CIRCLE('',#925,6.7095906E-1);
#931=CIRCLE('',#930,6.7095906E-1);
#948=CIRCLE('',#947,2.5095906E-1);
#965=CIRCLE('',#964,2.5095906E-1);
#1030=CIRCLE('',#1029,7.0518075E-1);
#1043=CIRCLE('',#1042,2.8518075E-1);
#1052=CIRCLE('',#1051,6.7095906E-1);
#1069=CIRCLE('',#1068,2.5095906E-1);
#1086=CIRCLE('',#1085,7.25E0);
#1091=CIRCLE('',#1090,7.25E0);
#1096=CIRCLE('',#1095,6.05E0);
#1101=CIRCLE('',#1100,6.05E0);
#1174=CIRCLE('',#1173,2.1673737E-1);
#1191=CIRCLE('',#1190,2.1673737E-1);
#1208=CIRCLE('',#1207,6.3673737E-1);
#1213=CIRCLE('',#1212,6.3673737E-1);
#1218=CIRCLE('',#1217,6.7095906E-1);
#1235=CIRCLE('',#1234,2.5095906E-1);
#1252=CIRCLE('',#1251,2.5095906E-1);
#1269=CIRCLE('',#1268,6.7095906E-1);
#1310=CIRCLE('',#1309,7.0518075E-1);
#1335=CIRCLE('',#1334,2.8518075E-1);
#1344=CIRCLE('',#1343,6.7095906E-1);
#1361=CIRCLE('',#1360,2.5095906E-1);
#1550=CIRCLE('',#1549,7.25E0);
#1555=CIRCLE('',#1554,7.25E0);
#1560=CIRCLE('',#1559,6.05E0);
#1565=CIRCLE('',#1564,6.05E0);
#1578=CIRCLE('',#1577,1.045E1);
#1583=CIRCLE('',#1582,1.045E1);
#1600=CIRCLE('',#1599,1.075E1);
#1605=CIRCLE('',#1604,1.075E1);
#1610=CIRCLE('',#1609,1.075E1);
#1619=CIRCLE('',#1618,1.075E1);
#1636=CIRCLE('',#1635,1.045E1);
#1641=CIRCLE('',#1640,1.045E1);
#1646=CIRCLE('',#1645,5.6E0);
#1651=CIRCLE('',#1650,5.6E0);
#1660=CIRCLE('',#1659,4.85E0);
#1665=CIRCLE('',#1664,4.85E0);
#1670=CIRCLE('',#1669,5.3E0);
#1675=CIRCLE('',#1674,5.3E0);
#1688=CIRCLE('',#1687,4.85E0);
#1693=CIRCLE('',#1692,4.85E0);
#1698=CIRCLE('',#1697,1.299999999940E0);
#1707=CIRCLE('',#1706,1.299999999940E0);
#1716=CIRCLE('',#1715,1.299999999940E0);
#1725=CIRCLE('',#1724,2.342882070598E-1);
#1730=CIRCLE('',#1729,2.342882070598E-1);
#1735=CIRCLE('',#1734,2.342882070598E-1);
#1740=CIRCLE('',#1739,2.342882070598E-1);
#1745=CIRCLE('',#1744,2.342882070598E-1);
#1750=CIRCLE('',#1749,2.342882070598E-1);
#1766=B_SPLINE_CURVE_WITH_KNOTS('',3,(#1755,#1756,#1757,#1758,#1759,#1760,#1761,
#1762,#1763,#1764,#1765),.UNSPECIFIED.,.F.,.F.,(4,1,1,1,1,1,1,1,4),(0.E0,
1.25E-1,2.5E-1,3.75E-1,5.E-1,6.25E-1,7.5E-1,8.75E-1,1.E0),.UNSPECIFIED.);
#1778=B_SPLINE_CURVE_WITH_KNOTS('',3,(#1767,#1768,#1769,#1770,#1771,#1772,#1773,
#1774,#1775,#1776,#1777),.UNSPECIFIED.,.F.,.F.,(4,1,1,1,1,1,1,1,4),(0.E0,
1.25E-1,2.5E-1,3.75E-1,5.E-1,6.25E-1,7.5E-1,8.75E-1,1.E0),.UNSPECIFIED.);
#1801=B_SPLINE_CURVE_WITH_KNOTS('',3,(#1791,#1792,#1793,#1794,#1795,#1796,#1797,
#1798,#1799,#1800),.UNSPECIFIED.,.F.,.F.,(4,1,1,1,1,1,1,4),(0.E0,
1.428571428571E-1,2.857142857143E-1,4.285714285714E-1,5.714285714286E-1,
7.142857142857E-1,8.571428571429E-1,1.E0),.UNSPECIFIED.);
#1808=B_SPLINE_CURVE_WITH_KNOTS('',3,(#1802,#1803,#1804,#1805,#1806,#1807),
.UNSPECIFIED.,.F.,.F.,(4,1,1,4),(0.E0,3.333333333333E-1,6.666666666667E-1,1.E0),
.UNSPECIFIED.);
#1829=CIRCLE('',#1828,1.299999999940E0);
#1842=CIRCLE('',#1841,1.299999999940E0);
#1855=CIRCLE('',#1854,1.299999999940E0);
#1871=B_SPLINE_CURVE_WITH_KNOTS('',3,(#1860,#1861,#1862,#1863,#1864,#1865,#1866,
#1867,#1868,#1869,#1870),.UNSPECIFIED.,.F.,.F.,(4,1,1,1,1,1,1,1,4),(0.E0,
1.25E-1,2.5E-1,3.75E-1,5.E-1,6.25E-1,7.5E-1,8.75E-1,1.E0),.UNSPECIFIED.);
#1883=B_SPLINE_CURVE_WITH_KNOTS('',3,(#1872,#1873,#1874,#1875,#1876,#1877,#1878,
#1879,#1880,#1881,#1882),.UNSPECIFIED.,.F.,.F.,(4,1,1,1,1,1,1,1,4),(0.E0,
1.25E-1,2.5E-1,3.75E-1,5.E-1,6.25E-1,7.5E-1,8.75E-1,1.E0),.UNSPECIFIED.);
#1908=B_SPLINE_CURVE_WITH_KNOTS('',3,(#1896,#1897,#1898,#1899,#1900,#1901,#1902,
#1903,#1904,#1905,#1906,#1907),.UNSPECIFIED.,.F.,.F.,(4,1,1,1,1,1,1,1,1,4),
(0.E0,1.111111111111E-1,2.222222222222E-1,3.333333333333E-1,4.444444444444E-1,
5.555555555556E-1,6.666666666667E-1,7.777777777778E-1,8.888888888889E-1,1.E0),
.UNSPECIFIED.);
#1932=B_SPLINE_CURVE_WITH_KNOTS('',3,(#1917,#1918,#1919,#1920,#1921,#1922,#1923,
#1924,#1925,#1926,#1927,#1928,#1929,#1930,#1931),.UNSPECIFIED.,.F.,.F.,(4,1,1,1,
1,1,1,1,1,1,1,1,4),(0.E0,8.333333333333E-2,1.666666666667E-1,2.5E-1,
3.333333333333E-1,4.166666666667E-1,5.E-1,5.833333333333E-1,6.666666666667E-1,
7.5E-1,8.333333333333E-1,9.166666666667E-1,1.E0),.UNSPECIFIED.);
#1937=CIRCLE('',#1936,9.E-1);
#1942=CIRCLE('',#1941,9.E-1);
#1947=CIRCLE('',#1946,9.E-1);
#1963=B_SPLINE_CURVE_WITH_KNOTS('',3,(#1948,#1949,#1950,#1951,#1952,#1953,#1954,
#1955,#1956,#1957,#1958,#1959,#1960,#1961,#1962),.UNSPECIFIED.,.F.,.F.,(4,1,1,1,
1,1,1,1,1,1,1,1,4),(0.E0,8.333333333333E-2,1.666666666667E-1,2.5E-1,
3.333333333333E-1,4.166666666667E-1,5.E-1,5.833333333333E-1,6.666666666667E-1,
7.5E-1,8.333333333333E-1,9.166666666667E-1,1.E0),.UNSPECIFIED.);
#1968=CIRCLE('',#1967,9.E-1);
#1992=B_SPLINE_CURVE_WITH_KNOTS('',3,(#1977,#1978,#1979,#1980,#1981,#1982,#1983,
#1984,#1985,#1986,#1987,#1988,#1989,#1990,#1991),.UNSPECIFIED.,.F.,.F.,(4,1,1,1,
1,1,1,1,1,1,1,1,4),(0.E0,8.333333333333E-2,1.666666666667E-1,2.5E-1,
3.333333333333E-1,4.166666666667E-1,5.E-1,5.833333333333E-1,6.666666666667E-1,
7.5E-1,8.333333333333E-1,9.166666666667E-1,1.E0),.UNSPECIFIED.);
#1997=CIRCLE('',#1996,9.E-1);
#2002=CIRCLE('',#2001,9.E-1);
#2018=B_SPLINE_CURVE_WITH_KNOTS('',3,(#2003,#2004,#2005,#2006,#2007,#2008,#2009,
#2010,#2011,#2012,#2013,#2014,#2015,#2016,#2017),.UNSPECIFIED.,.F.,.F.,(4,1,1,1,
1,1,1,1,1,1,1,1,4),(0.E0,8.333333333333E-2,1.666666666667E-1,2.5E-1,
3.333333333333E-1,4.166666666667E-1,5.E-1,5.833333333333E-1,6.666666666667E-1,
7.5E-1,8.333333333333E-1,9.166666666667E-1,1.E0),.UNSPECIFIED.);
#2023=CIRCLE('',#2022,9.E-1);
#2047=B_SPLINE_CURVE_WITH_KNOTS('',3,(#2036,#2037,#2038,#2039,#2040,#2041,#2042,
#2043,#2044,#2045,#2046),.UNSPECIFIED.,.F.,.F.,(4,1,1,1,1,1,1,1,4),(0.E0,
1.25E-1,2.5E-1,3.75E-1,5.E-1,6.25E-1,7.5E-1,8.75E-1,1.E0),.UNSPECIFIED.);
#2059=B_SPLINE_CURVE_WITH_KNOTS('',3,(#2048,#2049,#2050,#2051,#2052,#2053,#2054,
#2055,#2056,#2057,#2058),.UNSPECIFIED.,.F.,.F.,(4,1,1,1,1,1,1,1,4),(0.E0,
1.25E-1,2.5E-1,3.75E-1,5.E-1,6.25E-1,7.5E-1,8.75E-1,1.E0),.UNSPECIFIED.);
#2078=B_SPLINE_CURVE_WITH_KNOTS('',3,(#2072,#2073,#2074,#2075,#2076,#2077),
.UNSPECIFIED.,.F.,.F.,(4,1,1,4),(0.E0,3.333333333333E-1,6.666666666667E-1,1.E0),
.UNSPECIFIED.);
#2089=B_SPLINE_CURVE_WITH_KNOTS('',3,(#2079,#2080,#2081,#2082,#2083,#2084,#2085,
#2086,#2087,#2088),.UNSPECIFIED.,.F.,.F.,(4,1,1,1,1,1,1,4),(0.E0,
1.428571428571E-1,2.857142857143E-1,4.285714285714E-1,5.714285714286E-1,
7.142857142857E-1,8.571428571429E-1,1.E0),.UNSPECIFIED.);
#2113=B_SPLINE_CURVE_WITH_KNOTS('',3,(#2098,#2099,#2100,#2101,#2102,#2103,#2104,
#2105,#2106,#2107,#2108,#2109,#2110,#2111,#2112),.UNSPECIFIED.,.F.,.F.,(4,1,1,1,
1,1,1,1,1,1,1,1,4),(0.E0,8.333333333333E-2,1.666666666667E-1,2.5E-1,
3.333333333333E-1,4.166666666667E-1,5.E-1,5.833333333333E-1,6.666666666667E-1,
7.5E-1,8.333333333333E-1,9.166666666667E-1,1.E0),.UNSPECIFIED.);
#2118=CIRCLE('',#2117,9.E-1);
#2123=CIRCLE('',#2122,9.E-1);
#2139=B_SPLINE_CURVE_WITH_KNOTS('',3,(#2124,#2125,#2126,#2127,#2128,#2129,#2130,
#2131,#2132,#2133,#2134,#2135,#2136,#2137,#2138),.UNSPECIFIED.,.F.,.F.,(4,1,1,1,
1,1,1,1,1,1,1,1,4),(0.E0,8.333333333333E-2,1.666666666667E-1,2.5E-1,
3.333333333333E-1,4.166666666667E-1,5.E-1,5.833333333333E-1,6.666666666667E-1,
7.5E-1,8.333333333333E-1,9.166666666667E-1,1.E0),.UNSPECIFIED.);
#2144=CIRCLE('',#2143,9.E-1);
#2161=CIRCLE('',#2160,5.6E0);
#2170=CIRCLE('',#2169,5.6E0);
#2184=B_SPLINE_CURVE_WITH_KNOTS('',3,(#2179,#2180,#2181,#2182,#2183),
.UNSPECIFIED.,.F.,.F.,(4,1,4),(0.E0,5.E-1,1.E0),.UNSPECIFIED.);
#2192=B_SPLINE_CURVE_WITH_KNOTS('',3,(#2185,#2186,#2187,#2188,#2189,#2190,
#2191),.UNSPECIFIED.,.F.,.F.,(4,1,1,1,4),(0.E0,2.5E-1,5.E-1,7.5E-1,1.E0),
.UNSPECIFIED.);
#2203=B_SPLINE_CURVE_WITH_KNOTS('',3,(#2193,#2194,#2195,#2196,#2197,#2198,#2199,
#2200,#2201,#2202),.UNSPECIFIED.,.F.,.F.,(4,1,1,1,1,1,1,4),(0.E0,
1.428571428571E-1,2.857142857143E-1,4.285714285714E-1,5.714285714286E-1,
7.142857142857E-1,8.571428571429E-1,1.E0),.UNSPECIFIED.);
#2219=B_SPLINE_CURVE_WITH_KNOTS('',3,(#2204,#2205,#2206,#2207,#2208,#2209,#2210,
#2211,#2212,#2213,#2214,#2215,#2216,#2217,#2218),.UNSPECIFIED.,.F.,.F.,(4,1,1,1,
1,1,1,1,1,1,1,1,4),(0.E0,8.333333333333E-2,1.666666666667E-1,2.5E-1,
3.333333333333E-1,4.166666666667E-1,5.E-1,5.833333333333E-1,6.666666666667E-1,
7.5E-1,8.333333333333E-1,9.166666666667E-1,1.E0),.UNSPECIFIED.);
#2227=B_SPLINE_CURVE_WITH_KNOTS('',3,(#2220,#2221,#2222,#2223,#2224,#2225,
#2226),.UNSPECIFIED.,.F.,.F.,(4,1,1,1,4),(0.E0,2.5E-1,5.E-1,7.5E-1,1.E0),
.UNSPECIFIED.);
#2235=B_SPLINE_CURVE_WITH_KNOTS('',3,(#2228,#2229,#2230,#2231,#2232,#2233,
#2234),.UNSPECIFIED.,.F.,.F.,(4,1,1,1,4),(0.E0,2.5E-1,5.E-1,7.5E-1,1.E0),
.UNSPECIFIED.);
#2244=CIRCLE('',#2243,1.225E1);
#2253=CIRCLE('',#2252,1.225E1);
#2266=CIRCLE('',#2265,1.225E1);
#2275=CIRCLE('',#2274,1.225E1);
#2297=B_SPLINE_CURVE_WITH_KNOTS('',3,(#2280,#2281,#2282,#2283,#2284,#2285,#2286,
#2287,#2288,#2289,#2290,#2291,#2292,#2293,#2294,#2295,#2296),.UNSPECIFIED.,.F.,
.F.,(4,1,1,1,1,1,1,1,1,1,1,1,1,1,4),(0.E0,7.142857142857E-2,1.428571428571E-1,
2.142857142857E-1,2.857142857143E-1,3.571428571429E-1,4.285714285714E-1,5.E-1,
5.714285714286E-1,6.428571428571E-1,7.142857142857E-1,7.857142857143E-1,
8.571428571429E-1,9.285714285714E-1,1.E0),.UNSPECIFIED.);
#2310=B_SPLINE_CURVE_WITH_KNOTS('',3,(#2298,#2299,#2300,#2301,#2302,#2303,#2304,
#2305,#2306,#2307,#2308,#2309),.UNSPECIFIED.,.F.,.F.,(4,1,1,1,1,1,1,1,1,4),
(0.E0,1.111111111111E-1,2.222222222222E-1,3.333333333333E-1,4.444444444444E-1,
5.555555555556E-1,6.666666666667E-1,7.777777777778E-1,8.888888888889E-1,1.E0),
.UNSPECIFIED.);
#2328=B_SPLINE_CURVE_WITH_KNOTS('',3,(#2311,#2312,#2313,#2314,#2315,#2316,#2317,
#2318,#2319,#2320,#2321,#2322,#2323,#2324,#2325,#2326,#2327),.UNSPECIFIED.,.F.,
.F.,(4,1,1,1,1,1,1,1,1,1,1,1,1,1,4),(0.E0,7.142857142857E-2,1.428571428571E-1,
2.142857142857E-1,2.857142857143E-1,3.571428571429E-1,4.285714285714E-1,5.E-1,
5.714285714286E-1,6.428571428571E-1,7.142857142857E-1,7.857142857143E-1,
8.571428571429E-1,9.285714285714E-1,1.E0),.UNSPECIFIED.);
#2334=B_SPLINE_CURVE_WITH_KNOTS('',3,(#2329,#2330,#2331,#2332,#2333),
.UNSPECIFIED.,.F.,.F.,(4,1,4),(0.E0,5.E-1,1.E0),.UNSPECIFIED.);
#2347=B_SPLINE_CURVE_WITH_KNOTS('',3,(#2335,#2336,#2337,#2338,#2339,#2340,#2341,
#2342,#2343,#2344,#2345,#2346),.UNSPECIFIED.,.F.,.F.,(4,1,1,1,1,1,1,1,1,4),
(0.E0,1.111111111111E-1,2.222222222222E-1,3.333333333333E-1,4.444444444444E-1,
5.555555555556E-1,6.666666666667E-1,7.777777777778E-1,8.888888888889E-1,1.E0),
.UNSPECIFIED.);
#2353=B_SPLINE_CURVE_WITH_KNOTS('',3,(#2348,#2349,#2350,#2351,#2352),
.UNSPECIFIED.,.F.,.F.,(4,1,4),(0.E0,5.E-1,1.E0),.UNSPECIFIED.);
#2358=CIRCLE('',#2357,1.225E1);
#2363=CIRCLE('',#2362,1.225E1);
#2368=CIRCLE('',#2367,1.225E1);
#2373=CIRCLE('',#2372,1.225E1);
#2378=CIRCLE('',#2377,1.225E1);
#2383=CIRCLE('',#2382,1.225E1);
#2388=CIRCLE('',#2387,1.225E1);
#2393=CIRCLE('',#2392,1.225E1);
#2402=B_SPLINE_CURVE_WITH_KNOTS('',3,(#2394,#2395,#2396,#2397,#2398,#2399,#2400,
#2401),.UNSPECIFIED.,.F.,.F.,(4,1,1,1,1,4),(0.E0,2.E-1,4.E-1,6.E-1,8.E-1,1.E0),
.UNSPECIFIED.);
#2411=B_SPLINE_CURVE_WITH_KNOTS('',3,(#2403,#2404,#2405,#2406,#2407,#2408,#2409,
#2410),.UNSPECIFIED.,.F.,.F.,(4,1,1,1,1,4),(0.E0,2.E-1,4.E-1,6.E-1,8.E-1,1.E0),
.UNSPECIFIED.);
#2428=B_SPLINE_CURVE_WITH_KNOTS('',3,(#2420,#2421,#2422,#2423,#2424,#2425,#2426,
#2427),.UNSPECIFIED.,.F.,.F.,(4,1,1,1,1,4),(0.E0,2.E-1,4.E-1,6.E-1,8.E-1,1.E0),
.UNSPECIFIED.);
#2445=B_SPLINE_CURVE_WITH_KNOTS('',3,(#2437,#2438,#2439,#2440,#2441,#2442,#2443,
#2444),.UNSPECIFIED.,.F.,.F.,(4,1,1,1,1,4),(0.E0,2.E-1,4.E-1,6.E-1,8.E-1,1.E0),
.UNSPECIFIED.);
#2454=B_SPLINE_CURVE_WITH_KNOTS('',3,(#2446,#2447,#2448,#2449,#2450,#2451,#2452,
#2453),.UNSPECIFIED.,.F.,.F.,(4,1,1,1,1,4),(0.E0,2.E-1,4.E-1,6.E-1,8.E-1,1.E0),
.UNSPECIFIED.);
#2463=B_SPLINE_CURVE_WITH_KNOTS('',3,(#2455,#2456,#2457,#2458,#2459,#2460,#2461,
#2462),.UNSPECIFIED.,.F.,.F.,(4,1,1,1,1,4),(0.E0,2.E-1,4.E-1,6.E-1,8.E-1,1.E0),
.UNSPECIFIED.);
#2480=B_SPLINE_CURVE_WITH_KNOTS('',3,(#2472,#2473,#2474,#2475,#2476,#2477,#2478,
#2479),.UNSPECIFIED.,.F.,.F.,(4,1,1,1,1,4),(0.E0,2.E-1,4.E-1,6.E-1,8.E-1,1.E0),
.UNSPECIFIED.);
#2489=B_SPLINE_CURVE_WITH_KNOTS('',3,(#2481,#2482,#2483,#2484,#2485,#2486,#2487,
#2488),.UNSPECIFIED.,.F.,.F.,(4,1,1,1,1,4),(0.E0,2.E-1,4.E-1,6.E-1,8.E-1,1.E0),
.UNSPECIFIED.);
#2502=CIRCLE('',#2501,1.09E1);
#2507=CIRCLE('',#2506,1.09E1);
#2512=CIRCLE('',#2511,1.09E1);
#2517=CIRCLE('',#2516,1.09E1);
#2522=CIRCLE('',#2521,1.09E1);
#2527=CIRCLE('',#2526,1.09E1);
#2538=B_SPLINE_CURVE_WITH_KNOTS('',3,(#2528,#2529,#2530,#2531,#2532,#2533,#2534,
#2535,#2536,#2537),.UNSPECIFIED.,.F.,.F.,(4,1,1,1,1,1,1,4),(0.E0,
1.428571428571E-1,2.857142857143E-1,4.285714285714E-1,5.714285714286E-1,
7.142857142857E-1,8.571428571429E-1,1.E0),.UNSPECIFIED.);
#2553=B_SPLINE_CURVE_WITH_KNOTS('',3,(#2543,#2544,#2545,#2546,#2547,#2548,#2549,
#2550,#2551,#2552),.UNSPECIFIED.,.F.,.F.,(4,1,1,1,1,1,1,4),(0.E0,
1.428571428571E-1,2.857142857143E-1,4.285714285714E-1,5.714285714286E-1,
7.142857142857E-1,8.571428571429E-1,1.E0),.UNSPECIFIED.);
#2564=B_SPLINE_CURVE_WITH_KNOTS('',3,(#2554,#2555,#2556,#2557,#2558,#2559,#2560,
#2561,#2562,#2563),.UNSPECIFIED.,.F.,.F.,(4,1,1,1,1,1,1,4),(0.E0,
1.428571428571E-1,2.857142857143E-1,4.285714285714E-1,5.714285714286E-1,
7.142857142857E-1,8.571428571429E-1,1.E0),.UNSPECIFIED.);
#2573=B_SPLINE_CURVE_WITH_KNOTS('',3,(#2565,#2566,#2567,#2568,#2569,#2570,#2571,
#2572),.UNSPECIFIED.,.F.,.F.,(4,1,1,1,1,4),(0.E0,2.E-1,4.E-1,6.E-1,8.E-1,1.E0),
.UNSPECIFIED.);
#2584=B_SPLINE_CURVE_WITH_KNOTS('',3,(#2574,#2575,#2576,#2577,#2578,#2579,#2580,
#2581,#2582,#2583),.UNSPECIFIED.,.F.,.F.,(4,1,1,1,1,1,1,4),(0.E0,
1.428571428571E-1,2.857142857143E-1,4.285714285714E-1,5.714285714286E-1,
7.142857142857E-1,8.571428571429E-1,1.E0),.UNSPECIFIED.);
#2595=B_SPLINE_CURVE_WITH_KNOTS('',3,(#2585,#2586,#2587,#2588,#2589,#2590,#2591,
#2592,#2593,#2594),.UNSPECIFIED.,.F.,.F.,(4,1,1,1,1,1,1,4),(0.E0,
1.428571428571E-1,2.857142857143E-1,4.285714285714E-1,5.714285714286E-1,
7.142857142857E-1,8.571428571429E-1,1.E0),.UNSPECIFIED.);
#2602=B_SPLINE_CURVE_WITH_KNOTS('',3,(#2596,#2597,#2598,#2599,#2600,#2601),
.UNSPECIFIED.,.F.,.F.,(4,1,1,4),(0.E0,3.333333333333E-1,6.666666666667E-1,1.E0),
.UNSPECIFIED.);
#2613=B_SPLINE_CURVE_WITH_KNOTS('',3,(#2603,#2604,#2605,#2606,#2607,#2608,#2609,
#2610,#2611,#2612),.UNSPECIFIED.,.F.,.F.,(4,1,1,1,1,1,1,4),(0.E0,
1.428571428571E-1,2.857142857143E-1,4.285714285714E-1,5.714285714286E-1,
7.142857142857E-1,8.571428571429E-1,1.E0),.UNSPECIFIED.);
#2621=B_SPLINE_CURVE_WITH_KNOTS('',3,(#2614,#2615,#2616,#2617,#2618,#2619,
#2620),.UNSPECIFIED.,.F.,.F.,(4,1,1,1,4),(0.E0,2.5E-1,5.E-1,7.5E-1,1.E0),
.UNSPECIFIED.);
#2627=B_SPLINE_CURVE_WITH_KNOTS('',3,(#2622,#2623,#2624,#2625,#2626),
.UNSPECIFIED.,.F.,.F.,(4,1,4),(0.E0,5.E-1,1.E0),.UNSPECIFIED.);
#2633=B_SPLINE_CURVE_WITH_KNOTS('',3,(#2628,#2629,#2630,#2631,#2632),
.UNSPECIFIED.,.F.,.F.,(4,1,4),(0.E0,5.E-1,1.E0),.UNSPECIFIED.);
#2640=B_SPLINE_CURVE_WITH_KNOTS('',3,(#2634,#2635,#2636,#2637,#2638,#2639),
.UNSPECIFIED.,.F.,.F.,(4,1,1,4),(0.E0,3.333333333333E-1,6.666666666667E-1,1.E0),
.UNSPECIFIED.);
#2646=B_SPLINE_CURVE_WITH_KNOTS('',3,(#2641,#2642,#2643,#2644,#2645),
.UNSPECIFIED.,.F.,.F.,(4,1,4),(0.E0,5.E-1,1.E0),.UNSPECIFIED.);
#2651=CIRCLE('',#2650,7.3E0);
#2657=B_SPLINE_CURVE_WITH_KNOTS('',3,(#2652,#2653,#2654,#2655,#2656),
.UNSPECIFIED.,.F.,.F.,(4,1,4),(0.E0,5.E-1,1.E0),.UNSPECIFIED.);
#2662=CIRCLE('',#2661,7.3E0);
#2668=B_SPLINE_CURVE_WITH_KNOTS('',3,(#2663,#2664,#2665,#2666,#2667),
.UNSPECIFIED.,.F.,.F.,(4,1,4),(0.E0,5.E-1,1.E0),.UNSPECIFIED.);
#2706=B_SPLINE_CURVE_WITH_KNOTS('',3,(#2669,#2670,#2671,#2672,#2673,#2674,#2675,
#2676,#2677,#2678,#2679,#2680,#2681,#2682,#2683,#2684,#2685,#2686,#2687,#2688,
#2689,#2690,#2691,#2692,#2693,#2694,#2695,#2696,#2697,#2698,#2699,#2700,#2701,
#2702,#2703,#2704,#2705),.UNSPECIFIED.,.F.,.F.,(4,1,1,1,1,1,1,1,1,1,1,1,1,1,1,1,
1,1,1,1,1,1,1,1,1,1,1,1,1,1,1,1,1,1,4),(0.E0,2.941176470588E-2,
5.882352941176E-2,8.823529411765E-2,1.176470588235E-1,1.470588235294E-1,
1.764705882353E-1,2.058823529412E-1,2.352941176471E-1,2.647058823529E-1,
2.941176470588E-1,3.235294117647E-1,3.529411764706E-1,3.823529411765E-1,
4.117647058824E-1,4.411764705882E-1,4.705882352941E-1,5.E-1,5.294117647059E-1,
5.588235294118E-1,5.882352941176E-1,6.176470588235E-1,6.470588235294E-1,
6.764705882353E-1,7.058823529412E-1,7.352941176471E-1,7.647058823529E-1,
7.941176470588E-1,8.235294117647E-1,8.529411764706E-1,8.823529411765E-1,
9.117647058824E-1,9.411764705882E-1,9.705882352941E-1,1.E0),.UNSPECIFIED.);
#2711=CIRCLE('',#2710,7.9E0);
#2717=B_SPLINE_CURVE_WITH_KNOTS('',3,(#2712,#2713,#2714,#2715,#2716),
.UNSPECIFIED.,.F.,.F.,(4,1,4),(0.E0,5.E-1,1.E0),.UNSPECIFIED.);
#2729=B_SPLINE_CURVE_WITH_KNOTS('',3,(#2718,#2719,#2720,#2721,#2722,#2723,#2724,
#2725,#2726,#2727,#2728),.UNSPECIFIED.,.F.,.F.,(4,1,1,1,1,1,1,1,4),(0.E0,
1.25E-1,2.5E-1,3.75E-1,5.E-1,6.25E-1,7.5E-1,8.75E-1,1.E0),.UNSPECIFIED.);
#2740=B_SPLINE_CURVE_WITH_KNOTS('',3,(#2734,#2735,#2736,#2737,#2738,#2739),
.UNSPECIFIED.,.F.,.F.,(4,1,1,4),(0.E0,3.333333333333E-1,6.666666666667E-1,1.E0),
.UNSPECIFIED.);
#2747=B_SPLINE_CURVE_WITH_KNOTS('',3,(#2741,#2742,#2743,#2744,#2745,#2746),
.UNSPECIFIED.,.F.,.F.,(4,1,1,4),(0.E0,3.333333333333E-1,6.666666666667E-1,1.E0),
.UNSPECIFIED.);
#2754=B_SPLINE_CURVE_WITH_KNOTS('',3,(#2748,#2749,#2750,#2751,#2752,#2753),
.UNSPECIFIED.,.F.,.F.,(4,1,1,4),(0.E0,3.333333333333E-1,6.666666666667E-1,1.E0),
.UNSPECIFIED.);
#2759=CIRCLE('',#2758,6.9E0);
#2778=B_SPLINE_CURVE_WITH_KNOTS('',3,(#2764,#2765,#2766,#2767,#2768,#2769,#2770,
#2771,#2772,#2773,#2774,#2775,#2776,#2777),.UNSPECIFIED.,.F.,.F.,(4,1,1,1,1,1,1,
1,1,1,1,4),(0.E0,9.090909090909E-2,1.818181818182E-1,2.727272727273E-1,
3.636363636364E-1,4.545454545455E-1,5.454545454545E-1,6.363636363636E-1,
7.272727272727E-1,8.181818181818E-1,9.090909090909E-1,1.E0),.UNSPECIFIED.);
#2787=CIRCLE('',#2786,6.9E0);
#2801=B_SPLINE_CURVE_WITH_KNOTS('',3,(#2788,#2789,#2790,#2791,#2792,#2793,#2794,
#2795,#2796,#2797,#2798,#2799,#2800),.UNSPECIFIED.,.F.,.F.,(4,1,1,1,1,1,1,1,1,1,
4),(0.E0,1.E-1,2.E-1,3.E-1,4.E-1,5.E-1,6.E-1,7.E-1,8.E-1,9.E-1,1.E0),
.UNSPECIFIED.);
#2806=CIRCLE('',#2805,1.E0);
#2820=B_SPLINE_CURVE_WITH_KNOTS('',3,(#2807,#2808,#2809,#2810,#2811,#2812,#2813,
#2814,#2815,#2816,#2817,#2818,#2819),.UNSPECIFIED.,.F.,.F.,(4,1,1,1,1,1,1,1,1,1,
4),(0.E0,1.E-1,2.E-1,3.E-1,4.E-1,5.E-1,6.E-1,7.E-1,8.E-1,9.E-1,1.E0),
.UNSPECIFIED.);
#2825=CIRCLE('',#2824,1.E0);
#2839=B_SPLINE_CURVE_WITH_KNOTS('',3,(#2826,#2827,#2828,#2829,#2830,#2831,#2832,
#2833,#2834,#2835,#2836,#2837,#2838),.UNSPECIFIED.,.F.,.F.,(4,1,1,1,1,1,1,1,1,1,
4),(0.E0,1.E-1,2.E-1,3.E-1,4.E-1,5.E-1,6.E-1,7.E-1,8.E-1,9.E-1,1.E0),
.UNSPECIFIED.);
#2844=CIRCLE('',#2843,1.E0);
#2862=B_SPLINE_CURVE_WITH_KNOTS('',3,(#2845,#2846,#2847,#2848,#2849,#2850,#2851,
#2852,#2853,#2854,#2855,#2856,#2857,#2858,#2859,#2860,#2861),.UNSPECIFIED.,.F.,
.F.,(4,1,1,1,1,1,1,1,1,1,1,1,1,1,4),(0.E0,7.142857142857E-2,1.428571428571E-1,
2.142857142857E-1,2.857142857143E-1,3.571428571429E-1,4.285714285714E-1,5.E-1,
5.714285714286E-1,6.428571428571E-1,7.142857142857E-1,7.857142857143E-1,
8.571428571429E-1,9.285714285714E-1,1.E0),.UNSPECIFIED.);
#2867=CIRCLE('',#2866,1.E0);
#2872=CIRCLE('',#2871,5.5E0);
#2881=CIRCLE('',#2880,5.5E0);
#2886=CIRCLE('',#2885,5.5E0);
#2905=B_SPLINE_CURVE_WITH_KNOTS('',3,(#2891,#2892,#2893,#2894,#2895,#2896,#2897,
#2898,#2899,#2900,#2901,#2902,#2903,#2904),.UNSPECIFIED.,.F.,.F.,(4,1,1,1,1,1,1,
1,1,1,1,4),(0.E0,9.090909090909E-2,1.818181818182E-1,2.727272727273E-1,
3.636363636364E-1,4.545454545455E-1,5.454545454545E-1,6.363636363636E-1,
7.272727272727E-1,8.181818181818E-1,9.090909090909E-1,1.E0),.UNSPECIFIED.);
#2910=CIRCLE('',#2909,1.E0);
#2924=B_SPLINE_CURVE_WITH_KNOTS('',3,(#2911,#2912,#2913,#2914,#2915,#2916,#2917,
#2918,#2919,#2920,#2921,#2922,#2923),.UNSPECIFIED.,.F.,.F.,(4,1,1,1,1,1,1,1,1,1,
4),(0.E0,1.E-1,2.E-1,3.E-1,4.E-1,5.E-1,6.E-1,7.E-1,8.E-1,9.E-1,1.E0),
.UNSPECIFIED.);
#2929=CIRCLE('',#2928,1.E0);
#2938=CIRCLE('',#2937,6.9E0);
#2953=B_SPLINE_CURVE_WITH_KNOTS('',3,(#2939,#2940,#2941,#2942,#2943,#2944,#2945,
#2946,#2947,#2948,#2949,#2950,#2951,#2952),.UNSPECIFIED.,.F.,.F.,(4,1,1,1,1,1,1,
1,1,1,1,4),(0.E0,9.090909090909E-2,1.818181818182E-1,2.727272727273E-1,
3.636363636364E-1,4.545454545455E-1,5.454545454545E-1,6.363636363636E-1,
7.272727272727E-1,8.181818181818E-1,9.090909090909E-1,1.E0),.UNSPECIFIED.);
#2958=CIRCLE('',#2957,6.9E0);
#2979=B_SPLINE_CURVE_WITH_KNOTS('',3,(#2963,#2964,#2965,#2966,#2967,#2968,#2969,
#2970,#2971,#2972,#2973,#2974,#2975,#2976,#2977,#2978),.UNSPECIFIED.,.F.,.F.,(4,
1,1,1,1,1,1,1,1,1,1,1,1,4),(0.E0,7.692307692308E-2,1.538461538462E-1,
2.307692307692E-1,3.076923076923E-1,3.846153846154E-1,4.615384615385E-1,
5.384615384615E-1,6.153846153846E-1,6.923076923077E-1,7.692307692308E-1,
8.461538461538E-1,9.230769230769E-1,1.E0),.UNSPECIFIED.);
#2993=B_SPLINE_CURVE_WITH_KNOTS('',3,(#2980,#2981,#2982,#2983,#2984,#2985,#2986,
#2987,#2988,#2989,#2990,#2991,#2992),.UNSPECIFIED.,.F.,.F.,(4,1,1,1,1,1,1,1,1,1,
4),(0.E0,1.E-1,2.E-1,3.E-1,4.E-1,5.E-1,6.E-1,7.E-1,8.E-1,9.E-1,1.E0),
.UNSPECIFIED.);
#2998=CIRCLE('',#2997,1.E0);
#3015=B_SPLINE_CURVE_WITH_KNOTS('',3,(#2999,#3000,#3001,#3002,#3003,#3004,#3005,
#3006,#3007,#3008,#3009,#3010,#3011,#3012,#3013,#3014),.UNSPECIFIED.,.F.,.F.,(4,
1,1,1,1,1,1,1,1,1,1,1,1,4),(0.E0,7.692307692308E-2,1.538461538462E-1,
2.307692307692E-1,3.076923076923E-1,3.846153846154E-1,4.615384615385E-1,
5.384615384615E-1,6.153846153846E-1,6.923076923077E-1,7.692307692308E-1,
8.461538461538E-1,9.230769230769E-1,1.E0),.UNSPECIFIED.);
#3020=CIRCLE('',#3019,1.E0);
#3033=CIRCLE('',#3032,6.700001037251E0);
#3038=CIRCLE('',#3037,6.700001037251E0);
#3043=CIRCLE('',#3042,6.700001037251E0);
#3048=CIRCLE('',#3047,6.700001037251E0);
#3053=CIRCLE('',#3052,6.300000646021E0);
#3058=CIRCLE('',#3057,6.300000646021E0);
#3063=CIRCLE('',#3062,6.300000646021E0);
#3068=CIRCLE('',#3067,6.300000646021E0);
#3079=B_SPLINE_CURVE_WITH_KNOTS('',3,(#3073,#3074,#3075,#3076,#3077,#3078),
.UNSPECIFIED.,.F.,.F.,(4,1,1,4),(0.E0,3.333333333333E-1,6.666666666667E-1,1.E0),
.UNSPECIFIED.);
#3090=B_SPLINE_CURVE_WITH_KNOTS('',3,(#3084,#3085,#3086,#3087,#3088,#3089),
.UNSPECIFIED.,.F.,.F.,(4,1,1,4),(0.E0,3.333333333333E-1,6.666666666667E-1,1.E0),
.UNSPECIFIED.);
#3097=B_SPLINE_CURVE_WITH_KNOTS('',3,(#3091,#3092,#3093,#3094,#3095,#3096),
.UNSPECIFIED.,.F.,.F.,(4,1,1,4),(0.E0,3.333333333333E-1,6.666666666667E-1,1.E0),
.UNSPECIFIED.);
#3102=CIRCLE('',#3101,6.4E0);
#3107=CIRCLE('',#3106,6.4E0);
#3124=CIRCLE('',#3123,6.4E0);
#3145=CIRCLE('',#3144,4.2E0);
#3150=CIRCLE('',#3149,6.4E0);
#3163=CIRCLE('',#3162,4.2E0);
#3192=CIRCLE('',#3191,1.1E0);
#3197=CIRCLE('',#3196,1.1E0);
#3202=CIRCLE('',#3201,1.1E0);
#3207=CIRCLE('',#3206,1.1E0);
#3212=CIRCLE('',#3211,1.1E0);
#3217=CIRCLE('',#3216,1.1E0);
#3230=CIRCLE('',#3229,9.E-1);
#3239=CIRCLE('',#3238,9.E-1);
#3248=CIRCLE('',#3247,9.E-1);
#3253=CIRCLE('',#3252,9.E-1);
#3258=CIRCLE('',#3257,9.E-1);
#3263=CIRCLE('',#3262,9.E-1);
#3268=CIRCLE('',#3267,9.E-1);
#3273=CIRCLE('',#3272,9.E-1);
#3278=CIRCLE('',#3277,9.E-1);
#3295=CIRCLE('',#3294,9.E-1);
#3304=CIRCLE('',#3303,9.E-1);
#3321=CIRCLE('',#3320,9.E-1);
#3336=B_SPLINE_CURVE_WITH_KNOTS('',3,(#3330,#3331,#3332,#3333,#3334,#3335),
.UNSPECIFIED.,.F.,.F.,(4,1,1,4),(0.E0,3.333333333333E-1,6.666666666667E-1,1.E0),
.UNSPECIFIED.);
#3353=CIRCLE('',#3352,4.999999999999E-1);
#3366=CIRCLE('',#3365,4.999999999999E-1);
#3381=B_SPLINE_CURVE_WITH_KNOTS('',3,(#3367,#3368,#3369,#3370,#3371,#3372,#3373,
#3374,#3375,#3376,#3377,#3378,#3379,#3380),.UNSPECIFIED.,.F.,.F.,(4,1,1,1,1,1,1,
1,1,1,1,4),(0.E0,9.090909090909E-2,1.818181818182E-1,2.727272727273E-1,
3.636363636364E-1,4.545454545455E-1,5.454545454545E-1,6.363636363636E-1,
7.272727272727E-1,8.181818181818E-1,9.090909090909E-1,1.E0),.UNSPECIFIED.);
#3386=CIRCLE('',#3385,1.E0);
#3400=B_SPLINE_CURVE_WITH_KNOTS('',3,(#3387,#3388,#3389,#3390,#3391,#3392,#3393,
#3394,#3395,#3396,#3397,#3398,#3399),.UNSPECIFIED.,.F.,.F.,(4,1,1,1,1,1,1,1,1,1,
4),(0.E0,1.E-1,2.E-1,3.E-1,4.E-1,5.E-1,6.E-1,7.E-1,8.E-1,9.E-1,1.E0),
.UNSPECIFIED.);
#3405=CIRCLE('',#3404,1.E0);
#3419=B_SPLINE_CURVE_WITH_KNOTS('',3,(#3406,#3407,#3408,#3409,#3410,#3411,#3412,
#3413,#3414,#3415,#3416,#3417,#3418),.UNSPECIFIED.,.F.,.F.,(4,1,1,1,1,1,1,1,1,1,
4),(0.E0,1.E-1,2.E-1,3.E-1,4.E-1,5.E-1,6.E-1,7.E-1,8.E-1,9.E-1,1.E0),
.UNSPECIFIED.);
#3424=CIRCLE('',#3423,1.E0);
#3441=B_SPLINE_CURVE_WITH_KNOTS('',3,(#3425,#3426,#3427,#3428,#3429,#3430,#3431,
#3432,#3433,#3434,#3435,#3436,#3437,#3438,#3439,#3440),.UNSPECIFIED.,.F.,.F.,(4,
1,1,1,1,1,1,1,1,1,1,1,1,4),(0.E0,7.692307692308E-2,1.538461538462E-1,
2.307692307692E-1,3.076923076923E-1,3.846153846154E-1,4.615384615385E-1,
5.384615384615E-1,6.153846153846E-1,6.923076923077E-1,7.692307692308E-1,
8.461538461538E-1,9.230769230769E-1,1.E0),.UNSPECIFIED.);
#3446=CIRCLE('',#3445,1.E0);
#3456=B_SPLINE_CURVE_WITH_KNOTS('',3,(#3447,#3448,#3449,#3450,#3451,#3452,#3453,
#3454,#3455),.UNSPECIFIED.,.F.,.F.,(4,1,1,1,1,1,4),(0.E0,1.666666666667E-1,
3.333333333333E-1,5.E-1,6.666666666667E-1,8.333333333333E-1,1.E0),
.UNSPECIFIED.);
#3467=B_SPLINE_CURVE_WITH_KNOTS('',3,(#3457,#3458,#3459,#3460,#3461,#3462,#3463,
#3464,#3465,#3466),.UNSPECIFIED.,.F.,.F.,(4,1,1,1,1,1,1,4),(0.E0,
1.428571428571E-1,2.857142857143E-1,4.285714285714E-1,5.714285714286E-1,
7.142857142857E-1,8.571428571429E-1,1.E0),.UNSPECIFIED.);
#3478=B_SPLINE_CURVE_WITH_KNOTS('',3,(#3468,#3469,#3470,#3471,#3472,#3473,#3474,
#3475,#3476,#3477),.UNSPECIFIED.,.F.,.F.,(4,1,1,1,1,1,1,4),(0.E0,
1.428571428571E-1,2.857142857143E-1,4.285714285714E-1,5.714285714286E-1,
7.142857142857E-1,8.571428571429E-1,1.E0),.UNSPECIFIED.);
#3517=B_SPLINE_CURVE_WITH_KNOTS('',3,(#3479,#3480,#3481,#3482,#3483,#3484,#3485,
#3486,#3487,#3488,#3489,#3490,#3491,#3492,#3493,#3494,#3495,#3496,#3497,#3498,
#3499,#3500,#3501,#3502,#3503,#3504,#3505,#3506,#3507,#3508,#3509,#3510,#3511,
#3512,#3513,#3514,#3515,#3516),.UNSPECIFIED.,.F.,.F.,(4,1,1,1,1,1,1,1,1,1,1,1,1,
1,1,1,1,1,1,1,1,1,1,1,1,1,1,1,1,1,1,1,1,1,1,4),(0.E0,2.857142857143E-2,
5.714285714286E-2,8.571428571429E-2,1.142857142857E-1,1.428571428571E-1,
1.714285714286E-1,2.E-1,2.285714285714E-1,2.571428571429E-1,2.857142857143E-1,
3.142857142857E-1,3.428571428571E-1,3.714285714286E-1,4.E-1,4.285714285714E-1,
4.571428571429E-1,4.857142857143E-1,5.142857142857E-1,5.428571428571E-1,
5.714285714286E-1,6.E-1,6.285714285714E-1,6.571428571429E-1,6.857142857143E-1,
7.142857142857E-1,7.428571428571E-1,7.714285714286E-1,8.E-1,8.285714285714E-1,
8.571428571429E-1,8.857142857143E-1,9.142857142857E-1,9.428571428571E-1,
9.714285714286E-1,1.E0),.UNSPECIFIED.);
#3560=B_SPLINE_CURVE_WITH_KNOTS('',3,(#3522,#3523,#3524,#3525,#3526,#3527,#3528,
#3529,#3530,#3531,#3532,#3533,#3534,#3535,#3536,#3537,#3538,#3539,#3540,#3541,
#3542,#3543,#3544,#3545,#3546,#3547,#3548,#3549,#3550,#3551,#3552,#3553,#3554,
#3555,#3556,#3557,#3558,#3559),.UNSPECIFIED.,.F.,.F.,(4,1,1,1,1,1,1,1,1,1,1,1,1,
1,1,1,1,1,1,1,1,1,1,1,1,1,1,1,1,1,1,1,1,1,1,4),(0.E0,2.857142857143E-2,
5.714285714286E-2,8.571428571429E-2,1.142857142857E-1,1.428571428571E-1,
1.714285714286E-1,2.E-1,2.285714285714E-1,2.571428571429E-1,2.857142857143E-1,
3.142857142857E-1,3.428571428571E-1,3.714285714286E-1,4.E-1,4.285714285714E-1,
4.571428571429E-1,4.857142857143E-1,5.142857142857E-1,5.428571428571E-1,
5.714285714286E-1,6.E-1,6.285714285714E-1,6.571428571429E-1,6.857142857143E-1,
7.142857142857E-1,7.428571428571E-1,7.714285714286E-1,8.E-1,8.285714285714E-1,
8.571428571429E-1,8.857142857143E-1,9.142857142857E-1,9.428571428571E-1,
9.714285714286E-1,1.E0),.UNSPECIFIED.);
#3573=B_SPLINE_CURVE_WITH_KNOTS('',3,(#3565,#3566,#3567,#3568,#3569,#3570,#3571,
#3572),.UNSPECIFIED.,.F.,.F.,(4,1,1,1,1,4),(0.E0,2.E-1,4.E-1,6.E-1,8.E-1,1.E0),
.UNSPECIFIED.);
#3585=B_SPLINE_CURVE_WITH_KNOTS('',3,(#3578,#3579,#3580,#3581,#3582,#3583,
#3584),.UNSPECIFIED.,.F.,.F.,(4,1,1,1,4),(0.E0,2.5E-1,5.E-1,7.5E-1,1.E0),
.UNSPECIFIED.);
#3639=B_SPLINE_CURVE_WITH_KNOTS('',3,(#3598,#3599,#3600,#3601,#3602,#3603,#3604,
#3605,#3606,#3607,#3608,#3609,#3610,#3611,#3612,#3613,#3614,#3615,#3616,#3617,
#3618,#3619,#3620,#3621,#3622,#3623,#3624,#3625,#3626,#3627,#3628,#3629,#3630,
#3631,#3632,#3633,#3634,#3635,#3636,#3637,#3638),.UNSPECIFIED.,.F.,.F.,(4,1,1,1,
1,1,1,1,1,1,1,1,1,1,1,1,1,1,1,1,1,1,1,1,1,1,1,1,1,1,1,1,1,1,1,1,1,1,4),(0.E0,
2.631578947368E-2,5.263157894737E-2,7.894736842105E-2,1.052631578947E-1,
1.315789473684E-1,1.578947368421E-1,1.842105263158E-1,2.105263157895E-1,
2.368421052632E-1,2.631578947368E-1,2.894736842105E-1,3.157894736842E-1,
3.421052631579E-1,3.684210526316E-1,3.947368421053E-1,4.210526315789E-1,
4.473684210526E-1,4.736842105263E-1,5.E-1,5.263157894737E-1,5.526315789474E-1,
5.789473684211E-1,6.052631578947E-1,6.315789473684E-1,6.578947368421E-1,
6.842105263158E-1,7.105263157895E-1,7.368421052632E-1,7.631578947368E-1,
7.894736842105E-1,8.157894736842E-1,8.421052631579E-1,8.684210526316E-1,
8.947368421053E-1,9.210526315789E-1,9.473684210526E-1,9.736842105263E-1,1.E0),
.UNSPECIFIED.);
#3689=B_SPLINE_CURVE_WITH_KNOTS('',3,(#3648,#3649,#3650,#3651,#3652,#3653,#3654,
#3655,#3656,#3657,#3658,#3659,#3660,#3661,#3662,#3663,#3664,#3665,#3666,#3667,
#3668,#3669,#3670,#3671,#3672,#3673,#3674,#3675,#3676,#3677,#3678,#3679,#3680,
#3681,#3682,#3683,#3684,#3685,#3686,#3687,#3688),.UNSPECIFIED.,.F.,.F.,(4,1,1,1,
1,1,1,1,1,1,1,1,1,1,1,1,1,1,1,1,1,1,1,1,1,1,1,1,1,1,1,1,1,1,1,1,1,1,4),(0.E0,
2.631578947368E-2,5.263157894737E-2,7.894736842105E-2,1.052631578947E-1,
1.315789473684E-1,1.578947368421E-1,1.842105263158E-1,2.105263157895E-1,
2.368421052632E-1,2.631578947368E-1,2.894736842105E-1,3.157894736842E-1,
3.421052631579E-1,3.684210526316E-1,3.947368421053E-1,4.210526315789E-1,
4.473684210526E-1,4.736842105263E-1,5.E-1,5.263157894737E-1,5.526315789474E-1,
5.789473684211E-1,6.052631578947E-1,6.315789473684E-1,6.578947368421E-1,
6.842105263158E-1,7.105263157895E-1,7.368421052632E-1,7.631578947368E-1,
7.894736842105E-1,8.157894736842E-1,8.421052631579E-1,8.684210526316E-1,
8.947368421053E-1,9.210526315789E-1,9.473684210526E-1,9.736842105263E-1,1.E0),
.UNSPECIFIED.);
#3695=B_SPLINE_CURVE_WITH_KNOTS('',3,(#3690,#3691,#3692,#3693,#3694),
.UNSPECIFIED.,.F.,.F.,(4,1,4),(0.E0,5.E-1,1.E0),.UNSPECIFIED.);
#3729=B_SPLINE_CURVE_WITH_KNOTS('',3,(#3696,#3697,#3698,#3699,#3700,#3701,#3702,
#3703,#3704,#3705,#3706,#3707,#3708,#3709,#3710,#3711,#3712,#3713,#3714,#3715,
#3716,#3717,#3718,#3719,#3720,#3721,#3722,#3723,#3724,#3725,#3726,#3727,#3728),
.UNSPECIFIED.,.F.,.F.,(4,1,1,1,1,1,1,1,1,1,1,1,1,1,1,1,1,1,1,1,1,1,1,1,1,1,1,1,
1,1,4),(0.E0,3.333333333333E-2,6.666666666667E-2,1.E-1,1.333333333333E-1,
1.666666666667E-1,2.E-1,2.333333333333E-1,2.666666666667E-1,3.E-1,
3.333333333333E-1,3.666666666667E-1,4.E-1,4.333333333333E-1,4.666666666667E-1,
5.E-1,5.333333333333E-1,5.666666666667E-1,6.E-1,6.333333333333E-1,
6.666666666667E-1,7.E-1,7.333333333333E-1,7.666666666667E-1,8.E-1,
8.333333333333E-1,8.666666666667E-1,9.E-1,9.333333333333E-1,9.666666666667E-1,
1.E0),.UNSPECIFIED.);
#3742=B_SPLINE_CURVE_WITH_KNOTS('',3,(#3734,#3735,#3736,#3737,#3738,#3739,#3740,
#3741),.UNSPECIFIED.,.F.,.F.,(4,1,1,1,1,4),(0.E0,2.E-1,4.E-1,6.E-1,8.E-1,1.E0),
.UNSPECIFIED.);
#3751=B_SPLINE_CURVE_WITH_KNOTS('',3,(#3743,#3744,#3745,#3746,#3747,#3748,#3749,
#3750),.UNSPECIFIED.,.F.,.F.,(4,1,1,1,1,4),(0.E0,2.E-1,4.E-1,6.E-1,8.E-1,1.E0),
.UNSPECIFIED.);
#3768=B_SPLINE_CURVE_WITH_KNOTS('',3,(#3760,#3761,#3762,#3763,#3764,#3765,#3766,
#3767),.UNSPECIFIED.,.F.,.F.,(4,1,1,1,1,4),(0.E0,2.E-1,4.E-1,6.E-1,8.E-1,1.E0),
.UNSPECIFIED.);
#3777=B_SPLINE_CURVE_WITH_KNOTS('',3,(#3769,#3770,#3771,#3772,#3773,#3774,#3775,
#3776),.UNSPECIFIED.,.F.,.F.,(4,1,1,1,1,4),(0.E0,2.E-1,4.E-1,6.E-1,8.E-1,1.E0),
.UNSPECIFIED.);
#3794=CIRCLE('',#3793,7.75E0);
#3803=CIRCLE('',#3802,7.75E0);
#3808=CIRCLE('',#3807,7.45E0);
#3813=CIRCLE('',#3812,7.45E0);
#3818=CIRCLE('',#3817,6.95E0);
#3831=CIRCLE('',#3830,6.95E0);
#3836=CIRCLE('',#3835,6.95E0);
#3841=CIRCLE('',#3840,6.95E0);
#3850=CIRCLE('',#3849,6.95E0);
#3859=CIRCLE('',#3858,6.95E0);
#3864=CIRCLE('',#3863,8.5E-1);
#3869=CIRCLE('',#3868,8.5E-1);
#4587=EDGE_CURVE('',#3933,#3899,#799,.T.);
#4589=EDGE_CURVE('',#3937,#3933,#835,.T.);
#4591=EDGE_CURVE('',#3877,#3937,#847,.T.);
#4593=EDGE_CURVE('',#3872,#3877,#708,.T.);
#4595=EDGE_CURVE('',#3872,#3873,#28,.T.);
#4597=EDGE_CURVE('',#3875,#3873,#741,.T.);
#4599=EDGE_CURVE('',#3875,#3935,#32,.T.);
#4601=EDGE_CURVE('',#3931,#3935,#776,.T.);
#4603=EDGE_CURVE('',#3931,#3899,#790,.T.);
#4607=EDGE_CURVE('',#3881,#3885,#18,.T.);
#4609=EDGE_CURVE('',#3881,#3885,#23,.T.);
#4613=EDGE_CURVE('',#4414,#4415,#333,.T.);
#4615=EDGE_CURVE('',#4430,#4415,#2219,.T.);
#4617=EDGE_CURVE('',#4429,#4430,#627,.T.);
#4619=EDGE_CURVE('',#4428,#4429,#2184,.T.);
#4621=EDGE_CURVE('',#4434,#4428,#2334,.T.);
#4623=EDGE_CURVE('',#4414,#4434,#2297,.T.);
#4627=ADVANCED_FACE('',(#4606,#4612,#4626),#4586,.F.);
#4633=EDGE_CURVE('',#4344,#4325,#71,.T.);
#4635=EDGE_CURVE('',#4339,#4325,#75,.T.);
#4637=EDGE_CURVE('',#4339,#4348,#114,.T.);
#4639=EDGE_CURVE('',#4344,#4348,#118,.T.);
#4643=ADVANCED_FACE('',(#4642),#4632,.T.);
#4649=EDGE_CURVE('',#4353,#4345,#157,.T.);
#4651=EDGE_CURVE('',#4350,#4345,#161,.T.);
#4653=EDGE_CURVE('',#4350,#4358,#200,.T.);
#4655=EDGE_CURVE('',#4358,#4353,#204,.T.);
#4659=ADVANCED_FACE('',(#4658),#4648,.T.);
#4665=EDGE_CURVE('',#4297,#4337,#241,.T.);
#4667=EDGE_CURVE('',#4320,#4337,#245,.T.);
#4669=EDGE_CURVE('',#4320,#4321,#284,.T.);
#4671=EDGE_CURVE('',#4324,#4321,#288,.T.);
#4673=EDGE_CURVE('',#4297,#4324,#294,.T.);
#4677=ADVANCED_FACE('',(#4676),#4664,.T.);
#4683=EDGE_CURVE('',#4317,#4314,#298,.T.);
#4685=EDGE_CURVE('',#4359,#4314,#2711,.T.);
#4687=EDGE_CURVE('',#4295,#4359,#304,.T.);
#4689=EDGE_CURVE('',#4295,#4317,#310,.T.);
#4693=ADVANCED_FACE('',(#4692),#4682,.T.);
#4699=EDGE_CURVE('',#4410,#4411,#315,.T.);
#4701=EDGE_CURVE('',#4376,#4411,#319,.T.);
#4703=EDGE_CURVE('',#4376,#4377,#324,.T.);
#4705=EDGE_CURVE('',#4377,#4410,#328,.T.);
#4709=ADVANCED_FACE('',(#4708),#4698,.T.);
#4716=EDGE_CURVE('',#4414,#4418,#346,.T.);
#4718=EDGE_CURVE('',#4418,#4419,#351,.T.);
#4720=EDGE_CURVE('',#4419,#4415,#364,.T.);
#4724=ADVANCED_FACE('',(#4723),#4714,.T.);
#4730=EDGE_CURVE('',#4422,#4423,#369,.T.);
#4732=EDGE_CURVE('',#4422,#4354,#383,.T.);
#4734=EDGE_CURVE('',#4356,#4354,#387,.T.);
#4736=EDGE_CURVE('',#4356,#4423,#396,.T.);
#4740=ADVANCED_FACE('',(#4739),#4729,.T.);
#4882=EDGE_CURVE('',#4323,#4324,#407,.T.);
#4884=EDGE_CURVE('',#4289,#4323,#415,.T.);
#4886=EDGE_CURVE('',#4289,#4297,#419,.T.);
#4891=ADVANCED_FACE('',(#4890),#4881,.F.);
#5033=EDGE_CURVE('',#4325,#4326,#430,.T.);
#5036=EDGE_CURVE('',#4341,#4344,#441,.T.);
#5038=EDGE_CURVE('',#4326,#4341,#483,.T.);
#5042=ADVANCED_FACE('',(#5041),#5032,.F.);
#5184=EDGE_CURVE('',#4345,#4343,#492,.T.);
#5187=EDGE_CURVE('',#4347,#4353,#503,.T.);
#5189=EDGE_CURVE('',#4343,#4347,#545,.T.);
#5193=ADVANCED_FACE('',(#5192),#5183,.F.);
#5335=EDGE_CURVE('',#4422,#4427,#564,.T.);
#5337=EDGE_CURVE('',#4352,#4427,#596,.T.);
#5339=EDGE_CURVE('',#4354,#4352,#607,.T.);
#5344=ADVANCED_FACE('',(#5343),#5334,.F.);
#5350=EDGE_CURVE('',#4438,#4439,#611,.T.);
#5352=EDGE_CURVE('',#4438,#4376,#1591,.T.);
#5355=EDGE_CURVE('',#4411,#4439,#615,.T.);
#5359=ADVANCED_FACE('',(#5358),#5349,.F.);
#5365=EDGE_CURVE('',#4441,#4410,#619,.T.);
#5368=EDGE_CURVE('',#4377,#4443,#1587,.T.);
#5370=EDGE_CURVE('',#4443,#4441,#623,.T.);
#5374=ADVANCED_FACE('',(#5373),#5364,.F.);
#5381=EDGE_CURVE('',#4430,#4431,#2235,.T.);
#5383=EDGE_CURVE('',#4432,#4431,#631,.T.);
#5385=EDGE_CURVE('',#4432,#4429,#2192,.T.);
#5389=ADVANCED_FACE('',(#5388),#5379,.F.);
#5395=EDGE_CURVE('',#4425,#4426,#635,.T.);
#5397=EDGE_CURVE('',#4426,#4356,#2627,.T.);
#5401=EDGE_CURVE('',#4352,#4349,#3733,.T.);
#5403=EDGE_CURVE('',#4349,#4350,#2613,.T.);
#5407=EDGE_CURVE('',#4343,#4338,#3643,.T.);
#5409=EDGE_CURVE('',#4338,#4339,#2573,.T.);
#5413=EDGE_CURVE('',#4326,#4319,#3593,.T.);
#5415=EDGE_CURVE('',#4319,#4320,#2553,.T.);
#5418=EDGE_CURVE('',#4337,#4333,#3478,.T.);
#5420=EDGE_CURVE('',#4333,#4334,#3521,.T.);
#5422=EDGE_CURVE('',#4334,#4361,#2640,.T.);
#5424=EDGE_CURVE('',#4330,#4361,#2668,.T.);
#5426=EDGE_CURVE('',#4329,#4330,#2733,.T.);
#5428=EDGE_CURVE('',#4360,#4329,#2646,.T.);
#5430=EDGE_CURVE('',#4360,#4336,#2633,.T.);
#5432=EDGE_CURVE('',#4336,#4316,#3564,.T.);
#5434=EDGE_CURVE('',#4316,#4315,#3456,.T.);
#5436=EDGE_CURVE('',#4314,#4315,#2717,.T.);
#5439=EDGE_CURVE('',#4317,#4318,#2538,.T.);
#5441=EDGE_CURVE('',#4318,#4323,#3577,.T.);
#5445=EDGE_CURVE('',#4321,#4322,#2564,.T.);
#5447=EDGE_CURVE('',#4322,#4341,#3597,.T.);
#5451=EDGE_CURVE('',#4348,#4346,#2584,.T.);
#5453=EDGE_CURVE('',#4346,#4347,#3647,.T.);
#5457=EDGE_CURVE('',#4358,#4425,#2602,.T.);
#5461=ADVANCED_FACE('',(#5460),#5394,.F.);
#5467=EDGE_CURVE('',#4439,#4441,#640,.T.);
#5470=EDGE_CURVE('',#4443,#4438,#645,.T.);
#5475=ADVANCED_FACE('',(#5474),#5466,.T.);
#5481=EDGE_CURVE('',#3908,#3909,#649,.T.);
#5483=EDGE_CURVE('',#3909,#3939,#654,.T.);
#5485=EDGE_CURVE('',#3939,#3901,#659,.T.);
#5487=EDGE_CURVE('',#3901,#3945,#664,.T.);
#5489=EDGE_CURVE('',#3945,#3929,#669,.T.);
#5491=EDGE_CURVE('',#3929,#3925,#673,.T.);
#5493=EDGE_CURVE('',#3925,#3921,#678,.T.);
#5495=EDGE_CURVE('',#3921,#3917,#683,.T.);
#5497=EDGE_CURVE('',#3917,#3908,#688,.T.);
#5507=ADVANCED_FACE('',(#5500,#5506),#5480,.T.);
#5514=EDGE_CURVE('',#3912,#3908,#693,.T.);
#5516=EDGE_CURVE('',#3912,#3913,#839,.T.);
#5518=EDGE_CURVE('',#3913,#3909,#817,.T.);
#5522=ADVANCED_FACE('',(#5521),#5512,.T.);
#5528=EDGE_CURVE('',#3915,#3912,#703,.T.);
#5532=EDGE_CURVE('',#3915,#3917,#698,.T.);
#5536=ADVANCED_FACE('',(#5535),#5527,.T.);
#5543=EDGE_CURVE('',#3872,#3915,#721,.T.);
#5546=EDGE_CURVE('',#3877,#3912,#843,.T.);
#5550=ADVANCED_FACE('',(#5549),#5541,.F.);
#5556=EDGE_CURVE('',#3919,#3915,#713,.T.);
#5558=EDGE_CURVE('',#3873,#3919,#717,.T.);
#5564=ADVANCED_FACE('',(#5563),#5555,.T.);
#5573=EDGE_CURVE('',#3919,#3921,#726,.T.);
#5577=ADVANCED_FACE('',(#5576),#5569,.T.);
#5583=EDGE_CURVE('',#3923,#3919,#736,.T.);
#5587=EDGE_CURVE('',#3923,#3925,#731,.T.);
#5591=ADVANCED_FACE('',(#5590),#5582,.T.);
#5598=EDGE_CURVE('',#3875,#3923,#753,.T.);
#5604=ADVANCED_FACE('',(#5603),#5596,.F.);
#5610=EDGE_CURVE('',#3927,#3923,#745,.T.);
#5612=EDGE_CURVE('',#3935,#3927,#749,.T.);
#5618=ADVANCED_FACE('',(#5617),#5609,.T.);
#5627=EDGE_CURVE('',#3927,#3929,#758,.T.);
#5631=ADVANCED_FACE('',(#5630),#5623,.T.);
#5637=EDGE_CURVE('',#3943,#3927,#771,.T.);
#5641=EDGE_CURVE('',#3945,#3943,#766,.T.);
#5645=ADVANCED_FACE('',(#5644),#5636,.T.);
#5652=EDGE_CURVE('',#3931,#3943,#780,.T.);
#5658=ADVANCED_FACE('',(#5657),#5650,.F.);
#5667=EDGE_CURVE('',#3901,#3896,#812,.T.);
#5669=EDGE_CURVE('',#3896,#3897,#785,.T.);
#5671=EDGE_CURVE('',#3899,#3897,#803,.T.);
#5676=ADVANCED_FACE('',(#5675),#5663,.T.);
#5683=EDGE_CURVE('',#3941,#3939,#825,.T.);
#5685=EDGE_CURVE('',#3941,#3933,#794,.T.);
#5689=EDGE_CURVE('',#3897,#3896,#808,.T.);
#5694=ADVANCED_FACE('',(#5693),#5681,.T.);
#5702=EDGE_CURVE('',#3913,#3941,#830,.T.);
#5707=ADVANCED_FACE('',(#5706),#5699,.T.);
#5714=EDGE_CURVE('',#3913,#3937,#851,.T.);
#5720=ADVANCED_FACE('',(#5719),#5712,.F.);
#5732=ADVANCED_FACE('',(#5731),#5725,.T.);
#5738=EDGE_CURVE('',#3893,#3892,#865,.T.);
#5740=EDGE_CURVE('',#3892,#3896,#1105,.T.);
#5743=EDGE_CURVE('',#3893,#3897,#855,.T.);
#5747=ADVANCED_FACE('',(#5746),#5737,.T.);
#5753=EDGE_CURVE('',#3892,#3893,#860,.T.);
#5758=EDGE_CURVE('',#3960,#3961,#1086,.T.);
#5760=EDGE_CURVE('',#3961,#3960,#1091,.T.);
#5764=ADVANCED_FACE('',(#5757,#5763),#5752,.T.);
#5770=EDGE_CURVE('',#4156,#4157,#1034,.T.);
#5772=EDGE_CURVE('',#4157,#4159,#1038,.T.);
#5774=EDGE_CURVE('',#4161,#4159,#1043,.T.);
#5776=EDGE_CURVE('',#4161,#4156,#1047,.T.);
#5780=ADVANCED_FACE('',(#5779),#5769,.T.);
#5786=EDGE_CURVE('',#3964,#3965,#1096,.T.);
#5788=EDGE_CURVE('',#3965,#3964,#1101,.T.);
#5792=EDGE_CURVE('',#4076,#4077,#869,.T.);
#5794=EDGE_CURVE('',#4077,#4079,#874,.T.);
#5796=EDGE_CURVE('',#4079,#4081,#879,.T.);
#5798=EDGE_CURVE('',#4081,#4083,#883,.T.);
#5800=EDGE_CURVE('',#4083,#4085,#887,.T.);
#5802=EDGE_CURVE('',#4085,#4087,#891,.T.);
#5804=EDGE_CURVE('',#4089,#4087,#896,.T.);
#5806=EDGE_CURVE('',#4089,#4091,#900,.T.);
#5808=EDGE_CURVE('',#4091,#4093,#904,.T.);
#5810=EDGE_CURVE('',#4093,#4095,#908,.T.);
#5812=EDGE_CURVE('',#4097,#4095,#913,.T.);
#5814=EDGE_CURVE('',#4097,#4099,#917,.T.);
#5816=EDGE_CURVE('',#4099,#4076,#921,.T.);
#5820=EDGE_CURVE('',#4102,#4103,#926,.T.);
#5822=EDGE_CURVE('',#4103,#4105,#931,.T.);
#5824=EDGE_CURVE('',#4105,#4107,#935,.T.);
#5826=EDGE_CURVE('',#4107,#4109,#939,.T.);
#5828=EDGE_CURVE('',#4109,#4111,#943,.T.);
#5830=EDGE_CURVE('',#4113,#4111,#948,.T.);
#5832=EDGE_CURVE('',#4113,#4115,#952,.T.);
#5834=EDGE_CURVE('',#4115,#4117,#956,.T.);
#5836=EDGE_CURVE('',#4117,#4119,#960,.T.);
#5838=EDGE_CURVE('',#4121,#4119,#965,.T.);
#5840=EDGE_CURVE('',#4121,#4123,#969,.T.);
#5842=EDGE_CURVE('',#4123,#4125,#973,.T.);
#5844=EDGE_CURVE('',#4125,#4102,#977,.T.);
#5848=EDGE_CURVE('',#4128,#4129,#981,.T.);
#5850=EDGE_CURVE('',#4129,#4131,#985,.T.);
#5852=EDGE_CURVE('',#4131,#4133,#989,.T.);
#5854=EDGE_CURVE('',#4133,#4128,#993,.T.);
#5858=EDGE_CURVE('',#4136,#4137,#997,.T.);
#5860=EDGE_CURVE('',#4137,#4139,#1001,.T.);
#5862=EDGE_CURVE('',#4139,#4141,#1005,.T.);
#5864=EDGE_CURVE('',#4141,#4136,#1009,.T.);
#5868=EDGE_CURVE('',#4144,#4145,#1013,.T.);
#5870=EDGE_CURVE('',#4145,#4147,#1017,.T.);
#5872=EDGE_CURVE('',#4147,#4149,#1021,.T.);
#5874=EDGE_CURVE('',#4149,#4151,#1025,.T.);
#5876=EDGE_CURVE('',#4151,#4153,#1030,.T.);
#5878=EDGE_CURVE('',#4144,#4153,#1469,.T.);
#5882=EDGE_CURVE('',#4164,#4165,#1052,.T.);
#5884=EDGE_CURVE('',#4165,#4167,#1056,.T.);
#5886=EDGE_CURVE('',#4167,#4169,#1060,.T.);
#5888=EDGE_CURVE('',#4169,#4171,#1064,.T.);
#5890=EDGE_CURVE('',#4173,#4171,#1069,.T.);
#5892=EDGE_CURVE('',#4173,#4175,#1073,.T.);
#5894=EDGE_CURVE('',#4175,#4177,#1077,.T.);
#5896=EDGE_CURVE('',#4177,#4164,#1081,.T.);
#5900=ADVANCED_FACE('',(#5791,#5819,#5847,#5857,#5867,#5881,#5899),#5785,.T.);
#5912=ADVANCED_FACE('',(#5911),#5905,.T.);
#5919=EDGE_CURVE('',#4076,#3972,#1109,.T.);
#5921=EDGE_CURVE('',#3972,#3973,#1161,.T.);
#5923=EDGE_CURVE('',#4077,#3973,#1157,.T.);
#5927=ADVANCED_FACE('',(#5926),#5917,.F.);
#5934=EDGE_CURVE('',#4099,#3995,#1113,.T.);
#5936=EDGE_CURVE('',#3995,#3972,#1165,.T.);
#5941=ADVANCED_FACE('',(#5940),#5932,.F.);
#5948=EDGE_CURVE('',#4097,#3993,#1117,.T.);
#5950=EDGE_CURVE('',#3993,#3995,#1169,.T.);
#5955=ADVANCED_FACE('',(#5954),#5946,.F.);
#5962=EDGE_CURVE('',#4095,#3991,#1121,.T.);
#5964=EDGE_CURVE('',#3991,#3993,#1174,.T.);
#5969=ADVANCED_FACE('',(#5968),#5960,.T.);
#5976=EDGE_CURVE('',#4093,#3989,#1125,.T.);
#5978=EDGE_CURVE('',#3989,#3991,#1178,.T.);
#5983=ADVANCED_FACE('',(#5982),#5974,.F.);
#5990=EDGE_CURVE('',#4091,#3987,#1129,.T.);
#5992=EDGE_CURVE('',#3987,#3989,#1182,.T.);
#5997=ADVANCED_FACE('',(#5996),#5988,.F.);
#6004=EDGE_CURVE('',#4089,#3985,#1133,.T.);
#6006=EDGE_CURVE('',#3985,#3987,#1186,.T.);
#6011=ADVANCED_FACE('',(#6010),#6002,.F.);
#6018=EDGE_CURVE('',#4087,#3983,#1137,.T.);
#6020=EDGE_CURVE('',#3983,#3985,#1191,.T.);
#6025=ADVANCED_FACE('',(#6024),#6016,.T.);
#6032=EDGE_CURVE('',#4085,#3981,#1141,.T.);
#6034=EDGE_CURVE('',#3981,#3983,#1195,.T.);
#6039=ADVANCED_FACE('',(#6038),#6030,.F.);
#6046=EDGE_CURVE('',#4083,#3979,#1145,.T.);
#6048=EDGE_CURVE('',#3979,#3981,#1199,.T.);
#6053=ADVANCED_FACE('',(#6052),#6044,.F.);
#6060=EDGE_CURVE('',#4081,#3977,#1149,.T.);
#6062=EDGE_CURVE('',#3977,#3979,#1203,.T.);
#6067=ADVANCED_FACE('',(#6066),#6058,.F.);
#6074=EDGE_CURVE('',#4079,#3975,#1153,.T.);
#6076=EDGE_CURVE('',#3975,#3977,#1208,.T.);
#6081=ADVANCED_FACE('',(#6080),#6072,.F.);
#6089=EDGE_CURVE('',#3973,#3975,#1213,.T.);
#6094=ADVANCED_FACE('',(#6093),#6086,.F.);
#6115=ADVANCED_FACE('',(#6114),#6099,.T.);
#6121=EDGE_CURVE('',#3998,#3999,#1218,.T.);
#6123=EDGE_CURVE('',#4021,#3998,#1222,.T.);
#6125=EDGE_CURVE('',#4019,#4021,#1226,.T.);
#6127=EDGE_CURVE('',#4017,#4019,#1230,.T.);
#6129=EDGE_CURVE('',#4015,#4017,#1235,.T.);
#6131=EDGE_CURVE('',#4013,#4015,#1239,.T.);
#6133=EDGE_CURVE('',#4011,#4013,#1243,.T.);
#6135=EDGE_CURVE('',#4009,#4011,#1247,.T.);
#6137=EDGE_CURVE('',#4007,#4009,#1252,.T.);
#6139=EDGE_CURVE('',#4005,#4007,#1256,.T.);
#6141=EDGE_CURVE('',#4003,#4005,#1260,.T.);
#6143=EDGE_CURVE('',#4001,#4003,#1264,.T.);
#6145=EDGE_CURVE('',#3999,#4001,#1269,.T.);
#6149=ADVANCED_FACE('',(#6148),#6120,.T.);
#6155=EDGE_CURVE('',#4024,#4025,#1273,.T.);
#6157=EDGE_CURVE('',#4029,#4024,#1277,.T.);
#6159=EDGE_CURVE('',#4027,#4029,#1281,.T.);
#6161=EDGE_CURVE('',#4025,#4027,#1285,.T.);
#6165=ADVANCED_FACE('',(#6164),#6154,.T.);
#6171=EDGE_CURVE('',#4032,#4033,#1289,.T.);
#6173=EDGE_CURVE('',#4037,#4032,#1293,.T.);
#6175=EDGE_CURVE('',#4035,#4037,#1297,.T.);
#6177=EDGE_CURVE('',#4033,#4035,#1301,.T.);
#6181=ADVANCED_FACE('',(#6180),#6170,.T.);
#6187=EDGE_CURVE('',#4040,#4041,#1305,.T.);
#6189=EDGE_CURVE('',#4049,#4040,#1465,.T.);
#6191=EDGE_CURVE('',#4047,#4049,#1310,.T.);
#6193=EDGE_CURVE('',#4045,#4047,#1314,.T.);
#6195=EDGE_CURVE('',#4043,#4045,#1318,.T.);
#6197=EDGE_CURVE('',#4041,#4043,#1322,.T.);
#6201=EDGE_CURVE('',#4052,#4053,#1326,.T.);
#6203=EDGE_CURVE('',#4057,#4052,#1330,.T.);
#6205=EDGE_CURVE('',#4055,#4057,#1335,.T.);
#6207=EDGE_CURVE('',#4053,#4055,#1339,.T.);
#6211=ADVANCED_FACE('',(#6200,#6210),#6186,.T.);
#6217=EDGE_CURVE('',#4060,#4061,#1344,.T.);
#6219=EDGE_CURVE('',#4073,#4060,#1348,.T.);
#6221=EDGE_CURVE('',#4071,#4073,#1352,.T.);
#6223=EDGE_CURVE('',#4069,#4071,#1356,.T.);
#6225=EDGE_CURVE('',#4067,#4069,#1361,.T.);
#6227=EDGE_CURVE('',#4065,#4067,#1365,.T.);
#6229=EDGE_CURVE('',#4063,#4065,#1369,.T.);
#6231=EDGE_CURVE('',#4061,#4063,#1373,.T.);
#6235=ADVANCED_FACE('',(#6234),#6216,.T.);
#6242=EDGE_CURVE('',#4102,#3998,#1377,.T.);
#6245=EDGE_CURVE('',#4103,#3999,#1425,.T.);
#6249=ADVANCED_FACE('',(#6248),#6240,.F.);
#6256=EDGE_CURVE('',#4125,#4021,#1381,.T.);
#6262=ADVANCED_FACE('',(#6261),#6254,.F.);
#6269=EDGE_CURVE('',#4123,#4019,#1385,.T.);
#6275=ADVANCED_FACE('',(#6274),#6267,.F.);
#6282=EDGE_CURVE('',#4121,#4017,#1389,.T.);
#6288=ADVANCED_FACE('',(#6287),#6280,.F.);
#6295=EDGE_CURVE('',#4119,#4015,#1393,.T.);
#6301=ADVANCED_FACE('',(#6300),#6293,.T.);
#6308=EDGE_CURVE('',#4117,#4013,#1397,.T.);
#6314=ADVANCED_FACE('',(#6313),#6306,.F.);
#6321=EDGE_CURVE('',#4115,#4011,#1401,.T.);
#6327=ADVANCED_FACE('',(#6326),#6319,.F.);
#6334=EDGE_CURVE('',#4113,#4009,#1405,.T.);
#6340=ADVANCED_FACE('',(#6339),#6332,.F.);
#6347=EDGE_CURVE('',#4111,#4007,#1409,.T.);
#6353=ADVANCED_FACE('',(#6352),#6345,.T.);
#6360=EDGE_CURVE('',#4109,#4005,#1413,.T.);
#6366=ADVANCED_FACE('',(#6365),#6358,.F.);
#6373=EDGE_CURVE('',#4107,#4003,#1417,.T.);
#6379=ADVANCED_FACE('',(#6378),#6371,.F.);
#6386=EDGE_CURVE('',#4105,#4001,#1421,.T.);
#6392=ADVANCED_FACE('',(#6391),#6384,.F.);
#6404=ADVANCED_FACE('',(#6403),#6397,.F.);
#6411=EDGE_CURVE('',#4128,#4024,#1429,.T.);
#6414=EDGE_CURVE('',#4129,#4025,#1441,.T.);
#6418=ADVANCED_FACE('',(#6417),#6409,.F.);
#6425=EDGE_CURVE('',#4133,#4029,#1433,.T.);
#6431=ADVANCED_FACE('',(#6430),#6423,.F.);
#6438=EDGE_CURVE('',#4131,#4027,#1437,.T.);
#6444=ADVANCED_FACE('',(#6443),#6436,.F.);
#6456=ADVANCED_FACE('',(#6455),#6449,.F.);
#6463=EDGE_CURVE('',#4136,#4032,#1445,.T.);
#6466=EDGE_CURVE('',#4137,#4033,#1457,.T.);
#6470=ADVANCED_FACE('',(#6469),#6461,.F.);
#6477=EDGE_CURVE('',#4141,#4037,#1449,.T.);
#6483=ADVANCED_FACE('',(#6482),#6475,.F.);
#6490=EDGE_CURVE('',#4139,#4035,#1453,.T.);
#6496=ADVANCED_FACE('',(#6495),#6488,.F.);
#6508=ADVANCED_FACE('',(#6507),#6501,.F.);
#6515=EDGE_CURVE('',#4144,#4040,#1461,.T.);
#6518=EDGE_CURVE('',#4145,#4041,#1489,.T.);
#6522=ADVANCED_FACE('',(#6521),#6513,.F.);
#6531=EDGE_CURVE('',#4153,#4049,#1473,.T.);
#6535=ADVANCED_FACE('',(#6534),#6527,.F.);
#6542=EDGE_CURVE('',#4151,#4047,#1477,.T.);
#6548=ADVANCED_FACE('',(#6547),#6540,.F.);
#6555=EDGE_CURVE('',#4149,#4045,#1481,.T.);
#6561=ADVANCED_FACE('',(#6560),#6553,.F.);
#6568=EDGE_CURVE('',#4147,#4043,#1485,.T.);
#6574=ADVANCED_FACE('',(#6573),#6566,.F.);
#6586=ADVANCED_FACE('',(#6585),#6579,.F.);
#6593=EDGE_CURVE('',#4156,#4052,#1493,.T.);
#6596=EDGE_CURVE('',#4157,#4053,#1505,.T.);
#6600=ADVANCED_FACE('',(#6599),#6591,.F.);
#6607=EDGE_CURVE('',#4161,#4057,#1497,.T.);
#6613=ADVANCED_FACE('',(#6612),#6605,.F.);
#6620=EDGE_CURVE('',#4159,#4055,#1501,.T.);
#6626=ADVANCED_FACE('',(#6625),#6618,.T.);
#6638=ADVANCED_FACE('',(#6637),#6631,.F.);
#6645=EDGE_CURVE('',#4164,#4060,#1509,.T.);
#6648=EDGE_CURVE('',#4165,#4061,#1537,.T.);
#6652=ADVANCED_FACE('',(#6651),#6643,.F.);
#6659=EDGE_CURVE('',#4177,#4073,#1513,.T.);
#6665=ADVANCED_FACE('',(#6664),#6657,.F.);
#6672=EDGE_CURVE('',#4175,#4071,#1517,.T.);
#6678=ADVANCED_FACE('',(#6677),#6670,.F.);
#6685=EDGE_CURVE('',#4173,#4069,#1521,.T.);
#6691=ADVANCED_FACE('',(#6690),#6683,.F.);
#6698=EDGE_CURVE('',#4171,#4067,#1525,.T.);
#6704=ADVANCED_FACE('',(#6703),#6696,.T.);
#6711=EDGE_CURVE('',#4169,#4065,#1529,.T.);
#6717=ADVANCED_FACE('',(#6716),#6709,.F.);
#6724=EDGE_CURVE('',#4167,#4063,#1533,.T.);
#6730=ADVANCED_FACE('',(#6729),#6722,.F.);
#6742=ADVANCED_FACE('',(#6741),#6735,.F.);
#6749=EDGE_CURVE('',#3960,#3952,#1541,.T.);
#6751=EDGE_CURVE('',#3952,#3953,#1550,.T.);
#6753=EDGE_CURVE('',#3961,#3953,#1545,.T.);
#6757=ADVANCED_FACE('',(#6756),#6747,.F.);
#6765=EDGE_CURVE('',#3953,#3952,#1555,.T.);
#6770=ADVANCED_FACE('',(#6769),#6762,.F.);
#6780=EDGE_CURVE('',#3956,#3957,#1560,.T.);
#6782=EDGE_CURVE('',#3957,#3956,#1565,.T.);
#6786=ADVANCED_FACE('',(#6779,#6785),#6775,.T.);
#6793=EDGE_CURVE('',#3965,#3956,#1569,.T.);
#6796=EDGE_CURVE('',#3964,#3957,#1573,.T.);
#6800=ADVANCED_FACE('',(#6799),#6791,.T.);
#6812=ADVANCED_FACE('',(#6811),#6805,.T.);
#6818=EDGE_CURVE('',#4304,#4305,#1578,.T.);
#6820=EDGE_CURVE('',#4305,#4304,#1583,.T.);
#6830=ADVANCED_FACE('',(#6823,#6829),#6817,.T.);
#6836=EDGE_CURVE('',#4300,#4301,#1600,.T.);
#6838=EDGE_CURVE('',#4301,#4305,#1627,.T.);
#6841=EDGE_CURVE('',#4300,#4304,#1595,.T.);
#6845=ADVANCED_FACE('',(#6844),#6835,.T.);
#6852=EDGE_CURVE('',#4300,#4312,#1623,.T.);
#6854=EDGE_CURVE('',#4312,#4313,#1605,.T.);
#6856=EDGE_CURVE('',#4301,#4313,#1614,.T.);
#6860=ADVANCED_FACE('',(#6859),#6850,.T.);
#6866=EDGE_CURVE('',#4301,#4300,#1610,.T.);
#6869=EDGE_CURVE('',#4313,#4312,#1619,.T.);
#6874=ADVANCED_FACE('',(#6873),#6865,.T.);
#6886=ADVANCED_FACE('',(#6885),#6879,.T.);
#6892=EDGE_CURVE('',#4309,#4308,#1641,.T.);
#6894=EDGE_CURVE('',#4308,#4312,#2178,.T.);
#6897=EDGE_CURVE('',#4309,#4313,#1631,.T.);
#6901=ADVANCED_FACE('',(#6900),#6891,.T.);
#6907=EDGE_CURVE('',#4308,#4309,#1636,.T.);
#6912=EDGE_CURVE('',#4364,#4365,#1651,.T.);
#6914=EDGE_CURVE('',#4365,#4364,#2170,.T.);
#6918=ADVANCED_FACE('',(#6911,#6917),#6906,.F.);
#6924=EDGE_CURVE('',#4373,#4372,#1646,.T.);
#6926=EDGE_CURVE('',#4365,#4372,#2174,.T.);
#6929=EDGE_CURVE('',#4373,#4364,#2165,.T.);
#6933=ADVANCED_FACE('',(#6932),#6923,.T.);
#6939=EDGE_CURVE('',#4369,#4368,#1675,.T.);
#6941=EDGE_CURVE('',#4368,#4372,#2156,.T.);
#6944=EDGE_CURVE('',#4369,#4373,#1655,.T.);
#6948=ADVANCED_FACE('',(#6947),#6938,.T.);
#6954=EDGE_CURVE('',#4368,#4369,#1670,.T.);
#6959=EDGE_CURVE('',#4250,#4251,#1660,.T.);
#6961=EDGE_CURVE('',#4251,#4250,#1665,.T.);
#6965=ADVANCED_FACE('',(#6958,#6964),#6953,.F.);
#6971=EDGE_CURVE('',#4250,#4446,#1679,.T.);
#6973=EDGE_CURVE('',#4447,#4446,#1693,.T.);
#6975=EDGE_CURVE('',#4447,#4251,#1683,.T.);
#6980=ADVANCED_FACE('',(#6979),#6970,.F.);
#6987=EDGE_CURVE('',#4446,#4447,#1688,.T.);
#6993=ADVANCED_FACE('',(#6992),#6985,.F.);
#7003=EDGE_CURVE('',#4552,#4553,#1698,.T.);
#7005=EDGE_CURVE('',#4553,#4552,#1702,.T.);
#7009=EDGE_CURVE('',#4556,#4557,#1707,.T.);
#7011=EDGE_CURVE('',#4557,#4556,#1711,.T.);
#7015=EDGE_CURVE('',#4560,#4561,#1716,.T.);
#7017=EDGE_CURVE('',#4561,#4560,#1720,.T.);
#7021=ADVANCED_FACE('',(#7002,#7008,#7014,#7020),#6998,.F.);
#7027=EDGE_CURVE('',#4564,#4565,#1725,.T.);
#7029=EDGE_CURVE('',#4565,#4564,#1730,.T.);
#7033=ADVANCED_FACE('',(#7032),#7026,.F.);
#7039=EDGE_CURVE('',#4568,#4569,#1735,.T.);
#7041=EDGE_CURVE('',#4569,#4568,#1740,.T.);
#7045=ADVANCED_FACE('',(#7044),#7038,.F.);
#7051=EDGE_CURVE('',#4572,#4573,#1745,.T.);
#7053=EDGE_CURVE('',#4573,#4572,#1750,.T.);
#7057=ADVANCED_FACE('',(#7056),#7050,.F.);
#7064=EDGE_CURVE('',#4552,#4530,#1754,.T.);
#7066=EDGE_CURVE('',#4524,#4530,#1766,.T.);
#7068=EDGE_CURVE('',#4524,#4529,#1842,.T.);
#7070=EDGE_CURVE('',#4531,#4529,#1778,.T.);
#7072=EDGE_CURVE('',#4553,#4531,#1782,.T.);
#7076=ADVANCED_FACE('',(#7075),#7062,.T.);
#7084=EDGE_CURVE('',#4535,#4531,#1786,.T.);
#7086=EDGE_CURVE('',#4454,#4535,#1790,.T.);
#7088=EDGE_CURVE('',#4454,#4452,#1801,.T.);
#7090=EDGE_CURVE('',#4452,#4453,#1808,.T.);
#7092=EDGE_CURVE('',#4453,#4533,#1812,.T.);
#7094=EDGE_CURVE('',#4530,#4533,#1816,.T.);
#7099=ADVANCED_FACE('',(#7098),#7081,.T.);
#7105=EDGE_CURVE('',#4524,#4525,#1833,.T.);
#7109=EDGE_CURVE('',#4533,#4525,#1992,.T.);
#7113=ADVANCED_FACE('',(#7112),#7104,.F.);
#7119=EDGE_CURVE('',#4528,#4529,#1837,.T.);
#7121=EDGE_CURVE('',#4528,#4535,#2018,.T.);
#7127=ADVANCED_FACE('',(#7126),#7118,.F.);
#7133=EDGE_CURVE('',#4510,#4511,#1820,.T.);
#7135=EDGE_CURVE('',#4514,#4511,#1968,.T.);
#7137=EDGE_CURVE('',#4514,#4515,#1824,.T.);
#7139=EDGE_CURVE('',#4510,#4515,#1829,.T.);
#7143=ADVANCED_FACE('',(#7142),#7132,.T.);
#7150=EDGE_CURVE('',#4528,#4525,#2023,.T.);
#7156=ADVANCED_FACE('',(#7155),#7148,.T.);
#7162=EDGE_CURVE('',#4538,#4539,#1846,.T.);
#7164=EDGE_CURVE('',#4542,#4539,#2144,.T.);
#7166=EDGE_CURVE('',#4542,#4543,#1850,.T.);
#7168=EDGE_CURVE('',#4538,#4543,#1855,.T.);
#7172=ADVANCED_FACE('',(#7171),#7161,.T.);
#7179=EDGE_CURVE('',#4510,#4516,#1871,.T.);
#7181=EDGE_CURVE('',#4516,#4519,#1916,.T.);
#7183=EDGE_CURVE('',#4519,#4511,#1932,.T.);
#7187=ADVANCED_FACE('',(#7186),#7177,.F.);
#7194=EDGE_CURVE('',#4514,#4521,#1963,.T.);
#7196=EDGE_CURVE('',#4521,#4517,#1891,.T.);
#7198=EDGE_CURVE('',#4517,#4515,#1883,.T.);
#7202=ADVANCED_FACE('',(#7201),#7192,.F.);
#7209=EDGE_CURVE('',#4560,#4516,#1859,.T.);
#7214=EDGE_CURVE('',#4561,#4517,#1887,.T.);
#7218=ADVANCED_FACE('',(#7217),#7207,.T.);
#7227=EDGE_CURVE('',#4466,#4521,#1895,.T.);
#7229=EDGE_CURVE('',#4466,#4467,#1908,.T.);
#7231=EDGE_CURVE('',#4467,#4519,#1912,.T.);
#7237=ADVANCED_FACE('',(#7236),#7223,.T.);
#7245=EDGE_CURVE('',#4467,#4465,#1937,.T.);
#7247=EDGE_CURVE('',#4464,#4465,#1942,.T.);
#7249=EDGE_CURVE('',#4464,#4466,#1947,.T.);
#7256=ADVANCED_FACE('',(#7255),#7242,.F.);
#7263=EDGE_CURVE('',#4573,#4465,#1976,.T.);
#7268=EDGE_CURVE('',#4572,#4464,#1972,.T.);
#7272=ADVANCED_FACE('',(#7271),#7261,.F.);
#7284=ADVANCED_FACE('',(#7283),#7277,.F.);
#7292=EDGE_CURVE('',#4453,#4456,#1997,.T.);
#7294=EDGE_CURVE('',#4454,#4456,#2002,.T.);
#7301=ADVANCED_FACE('',(#7300),#7289,.F.);
#7308=EDGE_CURVE('',#4565,#4456,#2031,.T.);
#7312=EDGE_CURVE('',#4564,#4452,#2027,.T.);
#7316=ADVANCED_FACE('',(#7315),#7306,.F.);
#7329=ADVANCED_FACE('',(#7328),#7321,.F.);
#7336=EDGE_CURVE('',#4538,#4544,#2047,.T.);
#7338=EDGE_CURVE('',#4544,#4547,#2097,.T.);
#7340=EDGE_CURVE('',#4547,#4539,#2113,.T.);
#7344=ADVANCED_FACE('',(#7343),#7334,.F.);
#7351=EDGE_CURVE('',#4542,#4549,#2139,.T.);
#7353=EDGE_CURVE('',#4549,#4545,#2067,.T.);
#7355=EDGE_CURVE('',#4545,#4543,#2059,.T.);
#7359=ADVANCED_FACE('',(#7358),#7349,.F.);
#7366=EDGE_CURVE('',#4556,#4544,#2035,.T.);
#7371=EDGE_CURVE('',#4557,#4545,#2063,.T.);
#7375=ADVANCED_FACE('',(#7374),#7364,.T.);
#7384=EDGE_CURVE('',#4457,#4549,#2071,.T.);
#7386=EDGE_CURVE('',#4457,#4458,#2078,.T.);
#7388=EDGE_CURVE('',#4458,#4459,#2089,.T.);
#7390=EDGE_CURVE('',#4459,#4547,#2093,.T.);
#7396=ADVANCED_FACE('',(#7395),#7380,.T.);
#7404=EDGE_CURVE('',#4461,#4459,#2118,.T.);
#7406=EDGE_CURVE('',#4461,#4457,#2123,.T.);
#7413=ADVANCED_FACE('',(#7412),#7401,.F.);
#7420=EDGE_CURVE('',#4568,#4461,#2148,.T.);
#7424=EDGE_CURVE('',#4569,#4458,#2152,.T.);
#7428=ADVANCED_FACE('',(#7427),#7418,.F.);
#7441=ADVANCED_FACE('',(#7440),#7433,.F.);
#7449=EDGE_CURVE('',#4372,#4373,#2161,.T.);
#7454=ADVANCED_FACE('',(#7453),#7446,.T.);
#7466=ADVANCED_FACE('',(#7465),#7459,.T.);
#7478=ADVANCED_FACE('',(#7477),#7471,.T.);
#7526=EDGE_CURVE('',#4432,#4433,#2203,.T.);
#7528=EDGE_CURVE('',#4433,#4428,#2347,.T.);
#7532=ADVANCED_FACE('',(#7531),#7523,.F.);
#7580=EDGE_CURVE('',#4419,#4431,#2227,.T.);
#7585=ADVANCED_FACE('',(#7584),#7577,.F.);
#7591=EDGE_CURVE('',#4197,#4195,#2363,.T.);
#7593=EDGE_CURVE('',#4197,#4180,#2239,.T.);
#7595=EDGE_CURVE('',#4180,#4181,#2244,.T.);
#7597=EDGE_CURVE('',#4181,#4184,#2248,.T.);
#7599=EDGE_CURVE('',#4184,#4185,#2253,.T.);
#7601=EDGE_CURVE('',#4185,#4199,#2257,.T.);
#7603=EDGE_CURVE('',#4201,#4199,#2388,.T.);
#7605=EDGE_CURVE('',#4201,#4188,#2261,.T.);
#7607=EDGE_CURVE('',#4188,#4189,#2266,.T.);
#7609=EDGE_CURVE('',#4189,#4192,#2270,.T.);
#7611=EDGE_CURVE('',#4192,#4193,#2275,.T.);
#7613=EDGE_CURVE('',#4193,#4195,#2279,.T.);
#7618=EDGE_CURVE('',#4435,#4418,#2328,.T.);
#7620=EDGE_CURVE('',#4433,#4435,#2353,.T.);
#7627=ADVANCED_FACE('',(#7616,#7626),#7590,.F.);
#7674=EDGE_CURVE('',#4435,#4434,#2310,.T.);
#7680=ADVANCED_FACE('',(#7679),#7672,.F.);
#7716=ADVANCED_FACE('',(#7715),#7709,.F.);
#7722=EDGE_CURVE('',#4221,#4213,#2358,.T.);
#7724=EDGE_CURVE('',#4197,#4213,#3785,.T.);
#7727=EDGE_CURVE('',#4195,#4221,#2415,.T.);
#7731=ADVANCED_FACE('',(#7730),#7721,.T.);
#7737=EDGE_CURVE('',#4223,#4215,#2368,.T.);
#7739=EDGE_CURVE('',#4181,#4215,#2497,.T.);
#7742=EDGE_CURVE('',#4180,#4223,#3781,.T.);
#7746=ADVANCED_FACE('',(#7745),#7736,.T.);
#7752=EDGE_CURVE('',#4210,#4212,#2373,.T.);
#7754=EDGE_CURVE('',#4193,#4212,#2419,.T.);
#7757=EDGE_CURVE('',#4192,#4210,#2432,.T.);
#7761=ADVANCED_FACE('',(#7760),#7751,.T.);
#7767=EDGE_CURVE('',#4216,#4217,#2378,.T.);
#7769=EDGE_CURVE('',#4185,#4217,#2471,.T.);
#7772=EDGE_CURVE('',#4184,#4216,#2493,.T.);
#7776=ADVANCED_FACE('',(#7775),#7766,.T.);
#7782=EDGE_CURVE('',#4225,#4218,#2383,.T.);
#7784=EDGE_CURVE('',#4201,#4218,#3759,.T.);
#7787=EDGE_CURVE('',#4199,#4225,#2467,.T.);
#7791=ADVANCED_FACE('',(#7790),#7781,.T.);
#7797=EDGE_CURVE('',#4227,#4211,#2393,.T.);
#7799=EDGE_CURVE('',#4189,#4211,#2436,.T.);
#7802=EDGE_CURVE('',#4188,#4227,#3755,.T.);
#7806=ADVANCED_FACE('',(#7805),#7796,.T.);
#7812=EDGE_CURVE('',#4212,#4205,#2402,.T.);
#7815=EDGE_CURVE('',#4204,#4210,#2428,.T.);
#7817=EDGE_CURVE('',#4204,#4205,#2502,.T.);
#7821=ADVANCED_FACE('',(#7820),#7811,.T.);
#7827=EDGE_CURVE('',#4213,#4214,#3768,.T.);
#7830=EDGE_CURVE('',#4205,#4221,#2411,.T.);
#7832=EDGE_CURVE('',#4205,#4214,#2527,.T.);
#7836=ADVANCED_FACE('',(#7835),#7826,.T.);
#7842=EDGE_CURVE('',#4215,#4208,#2480,.T.);
#7845=EDGE_CURVE('',#4214,#4223,#3777,.T.);
#7847=EDGE_CURVE('',#4214,#4208,#2522,.T.);
#7851=ADVANCED_FACE('',(#7850),#7841,.T.);
#7864=ADVANCED_FACE('',(#7863),#7856,.T.);
#7874=EDGE_CURVE('',#4211,#4204,#2445,.T.);
#7878=ADVANCED_FACE('',(#7877),#7869,.T.);
#7884=EDGE_CURVE('',#4217,#4209,#2454,.T.);
#7887=EDGE_CURVE('',#4208,#4216,#2489,.T.);
#7889=EDGE_CURVE('',#4208,#4209,#2517,.T.);
#7893=ADVANCED_FACE('',(#7892),#7883,.T.);
#7901=EDGE_CURVE('',#4219,#4227,#3751,.T.);
#7903=EDGE_CURVE('',#4219,#4204,#2507,.T.);
#7907=ADVANCED_FACE('',(#7906),#7898,.T.);
#7913=EDGE_CURVE('',#4218,#4219,#3742,.T.);
#7916=EDGE_CURVE('',#4209,#4225,#2463,.T.);
#7918=EDGE_CURVE('',#4209,#4219,#2512,.T.);
#7922=ADVANCED_FACE('',(#7921),#7912,.T.);
#7935=ADVANCED_FACE('',(#7934),#7927,.T.);
#7948=ADVANCED_FACE('',(#7947),#7940,.T.);
#7963=EDGE_CURVE('',#4426,#4423,#2621,.T.);
#7966=EDGE_CURVE('',#4424,#4425,#2595,.T.);
#7968=EDGE_CURVE('',#4427,#4424,#3695,.T.);
#7973=ADVANCED_FACE('',(#7961,#7972),#7953,.T.);
#8117=EDGE_CURVE('',#4295,#4288,#2542,.T.);
#8119=EDGE_CURVE('',#4288,#4318,#3585,.T.);
#8123=ADVANCED_FACE('',(#8122),#8114,.F.);
#8266=EDGE_CURVE('',#4319,#4322,#3639,.T.);
#8272=ADVANCED_FACE('',(#8271),#8264,.F.);
#8416=EDGE_CURVE('',#4338,#4346,#3689,.T.);
#8421=ADVANCED_FACE('',(#8420),#8413,.F.);
#8567=EDGE_CURVE('',#4349,#4424,#3729,.T.);
#8571=ADVANCED_FACE('',(#8570),#8562,.F.);
#8718=ADVANCED_FACE('',(#8717),#8712,.F.);
#8797=EDGE_CURVE('',#4290,#4360,#2657,.T.);
#8799=EDGE_CURVE('',#4290,#4291,#2754,.T.);
#8801=EDGE_CURVE('',#4291,#4336,#3573,.T.);
#8805=ADVANCED_FACE('',(#8804),#8795,.F.);
#8884=EDGE_CURVE('',#4334,#4288,#3560,.T.);
#8888=EDGE_CURVE('',#4361,#4359,#2706,.T.);
#8892=ADVANCED_FACE('',(#8891),#8882,.F.);
#8899=EDGE_CURVE('',#4329,#4290,#2651,.T.);
#8904=ADVANCED_FACE('',(#8903),#8897,.T.);
#8910=EDGE_CURVE('',#4293,#4330,#2662,.T.);
#8916=EDGE_CURVE('',#4315,#4293,#2729,.T.);
#8920=ADVANCED_FACE('',(#8919),#8909,.T.);
#8928=EDGE_CURVE('',#4292,#4293,#2740,.T.);
#8930=EDGE_CURVE('',#4291,#4292,#2747,.T.);
#8936=EDGE_CURVE('',#4284,#4285,#2759,.T.);
#8938=EDGE_CURVE('',#4285,#4284,#2958,.T.);
#8942=ADVANCED_FACE('',(#8935,#8941),#8925,.T.);
#8948=EDGE_CURVE('',#4379,#4275,#2933,.T.);
#8950=EDGE_CURVE('',#4378,#4379,#2979,.T.);
#8952=EDGE_CURVE('',#4285,#4378,#2962,.T.);
#8955=EDGE_CURVE('',#4284,#4228,#2763,.T.);
#8957=EDGE_CURVE('',#4228,#4229,#2778,.T.);
#8959=EDGE_CURVE('',#4229,#4231,#2782,.T.);
#8961=EDGE_CURVE('',#4231,#4275,#2787,.T.);
#8965=EDGE_CURVE('',#4388,#4389,#3381,.T.);
#8967=EDGE_CURVE('',#4389,#4388,#3441,.T.);
#8971=EDGE_CURVE('',#4384,#4385,#2801,.T.);
#8973=EDGE_CURVE('',#4385,#4384,#2862,.T.);
#8977=ADVANCED_FACE('',(#8964,#8970,#8976),#8947,.T.);
#8984=EDGE_CURVE('',#4385,#4397,#2806,.T.);
#8986=EDGE_CURVE('',#4384,#4397,#2867,.T.);
#8990=ADVANCED_FACE('',(#8989),#8982,.T.);
#8996=EDGE_CURVE('',#4386,#4387,#2820,.T.);
#8998=EDGE_CURVE('',#4399,#4387,#2844,.T.);
#9000=EDGE_CURVE('',#4399,#4386,#2825,.T.);
#9004=ADVANCED_FACE('',(#9003),#8995,.T.);
#9010=EDGE_CURVE('',#4387,#4386,#2839,.T.);
#9016=ADVANCED_FACE('',(#9015),#9009,.T.);
#9027=ADVANCED_FACE('',(#9026),#9021,.T.);
#9033=EDGE_CURVE('',#4239,#4234,#2872,.T.);
#9035=EDGE_CURVE('',#4234,#4235,#2876,.T.);
#9037=EDGE_CURVE('',#4235,#4258,#2881,.T.);
#9039=EDGE_CURVE('',#4258,#4238,#2886,.T.);
#9041=EDGE_CURVE('',#4238,#4239,#2890,.T.);
#9045=EDGE_CURVE('',#4382,#4383,#2924,.T.);
#9047=EDGE_CURVE('',#4383,#4382,#2993,.T.);
#9051=EDGE_CURVE('',#4390,#4391,#3400,.T.);
#9053=EDGE_CURVE('',#4391,#4390,#3419,.T.);
#9061=ADVANCED_FACE('',(#9044,#9050,#9056,#9060),#9032,.F.);
#9067=EDGE_CURVE('',#4380,#4381,#2905,.T.);
#9069=EDGE_CURVE('',#4381,#4393,#2910,.T.);
#9071=EDGE_CURVE('',#4380,#4393,#3020,.T.);
#9075=ADVANCED_FACE('',(#9074),#9066,.T.);
#9082=EDGE_CURVE('',#4395,#4383,#2998,.T.);
#9084=EDGE_CURVE('',#4395,#4382,#2929,.T.);
#9088=ADVANCED_FACE('',(#9087),#9080,.T.);
#9095=EDGE_CURVE('',#4275,#4231,#2938,.T.);
#9098=EDGE_CURVE('',#4229,#4228,#2953,.T.);
#9107=EDGE_CURVE('',#4381,#4380,#3015,.T.);
#9111=ADVANCED_FACE('',(#9105,#9110),#9093,.T.);
#9122=ADVANCED_FACE('',(#9121),#9116,.T.);
#9133=ADVANCED_FACE('',(#9132),#9127,.T.);
#9140=EDGE_CURVE('',#4268,#4275,#3028,.T.);
#9142=EDGE_CURVE('',#4273,#4268,#3048,.T.);
#9144=EDGE_CURVE('',#4271,#4273,#3043,.T.);
#9146=EDGE_CURVE('',#4271,#4231,#3024,.T.);
#9150=ADVANCED_FACE('',(#9149),#9138,.T.);
#9158=EDGE_CURVE('',#4269,#4271,#3038,.T.);
#9160=EDGE_CURVE('',#4268,#4269,#3033,.T.);
#9165=ADVANCED_FACE('',(#9164),#9155,.T.);
#9177=EDGE_CURVE('',#4259,#4265,#3053,.T.);
#9179=EDGE_CURVE('',#4265,#4263,#3058,.T.);
#9181=EDGE_CURVE('',#4263,#4261,#3063,.T.);
#9183=EDGE_CURVE('',#4261,#4259,#3068,.T.);
#9187=ADVANCED_FACE('',(#9176,#9186),#9170,.T.);
#9193=EDGE_CURVE('',#4254,#4255,#3097,.T.);
#9195=EDGE_CURVE('',#4254,#4263,#3072,.T.);
#9199=EDGE_CURVE('',#4258,#4259,#3340,.T.);
#9202=EDGE_CURVE('',#4235,#4255,#3079,.T.);
#9206=ADVANCED_FACE('',(#9205),#9192,.F.);
#9212=EDGE_CURVE('',#4246,#4247,#3111,.T.);
#9214=EDGE_CURVE('',#4246,#4253,#3083,.T.);
#9216=EDGE_CURVE('',#4253,#4254,#3090,.T.);
#9219=EDGE_CURVE('',#4247,#4255,#3329,.T.);
#9223=ADVANCED_FACE('',(#9222),#9211,.F.);
#9229=EDGE_CURVE('',#4242,#4243,#3102,.T.);
#9231=EDGE_CURVE('',#4243,#4242,#3107,.T.);
#9236=EDGE_CURVE('',#4247,#4234,#3115,.T.);
#9239=EDGE_CURVE('',#4239,#4246,#3119,.T.);
#9243=ADVANCED_FACE('',(#9234,#9242),#9228,.F.);
#9249=EDGE_CURVE('',#4406,#4407,#3124,.T.);
#9251=EDGE_CURVE('',#4407,#4243,#3128,.T.);
#9254=EDGE_CURVE('',#4406,#4242,#3154,.T.);
#9258=ADVANCED_FACE('',(#9257),#9248,.F.);
#9265=EDGE_CURVE('',#4407,#4406,#3150,.T.);
#9269=EDGE_CURVE('',#4576,#4577,#3132,.T.);
#9271=EDGE_CURVE('',#4577,#4579,#3136,.T.);
#9273=EDGE_CURVE('',#4579,#4581,#3140,.T.);
#9275=EDGE_CURVE('',#4581,#4576,#3145,.T.);
#9279=ADVANCED_FACE('',(#9268,#9278),#9263,.T.);
#9291=ADVANCED_FACE('',(#9290),#9284,.F.);
#9298=EDGE_CURVE('',#4576,#4469,#3158,.T.);
#9300=EDGE_CURVE('',#4469,#4450,#3187,.T.);
#9302=EDGE_CURVE('',#4577,#4450,#3175,.T.);
#9306=ADVANCED_FACE('',(#9305),#9296,.T.);
#9313=EDGE_CURVE('',#4581,#4471,#3171,.T.);
#9315=EDGE_CURVE('',#4471,#4469,#3163,.T.);
#9320=ADVANCED_FACE('',(#9319),#9311,.T.);
#9327=EDGE_CURVE('',#4579,#4451,#3167,.T.);
#9329=EDGE_CURVE('',#4451,#4471,#3179,.T.);
#9334=ADVANCED_FACE('',(#9333),#9325,.T.);
#9342=EDGE_CURVE('',#4450,#4451,#3183,.T.);
#9347=ADVANCED_FACE('',(#9346),#9339,.T.);
#9359=EDGE_CURVE('',#4486,#4487,#3192,.T.);
#9361=EDGE_CURVE('',#4487,#4486,#3197,.T.);
#9365=EDGE_CURVE('',#4494,#4495,#3202,.T.);
#9367=EDGE_CURVE('',#4495,#4494,#3207,.T.);
#9371=EDGE_CURVE('',#4502,#4503,#3212,.T.);
#9373=EDGE_CURVE('',#4503,#4502,#3217,.T.);
#9377=ADVANCED_FACE('',(#9358,#9364,#9370,#9376),#9352,.T.);
#9384=EDGE_CURVE('',#4487,#4491,#3225,.T.);
#9386=EDGE_CURVE('',#4490,#4491,#3239,.T.);
#9388=EDGE_CURVE('',#4486,#4490,#3221,.T.);
#9392=ADVANCED_FACE('',(#9391),#9382,.F.);
#9400=EDGE_CURVE('',#4491,#4490,#3230,.T.);
#9405=ADVANCED_FACE('',(#9404),#9397,.F.);
#9412=EDGE_CURVE('',#4490,#4474,#3234,.T.);
#9414=EDGE_CURVE('',#4474,#4475,#3248,.T.);
#9416=EDGE_CURVE('',#4491,#4475,#3243,.T.);
#9420=ADVANCED_FACE('',(#9419),#9410,.F.);
#9428=EDGE_CURVE('',#4475,#4474,#3253,.T.);
#9433=ADVANCED_FACE('',(#9432),#9425,.F.);
#9443=ADVANCED_FACE('',(#9442),#9438,.T.);
#9449=EDGE_CURVE('',#4478,#4479,#3258,.T.);
#9451=EDGE_CURVE('',#4479,#4478,#3263,.T.);
#9455=ADVANCED_FACE('',(#9454),#9448,.T.);
#9461=EDGE_CURVE('',#4482,#4483,#3268,.T.);
#9463=EDGE_CURVE('',#4483,#4482,#3273,.T.);
#9467=ADVANCED_FACE('',(#9466),#9460,.T.);
#9473=EDGE_CURVE('',#4499,#4498,#3278,.T.);
#9475=EDGE_CURVE('',#4498,#4478,#3282,.T.);
#9478=EDGE_CURVE('',#4499,#4479,#3299,.T.);
#9482=ADVANCED_FACE('',(#9481),#9472,.F.);
#9489=EDGE_CURVE('',#4494,#4498,#3290,.T.);
#9492=EDGE_CURVE('',#4495,#4499,#3286,.T.);
#9496=ADVANCED_FACE('',(#9495),#9487,.F.);
#9504=EDGE_CURVE('',#4498,#4499,#3295,.T.);
#9509=ADVANCED_FACE('',(#9508),#9501,.F.);
#9521=ADVANCED_FACE('',(#9520),#9514,.F.);
#9527=EDGE_CURVE('',#4507,#4506,#3304,.T.);
#9529=EDGE_CURVE('',#4506,#4482,#3308,.T.);
#9532=EDGE_CURVE('',#4507,#4483,#3325,.T.);
#9536=ADVANCED_FACE('',(#9535),#9526,.F.);
#9543=EDGE_CURVE('',#4502,#4506,#3316,.T.);
#9546=EDGE_CURVE('',#4503,#4507,#3312,.T.);
#9550=ADVANCED_FACE('',(#9549),#9541,.F.);
#9558=EDGE_CURVE('',#4506,#4507,#3321,.T.);
#9563=ADVANCED_FACE('',(#9562),#9555,.F.);
#9575=ADVANCED_FACE('',(#9574),#9568,.F.);
#9587=ADVANCED_FACE('',(#9586),#9580,.F.);
#9594=EDGE_CURVE('',#4253,#4238,#3336,.T.);
#9600=ADVANCED_FACE('',(#9599),#9592,.F.);
#9615=ADVANCED_FACE('',(#9614),#9605,.F.);
#9622=EDGE_CURVE('',#4229,#4277,#3344,.T.);
#9624=EDGE_CURVE('',#4279,#4277,#3366,.T.);
#9626=EDGE_CURVE('',#4228,#4279,#3348,.T.);
#9630=ADVANCED_FACE('',(#9629),#9620,.F.);
#9638=EDGE_CURVE('',#4277,#4279,#3353,.T.);
#9643=ADVANCED_FACE('',(#9642),#9635,.F.);
#9649=EDGE_CURVE('',#4277,#4281,#3361,.T.);
#9652=EDGE_CURVE('',#4279,#4281,#3357,.T.);
#9656=ADVANCED_FACE('',(#9655),#9648,.F.);
#9667=ADVANCED_FACE('',(#9666),#9661,.F.);
#9674=EDGE_CURVE('',#4389,#4401,#3386,.T.);
#9676=EDGE_CURVE('',#4388,#4401,#3446,.T.);
#9680=ADVANCED_FACE('',(#9679),#9672,.T.);
#9687=EDGE_CURVE('',#4403,#4391,#3424,.T.);
#9689=EDGE_CURVE('',#4403,#4390,#3405,.T.);
#9693=ADVANCED_FACE('',(#9692),#9685,.T.);
#9704=ADVANCED_FACE('',(#9703),#9698,.T.);
#9715=ADVANCED_FACE('',(#9714),#9709,.T.);
#9794=EDGE_CURVE('',#4292,#4316,#3467,.T.);
#9800=ADVANCED_FACE('',(#9799),#9792,.F.);
#9881=EDGE_CURVE('',#4333,#4289,#3517,.T.);
#9885=ADVANCED_FACE('',(#9884),#9877,.F.);
#9965=EDGE_CURVE('',#4288,#4289,#3589,.T.);
#9970=ADVANCED_FACE('',(#9969),#9962,.F.);
#10054=ADVANCED_FACE('',(#10053),#10047,.F.);
#10202=ADVANCED_FACE('',(#10201),#10195,.F.);
#10350=ADVANCED_FACE('',(#10349),#10343,.F.);
#10498=ADVANCED_FACE('',(#10497),#10491,.F.);
#10646=ADVANCED_FACE('',(#10645),#10639,.F.);
#10659=ADVANCED_FACE('',(#10658),#10651,.T.);
#10672=ADVANCED_FACE('',(#10671),#10664,.T.);
#10678=EDGE_CURVE('',#3880,#3881,#3789,.T.);
#10680=EDGE_CURVE('',#3880,#3884,#3794,.T.);
#10682=EDGE_CURVE('',#3884,#3885,#3798,.T.);
#10687=ADVANCED_FACE('',(#10686),#10677,.T.);
#10696=EDGE_CURVE('',#3880,#3884,#3803,.T.);
#10700=ADVANCED_FACE('',(#10699),#10692,.T.);
#10710=EDGE_CURVE('',#3904,#3905,#3808,.T.);
#10712=EDGE_CURVE('',#3905,#3904,#3813,.T.);
#10716=ADVANCED_FACE('',(#10709,#10715),#10705,.F.);
#10722=EDGE_CURVE('',#3905,#3967,#3826,.T.);
#10724=EDGE_CURVE('',#3969,#3967,#3818,.T.);
#10726=EDGE_CURVE('',#3904,#3969,#3822,.T.);
#10731=ADVANCED_FACE('',(#10730),#10721,.F.);
#10740=EDGE_CURVE('',#3967,#3969,#3831,.T.);
#10744=ADVANCED_FACE('',(#10743),#10736,.F.);
#10750=EDGE_CURVE('',#3947,#3949,#3836,.T.);
#10752=EDGE_CURVE('',#3967,#3947,#3869,.T.);
#10755=EDGE_CURVE('',#3969,#3949,#3864,.T.);
#10759=ADVANCED_FACE('',(#10758),#10749,.T.);
#10765=EDGE_CURVE('',#3888,#3947,#3845,.T.);
#10768=EDGE_CURVE('',#3889,#3949,#3854,.T.);
#10770=EDGE_CURVE('',#3888,#3889,#3841,.T.);
#10774=ADVANCED_FACE('',(#10773),#10764,.F.);
#10781=EDGE_CURVE('',#3888,#3889,#3850,.T.);
#10784=EDGE_CURVE('',#3949,#3947,#3859,.T.);
#10788=ADVANCED_FACE('',(#10787),#10779,.F.);
#10798=ADVANCED_FACE('',(#10797),#10793,.F.);
#10810=ADVANCED_FACE('',(#10809),#10803,.T.);
#10813=(LENGTH_UNIT()NAMED_UNIT(*)SI_UNIT(.MILLI.,.METRE.));
#10814=(NAMED_UNIT(*)PLANE_ANGLE_UNIT()SI_UNIT($,.RADIAN.));
#10817=(NAMED_UNIT(*)SI_UNIT($,.STERADIAN.)SOLID_ANGLE_UNIT());
#10819=(GEOMETRIC_REPRESENTATION_CONTEXT(3)GLOBAL_UNCERTAINTY_ASSIGNED_CONTEXT((
#10818))GLOBAL_UNIT_ASSIGNED_CONTEXT((#10813,#10816,#10817))REPRESENTATION_CONTEXT('ID1','3'));
#10820=ADVANCED_BREP_SHAPE_REPRESENTATION('',(#10812),#10819);
#10827=PRODUCT_DEFINITION('part definition','',#10826,#10823);
#10828=PRODUCT_DEFINITION_SHAPE('','SHAPE FOR SA1215-S3.',#10827);
#10829=SHAPE_ASPECT('','solid data associated with SA1215-S3',#10828,.F.);
#10830=PROPERTY_DEFINITION('',
'shape for solid data with which properties are associated',#10829);
#10831=SHAPE_REPRESENTATION('',(#10812),#10819);
#10832=SHAPE_DEFINITION_REPRESENTATION(#10830,#10831);
#10833=(LENGTH_UNIT()NAMED_UNIT(*)SI_UNIT(.MILLI.,.METRE.));
#10837=PROPERTY_DEFINITION('geometric validation property','area of SA1215-S3',
#10829);
#10838=REPRESENTATION('surface area',(#10836),#10819);
#10839=PROPERTY_DEFINITION_REPRESENTATION(#10837,#10838);
#10840=(LENGTH_UNIT()NAMED_UNIT(*)SI_UNIT(.MILLI.,.METRE.));
#10844=PROPERTY_DEFINITION('geometric validation property',
'volume of SA1215-S3',#10829);
#10845=REPRESENTATION('volume',(#10843),#10819);
#10846=PROPERTY_DEFINITION_REPRESENTATION(#10844,#10845);
#10848=PROPERTY_DEFINITION('geometric validation property',
'centroid of SA1215-S3',#10829);
#10849=REPRESENTATION('centroid',(#10847),#10819);
#10850=PROPERTY_DEFINITION_REPRESENTATION(#10848,#10849);
#10851=(LENGTH_UNIT()NAMED_UNIT(*)SI_UNIT(.MILLI.,.METRE.));
#10855=PROPERTY_DEFINITION('geometric validation property','area of SA1215-S3',
#10828);
#10856=REPRESENTATION('surface area',(#10854),#10819);
#10857=PROPERTY_DEFINITION_REPRESENTATION(#10855,#10856);
#10858=(LENGTH_UNIT()NAMED_UNIT(*)SI_UNIT(.MILLI.,.METRE.));
#10862=PROPERTY_DEFINITION('geometric validation property',
'volume of SA1215-S3',#10828);
#10863=REPRESENTATION('volume',(#10861),#10819);
#10864=PROPERTY_DEFINITION_REPRESENTATION(#10862,#10863);
#10866=PROPERTY_DEFINITION('geometric validation property',
'centroid of SA1215-S3',#10828);
#10867=REPRESENTATION('centroid',(#10865),#10819);
#10868=PROPERTY_DEFINITION_REPRESENTATION(#10866,#10867);
#10869=SHAPE_DEFINITION_REPRESENTATION(#10828,#10820);
ENDSEC;
END-ISO-10303-21;
